age,juv_fel_count,juv_misd_count,juv_other_count,priors_count,days_b_screening_arrest,Class
34,0,0,0,0,-1.0,1
31,0,0,0,6,-1.0,1
27,0,0,0,8,-1.0,1
27,0,0,0,8,-1.0,1
27,0,0,0,8,-1.0,1
27,0,0,0,8,-1.0,1
33,0,0,0,0,0.0,1
33,0,0,0,0,0.0,1
25,0,0,0,9,-1.0,1
35,1,0,4,13,-1.0,1
45,0,0,0,6,-1.0,1
45,0,0,0,6,-1.0,1
26,0,0,0,1,-1.0,1
27,0,0,0,1,-43.0,1
30,0,0,0,8,-1.0,1
30,0,0,0,8,-1.0,1
30,0,0,0,8,-1.0,1
25,1,6,1,14,-1.0,1
25,1,6,1,14,-1.0,1
25,1,6,1,14,-1.0,1
25,1,6,1,14,-1.0,1
25,1,6,1,14,-1.0,1
20,0,0,0,0,-1.0,1
25,0,0,0,9,-1.0,1
25,0,0,0,9,-1.0,1
19,0,0,0,1,-10.0,1
39,0,0,0,0,-1.0,1
31,0,0,0,13,-1.0,1
30,0,0,0,4,-35.0,1
32,0,0,0,11,-2.0,1
32,0,0,0,11,-2.0,1
33,0,0,0,8,-1.0,1
32,0,0,0,4,-7.0,1
28,0,0,0,6,-1.0,1
66,0,0,0,3,-10.0,1
37,0,0,0,2,0.0,1
23,0,0,0,0,-1.0,1
43,0,0,0,11,49.0,1
51,0,0,0,0,-1.0,1
37,0,0,0,0,-1.0,1
30,0,0,2,11,-1.0,1
30,0,0,2,11,-1.0,1
24,0,0,0,1,-32.0,1
20,0,0,0,1,-1.0,1
27,0,0,0,0,-1.0,1
26,0,0,0,1,-1.0,1
33,0,0,0,1,-93.0,1
24,0,1,0,9,-1.0,1
24,0,1,0,2,-1.0,1
24,0,1,0,2,-1.0,1
24,0,1,0,2,-1.0,1
24,0,1,0,2,-1.0,1
28,0,0,0,2,0.0,1
32,0,1,0,12,-1.0,1
32,0,1,0,12,-1.0,1
34,0,0,0,2,47.0,1
22,0,0,0,4,-1.0,1
48,1,0,0,23,-1.0,1
27,0,0,0,9,-1.0,1
27,0,0,0,9,-1.0,1
27,0,0,0,9,-1.0,1
29,0,0,0,0,0.0,1
25,0,0,0,2,-1.0,1
24,0,0,0,1,-1.0,1
20,0,0,1,0,-1.0,1
27,0,0,0,13,-1.0,1
28,0,0,0,1,0.0,1
26,1,1,0,10,-1.0,1
26,1,1,0,10,-1.0,1
23,1,2,2,6,-1.0,1
23,1,2,2,6,-1.0,1
20,0,0,0,1,0.0,1
20,0,0,0,1,0.0,1
20,0,0,0,1,0.0,1
20,0,0,0,1,0.0,1
20,0,0,0,1,0.0,1
20,0,0,0,1,0.0,1
24,0,0,1,6,0.0,1
21,0,0,4,2,-1.0,1
29,0,0,0,0,0.0,1
29,0,0,0,4,-1.0,1
29,0,0,0,4,-1.0,1
29,0,0,0,4,-53.0,1
55,0,0,0,0,61.0,1
32,0,0,0,1,-7.0,1
24,0,0,1,9,-23.0,1
24,0,0,1,9,-23.0,1
24,0,0,1,9,-23.0,1
24,0,0,1,9,-23.0,1
21,0,2,0,3,0.0,1
21,0,2,0,3,0.0,1
22,0,1,0,3,-11.0,1
28,8,0,1,16,-1.0,1
28,8,0,1,16,-1.0,1
35,0,0,0,6,-1.0,1
30,0,0,1,5,-1.0,1
30,0,0,1,5,-1.0,1
25,0,0,0,0,-1.0,1
27,0,0,0,3,-1.0,1
22,0,0,0,11,0.0,1
22,0,0,0,11,0.0,1
22,0,0,0,11,0.0,1
22,0,0,0,11,0.0,1
22,0,0,0,11,0.0,1
22,0,0,0,11,0.0,1
22,0,0,0,11,0.0,1
27,0,0,0,6,-1.0,1
27,0,0,0,6,-1.0,1
25,0,0,0,4,-1.0,1
25,0,0,0,4,-1.0,1
58,0,0,0,4,-14.0,1
22,0,0,0,2,-40.0,1
27,0,0,0,13,-1.0,1
38,0,0,0,1,-1.0,1
35,0,0,1,1,-1.0,1
65,0,0,0,2,-18.0,1
30,0,0,0,4,-1.0,1
36,0,0,0,0,-1.0,1
23,0,0,1,2,0.0,1
23,0,0,1,2,0.0,1
21,0,0,1,0,-1.0,1
27,0,1,0,10,0.0,1
27,0,1,0,10,0.0,1
27,0,1,0,10,0.0,1
26,0,0,0,1,0.0,1
26,0,0,0,1,0.0,1
26,0,0,0,1,0.0,1
25,0,0,0,0,-1.0,1
23,0,0,1,6,-1.0,1
23,0,0,1,6,-1.0,1
23,0,0,1,6,-1.0,1
23,0,0,1,6,-1.0,1
23,0,0,1,6,-1.0,1
23,0,0,1,6,-1.0,1
27,0,0,0,4,0.0,1
21,0,2,1,2,-1.0,1
32,0,0,1,22,0.0,1
26,0,0,0,2,-38.0,1
24,0,0,0,1,0.0,1
28,0,0,0,14,-1.0,1
28,0,0,0,14,-1.0,1
32,0,0,0,1,-1.0,1
21,0,0,0,0,-1.0,1
21,0,0,0,0,-1.0,1
21,0,0,0,0,-1.0,1
21,0,0,0,0,-1.0,1
25,0,1,1,3,-1.0,1
48,1,0,0,25,-1.0,1
48,1,0,0,25,-1.0,1
22,0,0,1,1,28.0,1
22,0,0,1,1,28.0,1
22,0,0,1,1,28.0,1
22,0,0,1,1,28.0,1
22,0,0,1,1,28.0,1
22,0,0,1,1,28.0,1
52,1,0,0,9,-1.0,1
26,0,0,0,5,-1.0,1
26,0,0,0,5,-1.0,1
26,0,0,0,5,-1.0,1
26,0,0,0,5,-1.0,1
37,0,0,0,6,-1.0,1
37,0,0,0,6,-1.0,1
26,0,1,0,4,-1.0,1
26,0,1,0,4,-1.0,1
30,0,0,0,5,-1.0,1
25,0,0,0,0,-1.0,1
39,0,0,0,13,-1.0,1
39,0,0,0,13,-1.0,1
26,0,0,0,9,-1.0,1
26,0,0,0,9,-1.0,1
32,0,0,0,3,-1.0,1
26,0,0,0,4,-52.0,1
28,0,0,0,4,-1.0,1
21,0,0,0,2,-1.0,1
32,0,0,0,19,-1.0,1
32,0,0,0,19,-1.0,1
23,0,0,0,5,-45.0,1
32,0,0,0,14,-1.0,1
32,0,0,0,14,-1.0,1
32,0,0,0,14,-1.0,1
32,0,0,0,14,-1.0,1
32,0,0,0,14,-1.0,1
32,0,0,0,14,-1.0,1
22,1,1,0,6,-1.0,1
33,0,0,0,7,0.0,1
24,0,0,0,2,48.0,1
24,0,0,0,2,48.0,1
24,0,0,0,2,48.0,1
54,0,0,0,4,-1.0,1
22,0,0,0,2,-1.0,1
22,0,0,0,2,-1.0,1
22,0,0,0,2,-1.0,1
22,0,0,0,2,-1.0,1
22,0,0,0,2,-1.0,1
26,0,0,0,0,-1.0,1
26,0,0,0,0,-1.0,1
26,0,0,0,0,-1.0,1
21,0,0,0,1,-18.0,1
21,0,0,0,1,-18.0,1
23,0,0,0,2,-1.0,1
30,0,0,0,6,-1.0,1
30,0,0,0,6,-1.0,1
27,0,0,0,3,88.0,1
35,0,1,0,17,-1.0,1
35,0,1,0,17,-1.0,1
35,0,1,0,17,-1.0,1
20,1,0,1,1,-51.0,1
27,2,1,0,5,76.0,1
43,0,0,0,0,-1.0,1
21,0,0,0,0,-5.0,1
21,0,0,0,0,-5.0,1
21,0,0,0,0,-5.0,1
21,0,0,0,0,-5.0,1
21,0,0,0,0,-5.0,1
21,0,0,0,0,-5.0,1
47,0,0,0,1,-1.0,1
49,0,0,0,1,0.0,1
24,0,0,2,1,0.0,1
27,0,0,1,9,-1.0,1
23,0,0,0,1,0.0,1
23,0,0,0,1,0.0,1
29,0,0,0,7,-67.0,1
29,0,0,0,7,-67.0,1
23,0,0,0,3,-1.0,1
23,0,0,0,3,-1.0,1
33,0,0,0,4,-1.0,1
43,0,0,0,9,-1.0,1
43,0,0,0,9,-1.0,1
43,0,0,0,9,-1.0,1
25,0,1,0,11,-1.0,1
56,0,0,0,1,-60.0,1
25,0,0,0,7,0.0,1
25,0,0,0,7,0.0,1
27,0,0,0,3,-1.0,1
25,0,0,0,1,-1.0,1
25,0,0,0,1,-1.0,1
20,0,0,0,0,-1.0,1
32,0,0,0,4,-1.0,1
28,0,0,0,7,-1.0,1
28,0,0,0,7,-1.0,1
28,0,0,0,7,-1.0,1
28,0,0,0,7,-1.0,1
34,0,0,0,0,-1.0,1
20,0,8,1,8,-1.0,1
20,0,8,1,8,-1.0,1
20,0,8,1,8,-1.0,1
20,0,8,1,8,-1.0,1
42,0,0,0,0,31.0,1
24,1,1,0,8,-54.0,1
24,1,1,0,8,-54.0,1
24,1,1,0,8,-54.0,1
29,1,1,1,4,0.0,1
29,1,1,1,4,0.0,1
20,0,0,0,0,-1.0,1
26,0,0,0,5,-1.0,1
29,0,0,0,7,-1.0,1
51,0,0,0,7,-1.0,1
25,0,3,1,15,-1.0,1
43,0,0,0,4,0.0,1
22,0,0,0,1,-1.0,1
20,0,0,2,0,-1.0,1
20,0,0,2,0,-1.0,1
20,0,0,2,0,-1.0,1
37,0,0,0,0,-4.0,1
37,0,0,0,0,-4.0,1
38,0,0,0,14,-1.0,1
38,0,0,0,14,-1.0,1
38,0,0,0,14,-1.0,1
27,0,0,0,3,-1.0,1
22,0,0,0,3,-1.0,1
22,0,0,0,3,-1.0,1
22,0,0,0,3,-1.0,1
53,0,0,0,0,0.0,1
42,0,0,0,1,-1.0,1
39,0,0,0,1,-1.0,1
39,0,0,0,1,-1.0,1
43,0,0,0,1,-1.0,1
43,0,0,0,1,-1.0,1
22,0,0,0,0,-1.0,1
32,0,0,0,2,0.0,1
22,0,0,0,3,20.0,1
61,0,0,0,3,0.0,1
61,0,0,0,3,0.0,1
24,0,5,0,12,0.0,1
24,0,5,0,12,0.0,1
24,0,5,0,12,0.0,1
31,3,0,0,6,-1.0,1
21,0,0,0,0,-1.0,1
21,0,0,0,0,-1.0,1
54,0,0,0,14,-1.0,1
54,0,0,0,14,-1.0,1
25,0,0,1,5,-1.0,1
25,0,0,1,5,-1.0,1
25,0,0,0,8,-1.0,1
25,0,0,0,8,-1.0,1
20,0,2,1,3,-1.0,1
20,0,2,1,3,-1.0,1
21,0,0,0,5,-10.0,1
31,0,0,0,2,-1.0,1
33,0,0,0,7,-1.0,1
33,0,0,0,7,-1.0,1
36,0,0,0,1,30.0,1
28,0,0,0,4,0.0,1
28,0,0,0,4,0.0,1
34,0,0,0,2,-49.0,1
21,0,0,0,0,0.0,1
28,0,0,0,0,0.0,1
43,0,0,0,11,16.0,1
43,0,0,0,11,16.0,1
24,0,2,1,8,-1.0,1
45,0,0,0,8,-1.0,1
45,0,0,0,8,-1.0,1
32,0,0,0,1,-1.0,1
21,0,0,0,1,-1.0,1
32,1,3,0,24,-1.0,1
19,0,0,0,0,-1.0,1
25,0,0,0,4,-46.0,1
30,0,0,0,1,-1.0,1
30,0,0,0,1,-1.0,1
21,0,0,0,0,-2.0,1
21,0,0,0,0,-2.0,1
31,0,0,0,1,-1.0,1
51,0,0,0,0,0.0,1
51,0,0,0,0,0.0,1
26,0,0,0,7,-1.0,1
33,0,0,0,7,-1.0,1
33,0,0,0,7,-1.0,1
19,1,0,0,1,-12.0,1
27,0,0,0,0,-1.0,1
27,0,0,0,0,-1.0,1
30,1,0,0,5,-1.0,1
23,0,1,1,1,-1.0,1
23,0,1,1,1,-1.0,1
32,0,0,0,2,-27.0,1
34,0,0,1,3,-1.0,1
25,20,0,0,24,-1.0,1
21,0,0,0,3,34.0,1
21,0,0,0,3,34.0,1
29,0,1,0,13,0.0,1
26,0,0,0,9,-1.0,1
44,2,0,0,19,-17.0,1
24,0,0,0,11,-15.0,1
26,2,1,0,8,-85.0,1
26,2,1,0,8,-85.0,1
22,0,0,0,0,0.0,1
22,0,0,0,0,-1.0,1
23,0,0,0,0,0.0,1
35,0,0,0,7,-23.0,1
22,0,0,0,2,-1.0,1
22,0,0,0,2,-1.0,1
22,0,0,0,2,-1.0,1
24,0,0,0,2,-1.0,1
24,0,0,0,2,-1.0,1
24,0,0,0,2,-1.0,1
21,0,0,0,1,-1.0,1
21,0,0,0,1,-1.0,1
59,0,0,0,3,0.0,1
59,0,0,0,3,0.0,1
57,0,0,0,8,-1.0,1
38,0,0,0,0,-1.0,1
21,0,0,1,0,-1.0,1
24,0,0,0,1,-1.0,1
48,0,0,0,2,-1.0,1
48,0,0,0,2,-1.0,1
48,0,0,0,2,-1.0,1
37,0,0,0,0,-1.0,1
29,0,0,1,7,-1.0,1
21,0,0,0,0,-1.0,1
21,0,0,0,0,-1.0,1
21,0,0,0,0,-1.0,1
21,0,0,0,0,-1.0,1
22,0,0,2,5,-2.0,1
22,0,0,2,5,-2.0,1
22,0,0,2,5,-2.0,1
22,0,0,2,5,-2.0,1
22,0,0,2,0,-1.0,1
22,0,0,2,0,-1.0,1
35,0,0,0,1,0.0,1
22,0,0,0,3,-1.0,1
29,0,0,0,4,-1.0,1
29,0,0,0,4,-1.0,1
29,0,0,0,12,-1.0,1
29,0,0,0,12,-1.0,1
29,0,0,0,12,-1.0,1
29,0,0,0,12,-1.0,1
29,0,0,0,12,-1.0,1
30,0,0,0,3,-1.0,1
30,0,0,0,3,-1.0,1
21,1,0,0,1,81.0,1
21,1,0,0,1,81.0,1
21,1,0,0,1,81.0,1
39,0,0,0,3,-1.0,1
38,0,5,0,37,-1.0,1
20,1,0,0,1,-37.0,1
38,0,0,0,2,0.0,1
35,0,0,0,6,-10.0,1
35,0,0,0,6,-10.0,1
35,0,0,0,6,-10.0,1
52,0,0,0,1,1.0,1
21,0,0,0,0,-1.0,1
36,0,0,0,3,-1.0,1
27,0,0,0,25,18.0,1
21,0,1,0,1,0.0,1
37,0,0,0,1,-1.0,1
30,0,3,2,14,0.0,1
30,0,3,2,14,0.0,1
26,0,0,0,5,-1.0,1
28,0,0,0,1,-1.0,1
26,0,3,0,8,-1.0,1
25,0,0,0,0,0.0,1
20,0,0,1,0,-1.0,1
24,0,0,0,1,-1.0,1
40,0,0,0,0,-1.0,1
30,0,0,0,1,0.0,1
24,0,0,3,3,-1.0,1
35,0,0,0,10,0.0,1
24,0,1,3,4,-1.0,1
24,0,1,3,4,-1.0,1
26,0,0,0,4,0.0,1
26,0,0,0,4,0.0,1
41,0,0,0,12,-45.0,1
37,0,0,0,9,0.0,1
26,0,1,2,5,-1.0,1
26,0,1,2,5,-1.0,1
19,0,0,0,0,-1.0,1
42,0,0,0,7,-1.0,1
27,0,0,0,8,-1.0,1
27,0,0,0,8,-1.0,1
26,0,0,0,9,0.0,1
26,0,0,0,9,0.0,1
26,0,0,0,9,0.0,1
23,0,0,0,5,-1.0,1
21,0,0,0,0,-1.0,1
30,0,0,0,9,-1.0,1
30,0,0,0,9,-1.0,1
54,0,0,0,0,0.0,1
54,0,0,0,0,0.0,1
50,0,0,0,2,-1.0,1
26,1,0,0,3,-1.0,1
26,1,0,0,3,-1.0,1
26,1,0,0,3,-1.0,1
43,0,0,0,4,0.0,1
23,0,0,4,4,0.0,1
23,0,0,4,4,0.0,1
24,0,0,0,0,0.0,1
24,0,0,0,0,0.0,1
24,0,0,0,0,0.0,1
24,0,0,0,0,0.0,1
31,0,2,0,8,-1.0,1
31,0,2,0,8,-1.0,1
33,0,0,0,7,-1.0,1
44,0,0,0,6,-1.0,1
41,0,0,0,25,-1.0,1
41,0,0,0,25,-1.0,1
30,0,0,0,0,-1.0,1
19,0,0,0,0,-1.0,1
19,1,0,1,1,-40.0,1
19,1,0,1,1,-40.0,1
19,1,0,1,1,-40.0,1
19,1,0,1,1,-40.0,1
54,0,0,0,0,0.0,1
38,0,0,0,20,-1.0,1
38,0,0,0,20,-1.0,1
38,0,0,0,20,-1.0,1
38,0,0,0,20,-1.0,1
38,0,0,0,20,-1.0,1
38,0,0,0,20,-1.0,1
31,0,0,0,0,-2.0,1
35,0,0,0,2,0.0,1
30,0,0,0,9,-1.0,1
31,0,1,1,4,0.0,1
31,0,1,1,4,0.0,1
36,0,0,0,5,-1.0,1
34,0,0,0,0,-1.0,1
49,0,0,0,0,-1.0,1
21,0,0,0,0,16.0,1
22,0,1,1,3,0.0,1
28,0,1,0,14,29.0,1
28,0,1,0,14,29.0,1
23,0,0,0,0,-1.0,1
23,0,0,0,0,-1.0,1
23,0,0,0,0,-1.0,1
42,0,0,0,1,0.0,1
42,0,0,0,1,0.0,1
50,0,0,2,24,0.0,1
50,0,0,2,24,0.0,1
50,0,0,2,24,0.0,1
50,0,0,2,24,0.0,1
41,0,0,0,19,-1.0,1
40,0,0,0,8,-1.0,1
35,0,0,0,3,0.0,1
28,0,1,0,6,-1.0,1
28,0,1,0,6,-1.0,1
56,0,0,0,0,-2.0,1
56,0,0,0,0,-2.0,1
47,0,0,0,1,-1.0,1
20,0,0,0,0,-2.0,1
25,0,0,0,2,-1.0,1
25,0,0,0,2,-1.0,1
25,0,0,0,2,-1.0,1
25,0,0,0,2,-1.0,1
26,0,0,0,9,-1.0,1
26,0,0,0,9,-1.0,1
26,0,0,0,9,-1.0,1
26,0,0,0,9,-1.0,1
26,0,0,0,9,-1.0,1
26,0,0,0,9,-1.0,1
26,0,0,0,9,-1.0,1
26,0,0,0,9,-1.0,1
26,0,0,0,9,-1.0,1
26,0,0,0,9,-1.0,1
26,0,0,0,9,-1.0,1
29,0,0,0,1,82.0,1
34,0,0,0,1,-1.0,1
32,0,0,0,6,-1.0,1
25,0,0,0,1,-1.0,1
25,0,0,0,1,-1.0,1
24,0,0,0,1,-1.0,1
30,0,0,0,3,0.0,1
27,0,0,0,2,0.0,1
41,0,0,0,2,46.0,1
41,0,0,0,2,46.0,1
25,0,0,0,0,-1.0,1
31,0,0,0,9,0.0,1
31,0,0,0,9,0.0,1
31,0,0,0,9,0.0,1
31,0,0,0,3,-1.0,1
32,0,0,0,2,0.0,1
55,0,0,0,0,-1.0,1
28,1,0,0,7,-1.0,1
28,1,0,0,7,-1.0,1
28,1,0,0,7,-1.0,1
39,0,0,2,10,-1.0,1
32,0,1,3,12,-1.0,1
32,0,1,3,12,-1.0,1
35,0,0,0,2,0.0,1
25,0,0,0,0,0.0,1
25,0,0,0,0,0.0,1
21,0,0,0,0,-1.0,1
35,0,0,0,5,0.0,1
50,0,0,0,11,-31.0,1
57,0,0,0,23,-1.0,1
57,0,0,0,23,-1.0,1
29,0,1,0,2,-1.0,1
22,0,0,0,5,-91.0,1
22,0,0,0,5,-91.0,1
31,0,0,0,6,-39.0,1
31,0,0,0,6,-39.0,1
31,0,0,0,6,-39.0,1
31,0,0,0,6,-39.0,1
26,0,0,0,2,0.0,1
26,0,0,0,2,0.0,1
50,0,0,0,3,0.0,1
34,0,0,0,6,-1.0,1
34,0,0,0,6,-1.0,1
24,0,0,0,3,-1.0,1
24,0,0,0,3,-1.0,1
29,0,0,0,6,-3.0,1
29,0,0,0,6,-3.0,1
24,0,0,0,1,-1.0,1
24,1,0,1,9,-7.0,1
23,0,1,0,7,-1.0,1
49,0,0,0,1,-1.0,1
49,0,0,0,1,-1.0,1
50,0,0,0,0,0.0,1
28,0,2,0,21,-1.0,1
20,0,1,0,1,0.0,1
56,0,0,0,10,-1.0,1
38,0,0,0,19,-4.0,1
38,0,0,0,19,-4.0,1
38,0,0,0,19,-4.0,1
21,0,0,0,1,-1.0,1
45,0,0,0,13,-1.0,1
45,0,0,0,13,-1.0,1
23,0,0,1,0,0.0,1
28,0,0,0,2,-1.0,1
23,0,2,0,7,0.0,1
23,0,2,0,7,0.0,1
23,0,2,0,7,0.0,1
24,0,0,0,2,-1.0,1
26,1,3,0,24,-1.0,1
46,0,0,0,0,-1.0,1
46,0,0,0,0,-1.0,1
38,0,0,0,1,-1.0,1
38,0,0,0,1,-1.0,1
27,0,0,0,8,53.0,1
27,0,0,0,8,53.0,1
27,0,0,0,8,53.0,1
40,0,0,0,5,0.0,1
33,1,0,0,9,72.0,1
31,0,0,0,3,-1.0,1
31,0,0,0,3,-1.0,1
28,0,0,0,18,-1.0,1
28,0,0,0,18,-1.0,1
36,0,0,0,5,0.0,1
36,0,0,0,5,0.0,1
37,0,0,0,0,-1.0,1
23,0,0,0,0,-1.0,1
23,0,0,0,0,-1.0,1
44,0,0,0,0,-1.0,1
52,0,0,0,5,-1.0,1
58,0,0,0,1,-1.0,1
58,0,0,0,1,-1.0,1
19,0,0,0,1,-1.0,1
34,0,0,0,0,-1.0,1
23,0,0,0,2,16.0,1
23,0,0,0,2,16.0,1
21,0,0,0,1,-1.0,1
21,0,0,0,1,-1.0,1
21,0,0,0,1,-1.0,1
21,0,0,0,1,-1.0,1
21,0,0,0,1,-1.0,1
43,0,0,0,3,9.0,1
43,0,0,0,3,9.0,1
36,0,0,0,3,-1.0,1
34,1,0,0,21,-1.0,1
25,1,2,0,9,43.0,1
25,1,2,0,9,43.0,1
25,1,2,0,9,43.0,1
25,1,2,0,9,43.0,1
25,1,2,0,9,43.0,1
25,1,2,0,9,43.0,1
25,1,2,0,9,43.0,1
45,0,0,0,3,-1.0,1
24,0,4,0,14,-1.0,1
33,0,0,0,0,0.0,1
35,0,0,0,5,-1.0,1
35,0,0,0,5,-1.0,1
26,0,0,0,11,64.0,1
26,0,0,0,11,64.0,1
24,0,0,3,3,-1.0,1
37,0,0,0,11,-1.0,1
37,0,0,0,11,-1.0,1
37,0,0,0,4,0.0,1
37,0,0,0,4,0.0,1
37,0,0,0,4,0.0,1
33,0,0,0,2,-1.0,1
33,0,0,0,2,-1.0,1
35,0,0,0,6,-1.0,1
23,0,0,0,6,0.0,1
23,0,0,0,6,0.0,1
23,0,0,0,6,0.0,1
23,0,0,0,6,0.0,1
23,0,0,0,6,0.0,1
23,0,0,0,6,0.0,1
23,0,0,0,6,0.0,1
23,0,0,0,6,0.0,1
23,0,0,0,6,0.0,1
23,0,0,0,6,0.0,1
32,0,0,0,7,0.0,1
32,0,0,0,7,0.0,1
32,0,0,0,7,0.0,1
32,0,0,0,7,0.0,1
32,0,0,0,7,0.0,1
32,0,0,0,7,0.0,1
32,0,0,0,7,0.0,1
32,0,0,0,7,0.0,1
35,0,0,0,5,-1.0,1
47,0,0,0,5,0.0,1
63,0,0,0,10,0.0,1
63,0,0,0,10,0.0,1
38,0,1,0,16,-1.0,1
31,0,0,0,4,-1.0,1
31,0,0,0,4,-1.0,1
21,0,1,0,4,-1.0,1
39,0,2,0,22,-1.0,1
55,0,0,0,12,-69.0,1
36,2,0,0,4,-1.0,1
36,2,0,0,4,-1.0,1
35,0,0,0,3,-1.0,1
36,0,0,0,1,-1.0,1
36,0,0,0,1,-1.0,1
36,0,0,0,1,-1.0,1
42,0,0,0,10,-1.0,1
42,0,0,0,10,-1.0,1
40,0,0,0,0,-1.0,1
39,0,0,0,7,0.0,1
54,0,0,0,2,66.0,1
54,0,0,0,2,66.0,1
33,0,0,0,14,-1.0,1
32,0,0,0,1,-1.0,1
38,0,0,0,2,43.0,1
38,0,0,0,2,43.0,1
25,0,0,0,0,0.0,1
25,0,0,0,4,-1.0,1
30,0,0,0,6,-1.0,1
21,1,0,0,1,88.0,1
31,0,0,2,11,0.0,1
31,0,0,2,11,0.0,1
33,0,0,0,3,-16.0,1
23,0,0,0,2,-1.0,1
23,0,0,0,2,-1.0,1
23,0,0,0,2,-1.0,1
23,0,0,0,2,-1.0,1
33,0,0,0,0,-1.0,1
33,0,0,0,0,-1.0,1
33,0,0,0,0,-1.0,1
25,0,0,0,1,-1.0,1
27,0,0,0,4,-1.0,1
26,0,0,0,2,-1.0,1
30,0,0,0,10,0.0,1
30,0,0,0,10,0.0,1
55,0,0,0,5,-1.0,1
55,0,0,0,5,-1.0,1
55,0,0,0,5,-1.0,1
34,0,0,0,5,-1.0,1
46,0,0,0,1,-1.0,1
37,0,0,0,4,0.0,1
21,1,0,0,1,-1.0,1
22,0,0,0,0,-1.0,1
22,0,0,0,0,-1.0,1
22,0,0,0,0,-1.0,1
22,0,0,0,0,-1.0,1
44,0,0,0,0,-1.0,1
21,0,0,0,1,-1.0,1
21,0,0,0,1,-1.0,1
21,0,0,0,1,-1.0,1
21,0,0,0,1,-1.0,1
32,0,0,1,9,-1.0,1
32,0,0,1,9,-1.0,1
32,0,0,1,9,-1.0,1
38,0,0,0,9,-1.0,1
36,0,0,0,9,0.0,1
23,0,0,0,3,-1.0,1
51,0,0,0,0,-1.0,1
51,0,0,0,0,-1.0,1
51,0,0,0,0,-1.0,1
51,0,0,0,0,-1.0,1
35,0,0,0,3,-23.0,1
29,0,0,0,0,-1.0,1
26,0,0,0,4,0.0,1
55,0,0,0,0,-1.0,1
28,0,0,0,2,-1.0,1
28,0,0,0,2,-1.0,1
28,0,0,0,2,-1.0,1
24,0,0,0,1,-1.0,1
24,0,0,0,2,-1.0,1
25,0,0,0,5,-1.0,1
31,0,0,0,0,-1.0,1
29,0,0,0,4,-1.0,1
29,0,0,0,4,-1.0,1
29,0,0,0,4,-1.0,1
29,0,0,0,4,-1.0,1
23,0,0,2,3,-1.0,1
23,0,0,2,3,-1.0,1
21,0,0,0,0,0.0,1
58,0,0,0,4,0.0,1
23,0,0,0,0,-1.0,1
23,0,0,0,0,-1.0,1
23,0,0,0,0,-1.0,1
22,0,0,0,0,-1.0,1
43,0,0,0,0,0.0,1
43,0,0,0,0,0.0,1
29,0,0,0,7,-1.0,1
27,0,0,1,8,0.0,1
27,0,0,1,8,0.0,1
51,0,0,0,1,-2.0,1
51,0,0,0,1,-2.0,1
26,0,0,0,4,0.0,1
31,0,0,0,4,-1.0,1
31,0,0,0,4,-1.0,1
31,0,0,0,4,-1.0,1
31,0,0,0,4,-1.0,1
34,0,0,0,0,-1.0,1
34,0,0,0,0,-1.0,1
51,0,0,1,12,-1.0,1
25,0,0,0,0,-1.0,1
36,0,0,0,1,-1.0,1
21,0,1,0,1,-1.0,1
34,1,0,0,10,-1.0,1
24,0,0,0,15,-31.0,1
24,0,0,0,15,-31.0,1
24,0,0,0,15,-31.0,1
38,0,0,0,2,-1.0,1
24,0,0,0,0,-1.0,1
40,0,0,0,15,-1.0,1
26,0,0,0,4,-1.0,1
25,0,1,0,7,-1.0,1
25,0,1,0,7,-1.0,1
27,0,0,0,12,-1.0,1
27,0,0,0,12,-1.0,1
27,0,0,0,12,-1.0,1
47,0,0,0,0,-1.0,1
23,0,0,1,5,-1.0,1
23,0,0,1,5,-1.0,1
23,0,0,1,5,-1.0,1
23,0,0,1,5,-1.0,1
23,0,0,1,5,-1.0,1
23,0,0,1,5,-1.0,1
23,0,0,1,5,-1.0,1
23,0,0,1,5,-1.0,1
23,0,0,1,5,-1.0,1
23,0,0,1,5,-1.0,1
19,0,0,0,0,-1.0,1
32,0,0,0,0,-1.0,1
39,0,0,0,0,-3.0,1
24,0,0,0,2,0.0,1
24,0,0,0,2,0.0,1
23,0,0,0,0,-1.0,1
23,0,0,0,3,-1.0,1
21,0,0,0,0,-1.0,1
22,0,0,0,0,-1.0,1
31,0,0,0,0,0.0,1
30,0,1,0,9,-1.0,1
30,0,1,0,9,-1.0,1
27,0,0,0,0,-2.0,1
43,0,0,0,1,-1.0,1
23,0,0,0,1,-1.0,1
27,0,0,0,3,-1.0,1
23,0,1,0,4,0.0,1
32,0,0,0,0,0.0,1
33,0,0,0,16,0.0,1
28,0,0,0,2,3.0,1
26,0,1,0,6,-1.0,1
22,0,1,0,2,0.0,1
22,0,1,0,2,0.0,1
31,0,0,0,4,67.0,1
49,0,0,0,4,0.0,1
49,0,0,0,4,0.0,1
49,0,0,0,4,0.0,1
49,0,0,0,4,0.0,1
49,0,0,0,4,0.0,1
55,0,0,0,10,-1.0,1
55,0,0,0,10,-1.0,1
54,0,0,0,2,-29.0,1
54,0,0,0,2,-29.0,1
27,0,0,0,0,-1.0,1
36,0,0,0,4,85.0,1
36,0,0,0,4,85.0,1
40,0,0,0,4,-1.0,1
38,0,0,0,7,-1.0,1
38,0,0,0,7,-1.0,1
26,0,0,0,3,0.0,1
29,0,0,0,1,-1.0,1
33,0,1,0,6,-1.0,1
22,0,0,0,0,0.0,1
41,0,0,1,7,0.0,1
41,0,0,1,7,0.0,1
41,0,0,1,7,0.0,1
32,0,1,3,7,-1.0,1
32,0,1,3,7,-1.0,1
32,0,1,3,7,-1.0,1
24,0,0,0,1,-1.0,1
25,0,0,0,5,-1.0,1
25,0,0,0,5,-1.0,1
25,0,0,0,5,-1.0,1
25,0,0,0,5,-1.0,1
25,0,0,0,5,-1.0,1
24,0,0,0,1,-1.0,1
28,0,0,0,1,-1.0,1
41,1,1,0,24,-1.0,1
41,1,1,0,24,-1.0,1
25,0,1,0,6,0.0,1
39,0,0,0,0,-1.0,1
32,0,0,0,6,55.0,1
26,0,1,0,24,0.0,1
26,0,1,0,24,0.0,1
26,0,1,0,24,0.0,1
26,0,1,0,24,0.0,1
26,0,1,0,24,0.0,1
20,1,1,1,4,14.0,1
25,0,0,0,2,-1.0,1
57,0,0,0,8,-1.0,1
40,0,0,0,15,-1.0,1
40,0,0,0,15,-1.0,1
21,0,0,0,0,-1.0,1
20,0,0,0,0,-1.0,1
22,0,0,0,1,0.0,1
22,0,0,0,1,0.0,1
28,0,0,0,0,-1.0,1
29,0,0,0,0,-1.0,1
21,0,0,1,0,-1.0,1
26,0,0,0,3,0.0,1
21,0,0,0,0,-1.0,1
21,0,0,0,0,-1.0,1
49,0,0,0,4,-8.0,1
20,0,0,0,0,-1.0,1
26,0,0,0,1,-1.0,1
30,0,1,0,14,-79.0,1
30,0,1,0,14,-79.0,1
49,0,0,0,1,0.0,1
36,0,0,0,11,-1.0,1
41,0,0,0,1,-1.0,1
24,0,0,0,0,-1.0,1
28,0,0,0,8,-1.0,1
28,0,0,0,8,-1.0,1
28,0,0,0,8,-1.0,1
28,0,0,0,8,-1.0,1
20,0,0,1,2,-1.0,1
20,0,0,1,2,-1.0,1
20,0,0,1,2,-1.0,1
34,0,0,4,11,0.0,1
34,0,0,4,11,0.0,1
34,0,0,4,11,0.0,1
34,0,0,4,11,0.0,1
28,0,0,0,6,0.0,1
55,0,0,0,0,-1.0,1
55,0,0,0,0,-1.0,1
25,0,0,0,2,0.0,1
25,0,0,0,2,0.0,1
30,0,0,0,2,-1.0,1
30,0,0,0,2,-1.0,1
34,0,0,0,13,-1.0,1
34,0,0,0,13,-1.0,1
27,0,5,1,27,0.0,1
27,0,5,1,27,0.0,1
30,0,0,0,4,-1.0,1
40,0,0,0,11,-1.0,1
25,0,0,0,3,-1.0,1
29,0,0,0,8,-1.0,1
29,0,0,0,8,-1.0,1
23,0,0,0,2,-2.0,1
19,0,0,0,1,-1.0,1
25,0,0,0,6,39.0,1
25,0,0,0,6,39.0,1
25,0,0,0,6,39.0,1
68,0,0,0,7,-1.0,1
37,0,0,0,4,-18.0,1
37,0,0,0,0,-1.0,1
37,0,0,0,0,-1.0,1
29,4,1,0,10,-1.0,1
41,2,0,0,6,-1.0,1
41,2,0,0,6,-1.0,1
22,0,0,0,3,-35.0,1
31,1,1,1,13,-1.0,1
20,0,0,0,0,0.0,1
44,0,0,0,8,-1.0,1
31,0,1,0,5,-1.0,1
23,0,0,0,6,0.0,1
20,0,0,0,0,0.0,1
29,0,0,0,5,-1.0,1
21,0,2,1,3,-3.0,1
34,0,0,0,19,-76.0,1
34,0,0,0,19,-76.0,1
27,0,0,1,5,-1.0,1
27,0,0,1,5,-1.0,1
27,0,0,1,5,-1.0,1
24,0,0,0,0,-1.0,1
64,0,0,0,8,-4.0,1
31,0,0,0,3,-1.0,1
26,0,0,0,6,-1.0,1
26,0,0,0,6,-1.0,1
26,0,0,0,6,-1.0,1
28,0,0,0,5,-1.0,1
26,0,0,0,6,-1.0,1
37,0,0,0,6,-24.0,1
37,0,0,0,6,-24.0,1
46,0,0,0,3,-35.0,1
46,0,0,0,3,-35.0,1
53,0,0,0,3,-1.0,1
53,0,0,0,3,-1.0,1
21,1,0,0,1,-1.0,1
21,1,0,0,1,-1.0,1
26,1,0,0,10,-1.0,1
21,0,3,1,3,-1.0,1
43,0,0,0,15,-1.0,1
26,0,0,3,10,0.0,1
26,0,0,3,10,0.0,1
26,0,0,3,10,0.0,1
26,0,0,3,10,0.0,1
25,0,0,1,4,-1.0,1
25,0,0,1,4,-1.0,1
25,0,0,1,4,-1.0,1
19,0,0,0,0,-1.0,1
28,0,0,0,0,-1.0,1
34,0,0,0,0,-1.0,1
30,0,0,0,13,-1.0,1
22,0,0,0,0,-1.0,1
22,0,0,0,0,-1.0,1
23,0,0,0,0,-1.0,1
29,0,0,0,6,-1.0,1
29,0,0,0,0,-1.0,1
38,1,2,2,22,-34.0,1
38,1,2,2,22,-34.0,1
30,0,0,0,13,-1.0,1
48,0,0,0,2,-43.0,1
24,0,0,1,5,-22.0,1
35,0,0,0,1,-1.0,1
26,0,0,0,1,-30.0,1
26,0,0,0,1,-30.0,1
26,0,0,0,1,-30.0,1
26,0,0,0,1,-30.0,1
31,0,0,0,9,0.0,1
31,0,0,0,9,0.0,1
31,0,0,0,9,0.0,1
55,0,0,0,1,-1.0,1
21,0,0,1,2,-1.0,1
21,0,0,1,2,-1.0,1
21,0,0,1,2,-1.0,1
43,0,0,0,4,-26.0,1
43,0,0,0,4,-26.0,1
22,0,0,0,4,0.0,1
22,0,0,0,4,0.0,1
22,0,0,0,4,0.0,1
20,0,0,1,0,-1.0,1
39,0,0,0,0,-1.0,1
30,6,0,0,8,-1.0,1
30,6,0,0,8,-1.0,1
21,0,2,6,8,30.0,1
47,0,0,0,13,0.0,1
32,0,0,0,4,0.0,1
32,0,0,0,4,0.0,1
40,2,0,0,23,30.0,1
33,0,0,0,3,-2.0,1
25,0,0,0,0,0.0,1
27,0,0,0,0,-1.0,1
40,0,0,0,2,-1.0,1
40,0,0,0,2,-1.0,1
24,0,0,2,2,-1.0,1
24,5,1,0,10,0.0,1
33,0,0,2,9,-28.0,1
31,0,1,0,19,-1.0,1
31,0,1,0,19,-1.0,1
29,0,0,0,0,-1.0,1
40,0,0,0,0,0.0,1
22,0,0,0,2,-1.0,1
22,0,0,0,2,-1.0,1
56,0,0,0,17,41.0,1
20,0,0,0,2,-17.0,1
20,0,0,0,2,-17.0,1
27,0,0,0,1,-1.0,1
27,0,0,0,1,-1.0,1
33,0,1,0,7,-1.0,1
20,0,1,0,1,-5.0,1
22,0,0,0,2,-1.0,1
21,0,0,3,0,-1.0,1
21,0,0,3,0,-1.0,1
21,0,0,3,0,-1.0,1
32,0,0,0,5,-1.0,1
32,0,0,0,5,-1.0,1
25,0,0,1,6,-1.0,1
36,0,0,0,10,54.0,1
36,0,0,0,10,54.0,1
36,0,0,0,10,54.0,1
37,0,0,0,4,-1.0,1
37,0,0,0,4,-1.0,1
59,0,0,0,2,-15.0,1
59,0,0,0,2,-15.0,1
20,0,0,0,1,-1.0,1
51,0,0,0,1,-1.0,1
28,0,0,0,0,0.0,1
25,0,0,0,0,-1.0,1
21,0,2,7,2,-3.0,1
21,0,2,7,2,-3.0,1
21,0,2,7,2,-3.0,1
35,0,0,0,22,0.0,1
50,0,0,0,2,-1.0,1
56,0,0,0,1,-1.0,1
26,0,0,0,0,-1.0,1
26,0,0,0,3,-1.0,1
38,0,0,0,1,-1.0,1
28,0,0,0,12,-69.0,1
23,0,1,0,4,-1.0,1
34,0,0,0,0,-1.0,1
31,0,0,0,1,-1.0,1
25,0,0,0,2,16.0,1
25,0,0,0,2,16.0,1
25,0,0,0,2,16.0,1
53,0,0,0,1,-1.0,1
27,0,0,0,1,-1.0,1
37,0,0,0,16,-1.0,1
37,0,0,0,16,-1.0,1
20,0,0,0,0,-1.0,1
20,0,0,0,0,-1.0,1
21,0,1,0,2,-1.0,1
27,0,0,0,9,-1.0,1
27,0,0,0,9,-1.0,1
27,0,0,0,9,-1.0,1
27,0,0,0,9,-1.0,1
35,0,0,0,6,0.0,1
35,0,0,0,6,0.0,1
35,0,0,0,6,0.0,1
35,0,0,0,6,0.0,1
21,0,1,0,2,-1.0,1
20,1,0,0,1,39.0,1
20,1,0,0,1,39.0,1
20,1,0,0,1,39.0,1
20,1,0,0,1,39.0,1
52,0,0,0,16,-1.0,1
38,1,0,0,10,0.0,1
18,5,0,2,4,7.0,1
18,5,0,2,4,7.0,1
32,0,0,1,8,-8.0,1
37,0,0,0,2,-1.0,1
28,0,0,0,9,-12.0,1
23,0,0,1,5,-1.0,1
28,0,0,0,0,-1.0,1
27,0,0,0,8,-1.0,1
28,0,0,0,11,-1.0,1
28,0,0,0,11,-1.0,1
28,0,0,0,11,-1.0,1
29,0,0,0,3,0.0,1
28,0,0,0,4,-1.0,1
54,0,0,0,2,-1.0,1
57,0,0,0,0,-1.0,1
35,0,0,0,4,96.0,1
26,0,0,0,2,-1.0,1
26,0,0,0,2,-1.0,1
29,0,0,0,0,0.0,1
25,0,0,0,1,0.0,1
48,0,0,0,0,-1.0,1
77,0,0,0,1,-1.0,1
52,0,0,0,0,-1.0,1
56,0,0,0,4,-50.0,1
27,0,0,0,5,-28.0,1
34,0,0,0,10,22.0,1
34,0,0,0,10,22.0,1
34,0,0,0,10,22.0,1
32,0,0,0,0,0.0,1
52,0,0,0,7,-1.0,1
21,0,0,0,2,0.0,1
21,0,0,0,2,0.0,1
21,0,0,0,1,34.0,1
50,0,0,0,0,-3.0,1
27,1,0,0,4,-1.0,1
27,1,0,0,4,-1.0,1
27,1,0,0,4,-1.0,1
24,0,5,1,15,-1.0,1
54,0,0,0,12,0.0,1
27,0,0,0,2,-1.0,1
27,0,0,0,2,-1.0,1
20,0,0,1,0,0.0,1
20,0,0,1,0,0.0,1
20,0,0,0,0,-1.0,1
20,0,0,0,0,-1.0,1
29,0,0,0,9,0.0,1
29,0,0,0,9,0.0,1
31,0,1,0,6,27.0,1
35,0,0,0,7,-1.0,1
26,0,0,0,9,-1.0,1
26,0,0,0,9,-1.0,1
25,0,0,0,6,0.0,1
25,0,0,0,6,0.0,1
25,0,0,0,5,-1.0,1
25,0,0,0,5,-1.0,1
28,1,0,0,5,-1.0,1
50,0,0,0,5,-1.0,1
56,0,0,0,5,-1.0,1
56,0,0,0,5,-1.0,1
30,0,0,1,8,-42.0,1
41,0,0,3,12,0.0,1
41,0,0,3,12,0.0,1
29,1,0,0,8,-1.0,1
23,1,0,0,5,24.0,1
23,1,0,0,5,24.0,1
35,0,0,0,0,-1.0,1
25,0,0,0,1,-1.0,1
54,0,0,0,3,-1.0,1
29,0,0,0,0,-2.0,1
35,0,0,0,0,-1.0,1
36,0,0,0,0,-1.0,1
30,0,0,0,3,-1.0,1
30,0,0,0,3,-1.0,1
29,1,0,0,3,-1.0,1
31,0,0,0,9,-1.0,1
31,0,0,0,9,-1.0,1
28,0,0,0,1,0.0,1
28,0,0,0,3,-1.0,1
28,0,0,0,3,-1.0,1
25,0,0,0,2,0.0,1
25,0,0,0,2,0.0,1
32,0,0,0,4,-1.0,1
24,0,0,0,1,26.0,1
45,0,0,0,38,-1.0,1
45,0,0,0,38,-1.0,1
32,0,0,0,6,-1.0,1
32,0,0,0,6,-1.0,1
32,0,0,0,6,-1.0,1
27,0,0,0,2,-1.0,1
27,0,0,0,2,-1.0,1
27,0,0,1,2,0.0,1
27,0,0,1,2,0.0,1
30,2,0,0,8,-1.0,1
37,0,0,0,0,-1.0,1
23,0,2,1,3,-1.0,1
23,0,2,1,3,-1.0,1
42,0,0,0,1,0.0,1
27,0,2,0,17,0.0,1
29,0,0,0,8,0.0,1
29,0,0,0,8,0.0,1
29,0,0,0,8,0.0,1
29,0,0,0,8,0.0,1
29,0,0,0,8,0.0,1
36,0,0,0,2,-1.0,1
24,0,0,0,0,-1.0,1
24,0,0,0,0,-1.0,1
24,0,0,0,0,-1.0,1
29,0,0,0,4,-1.0,1
39,0,0,0,3,-1.0,1
37,0,0,0,4,-1.0,1
31,0,0,0,1,-1.0,1
41,0,0,0,1,-1.0,1
29,0,0,0,1,-1.0,1
22,0,0,0,2,-31.0,1
22,0,0,0,2,-31.0,1
22,0,0,0,0,-1.0,1
40,0,0,0,3,-1.0,1
40,0,0,0,3,-1.0,1
40,0,0,0,3,-1.0,1
43,0,0,0,6,-1.0,1
27,0,0,0,4,-1.0,1
23,0,0,0,0,-1.0,1
27,0,0,0,2,-50.0,1
57,0,0,0,28,0.0,1
22,0,0,0,1,-1.0,1
35,0,0,1,5,-1.0,1
33,0,0,0,0,0.0,1
23,0,0,0,1,-1.0,1
24,0,0,0,0,-1.0,1
20,1,0,0,2,-35.0,1
47,0,0,0,7,-1.0,1
38,0,0,0,1,-1.0,1
38,0,0,0,1,-1.0,1
22,0,1,0,8,-1.0,1
22,0,1,0,8,-1.0,1
27,0,2,1,13,-59.0,1
27,0,2,1,13,-59.0,1
20,0,1,0,2,-1.0,1
27,0,0,0,0,0.0,1
38,2,3,0,16,28.0,1
38,2,3,0,16,28.0,1
38,2,3,0,16,28.0,1
29,0,0,0,2,-1.0,1
47,0,0,0,4,-1.0,1
47,0,0,0,4,-1.0,1
47,0,0,0,4,-1.0,1
26,0,0,0,2,-1.0,1
26,0,0,0,2,-1.0,1
26,0,0,0,2,-1.0,1
26,0,0,0,4,-1.0,1
25,4,0,0,5,-1.0,1
21,0,0,0,0,0.0,1
44,0,0,1,11,-1.0,1
28,0,0,0,0,-1.0,1
28,0,0,0,0,-1.0,1
24,0,0,0,2,-1.0,1
24,0,0,0,2,-1.0,1
24,0,0,0,2,-1.0,1
24,0,0,0,2,-1.0,1
30,0,0,0,2,0.0,1
23,0,2,1,5,52.0,1
23,0,2,1,5,52.0,1
23,0,2,1,5,52.0,1
64,0,0,0,1,-2.0,0
22,0,0,0,4,-12.0,0
21,0,0,0,0,-1.0,0
27,0,0,0,7,0.0,0
30,0,2,0,21,-1.0,0
25,0,0,0,2,-1.0,0
54,0,0,0,0,0.0,0
29,0,0,0,7,0.0,0
23,0,0,0,0,-1.0,0
20,0,0,0,0,0.0,0
27,0,0,0,4,-1.0,0
42,0,0,0,10,-1.0,0
55,0,0,0,1,-1.0,0
26,0,0,0,3,0.0,0
29,0,0,0,0,0.0,0
30,0,0,0,0,0.0,0
46,0,0,0,0,0.0,0
32,0,0,0,1,-1.0,0
56,0,0,0,3,-27.0,0
48,0,0,0,5,-1.0,0
31,0,0,0,4,-1.0,0
26,0,0,0,0,0.0,0
27,0,0,0,10,-1.0,0
57,0,0,0,12,0.0,0
29,0,0,0,11,-3.0,0
25,0,0,0,7,-1.0,0
23,0,0,2,1,-20.0,0
28,0,0,0,4,-1.0,0
23,0,0,0,3,0.0,0
38,0,0,0,0,-1.0,0
30,0,0,0,0,0.0,0
33,0,0,0,2,-1.0,0
22,1,0,0,2,-1.0,0
20,0,0,0,2,-1.0,0
26,0,1,1,12,-1.0,0
39,0,0,0,11,-24.0,0
41,2,0,1,14,41.0,0
26,0,0,1,5,-1.0,0
40,0,0,0,8,-28.0,0
42,0,0,0,2,0.0,0
22,0,0,0,3,50.0,0
27,0,0,0,0,-1.0,0
50,0,0,0,1,-1.0,0
34,0,0,0,6,-1.0,0
25,0,1,1,7,-1.0,0
19,0,0,0,0,-1.0,0
24,0,0,0,1,-13.0,0
26,0,0,0,1,-1.0,0
52,0,0,0,13,-1.0,0
30,0,0,0,14,-1.0,0
31,0,0,0,8,-1.0,0
52,0,0,0,1,-1.0,0
31,0,0,1,2,-1.0,0
36,0,0,0,3,-27.0,0
26,0,0,0,2,0.0,0
24,0,0,4,8,-1.0,0
48,0,0,0,0,-2.0,0
22,0,0,0,1,0.0,0
21,0,1,1,3,0.0,0
31,0,0,0,7,-1.0,0
27,0,4,4,9,-1.0,0
24,0,0,0,0,-1.0,0
24,0,0,0,1,-1.0,0
24,0,0,0,1,-1.0,0
32,0,0,0,0,-1.0,0
22,0,0,0,1,-1.0,0
56,0,0,0,3,0.0,0
34,0,0,0,7,-1.0,0
32,0,0,0,13,-1.0,0
49,2,0,0,13,-1.0,0
26,0,0,0,0,0.0,0
32,0,0,0,6,-1.0,0
34,0,0,0,1,-14.0,0
24,0,0,0,0,-1.0,0
54,0,0,0,0,-1.0,0
30,0,0,0,5,0.0,0
52,0,0,0,3,-1.0,0
39,0,0,0,3,-1.0,0
23,0,0,0,0,-1.0,0
26,0,0,0,1,-1.0,0
24,0,0,1,6,0.0,0
24,0,0,1,1,0.0,0
36,0,0,0,5,-1.0,0
42,0,0,0,0,-1.0,0
35,1,0,0,13,0.0,0
30,0,0,0,1,-1.0,0
48,0,0,0,0,-1.0,0
57,0,0,0,12,70.0,0
21,0,0,0,1,-1.0,0
37,0,0,0,3,-1.0,0
24,0,0,0,0,-1.0,0
23,0,0,1,3,18.0,0
51,0,0,0,1,-18.0,0
23,0,0,0,0,-1.0,0
25,0,0,0,1,0.0,0
25,2,0,0,4,-1.0,0
67,0,0,0,5,-28.0,0
47,0,0,0,3,-1.0,0
40,0,0,0,2,-1.0,0
25,0,0,0,2,-27.0,0
44,0,0,0,2,-1.0,0
46,1,0,1,9,-1.0,0
31,0,0,0,11,0.0,0
44,0,0,0,0,0.0,0
24,0,0,0,2,-1.0,0
44,0,0,0,0,-1.0,0
61,0,0,0,25,-1.0,0
39,0,0,0,11,-1.0,0
28,0,0,0,0,-1.0,0
39,0,0,0,2,-2.0,0
25,0,1,0,6,-1.0,0
29,0,0,0,3,-1.0,0
34,0,0,0,5,-53.0,0
26,0,0,0,2,-1.0,0
24,0,1,0,5,-1.0,0
50,0,0,0,2,-1.0,0
63,0,0,0,9,0.0,0
28,0,0,0,5,-1.0,0
23,0,0,0,0,-1.0,0
30,0,0,0,2,-1.0,0
33,0,0,0,1,-1.0,0
20,0,0,0,0,-1.0,0
31,0,0,0,0,-1.0,0
34,0,0,0,1,-3.0,0
28,0,0,1,4,-1.0,0
26,0,0,0,0,-1.0,0
29,0,0,1,9,-1.0,0
20,0,0,0,0,-1.0,0
21,0,1,0,1,-1.0,0
21,0,0,0,1,0.0,0
24,0,0,0,5,16.0,0
32,0,0,0,0,-1.0,0
57,0,0,0,9,-1.0,0
30,0,0,0,12,0.0,0
27,0,0,0,6,-1.0,0
37,2,0,0,27,-1.0,0
64,0,0,0,0,-1.0,0
24,0,0,0,2,-1.0,0
41,0,0,0,14,0.0,0
23,0,0,0,2,-1.0,0
20,0,0,0,1,-3.0,0
41,0,0,0,13,-1.0,0
34,0,0,0,1,-1.0,0
35,0,0,0,1,-1.0,0
26,0,0,0,1,-62.0,0
31,0,0,0,7,-1.0,0
29,0,1,0,8,-1.0,0
26,0,0,0,9,-18.0,0
21,1,0,0,1,-15.0,0
22,0,0,0,0,-1.0,0
25,0,0,0,3,-1.0,0
24,0,0,0,5,86.0,0
50,0,0,0,0,0.0,0
39,0,0,0,21,-1.0,0
22,0,0,0,2,-1.0,0
33,0,0,0,5,-1.0,0
26,0,0,0,1,-1.0,0
25,0,1,0,2,-1.0,0
35,0,0,0,0,-1.0,0
27,0,0,0,0,0.0,0
26,0,0,0,0,-1.0,0
48,0,0,0,1,0.0,0
46,0,0,0,0,-1.0,0
26,0,0,0,4,-1.0,0
50,0,0,0,0,-1.0,0
27,1,1,2,15,-1.0,0
42,0,0,0,1,-17.0,0
51,0,0,0,3,-1.0,0
35,2,0,0,4,-1.0,0
34,0,0,0,15,-6.0,0
33,0,0,0,5,0.0,0
21,0,0,0,0,-1.0,0
41,0,0,0,0,-1.0,0
31,0,0,0,5,-1.0,0
51,0,0,0,3,-13.0,0
38,0,0,0,1,-1.0,0
27,0,0,0,1,-1.0,0
42,0,0,0,1,0.0,0
21,1,2,2,3,-1.0,0
57,0,0,0,16,0.0,0
33,0,0,0,3,-1.0,0
20,0,0,0,1,34.0,0
29,0,0,6,6,-1.0,0
25,0,0,0,4,-1.0,0
23,0,0,0,2,-1.0,0
56,0,0,0,1,-1.0,0
24,0,0,0,0,-1.0,0
33,2,0,0,9,-1.0,0
28,0,0,0,5,0.0,0
23,0,0,0,0,-1.0,0
21,1,1,0,2,-32.0,0
53,0,0,0,3,-1.0,0
26,0,0,0,7,81.0,0
23,0,0,0,3,-37.0,0
25,0,0,0,3,-1.0,0
38,2,2,1,22,-34.0,0
27,0,1,0,9,-1.0,0
30,0,0,0,1,-4.0,0
42,0,0,0,0,-1.0,0
48,0,0,0,8,-1.0,0
25,0,0,0,3,-1.0,0
49,0,0,0,1,-1.0,0
27,0,0,0,2,-1.0,0
30,0,0,0,7,-1.0,0
21,0,0,0,0,-1.0,0
21,0,0,0,0,-1.0,0
50,0,0,0,1,-4.0,0
24,0,0,0,2,-1.0,0
57,0,0,0,12,70.0,0
36,0,0,0,4,-1.0,0
22,0,0,0,1,-1.0,0
30,0,0,1,1,-1.0,0
29,0,0,0,4,-20.0,0
45,0,0,0,9,-1.0,0
67,0,0,0,1,19.0,0
25,0,0,1,9,0.0,0
46,0,0,0,1,0.0,0
53,0,0,0,1,-10.0,0
26,0,0,0,7,0.0,0
30,0,0,0,2,-1.0,0
20,0,0,0,0,0.0,0
29,0,0,0,13,-1.0,0
32,0,0,0,1,-15.0,0
42,0,0,0,2,-1.0,0
24,0,0,0,0,-1.0,0
21,0,0,0,1,0.0,0
42,0,0,0,0,-1.0,0
29,0,0,0,3,-61.0,0
35,0,0,0,0,0.0,0
25,0,0,0,1,-1.0,0
31,0,0,0,0,-1.0,0
36,0,1,0,2,-2.0,0
51,0,0,0,2,-1.0,0
34,0,0,0,1,-50.0,0
30,0,0,1,1,-1.0,0
21,0,0,0,1,-1.0,0
20,1,0,0,1,0.0,0
24,0,0,0,1,-23.0,0
66,0,0,0,0,-1.0,0
29,0,0,0,1,-39.0,0
21,0,0,0,0,-1.0,0
23,0,0,0,1,-1.0,0
45,0,0,0,1,0.0,0
31,0,0,0,0,0.0,0
27,0,0,0,1,-1.0,0
27,0,0,0,1,-1.0,0
30,0,0,0,1,-1.0,0
34,0,0,0,2,0.0,0
44,0,0,0,0,-1.0,0
31,0,0,0,6,29.0,0
32,0,3,0,10,-1.0,0
31,0,0,0,1,-1.0,0
29,0,0,0,1,0.0,0
60,0,0,0,11,-1.0,0
21,0,3,1,4,-1.0,0
24,0,0,1,4,-1.0,0
26,0,0,0,10,-1.0,0
46,0,0,0,6,22.0,0
29,0,0,0,4,-1.0,0
28,0,0,0,2,-1.0,0
26,0,0,0,1,0.0,0
27,0,0,0,2,-34.0,0
61,0,0,0,29,-50.0,0
32,0,0,0,5,0.0,0
46,0,0,0,9,-1.0,0
25,0,0,0,5,-1.0,0
34,0,0,0,6,74.0,0
22,0,0,0,1,-1.0,0
35,0,0,0,1,-25.0,0
26,0,0,0,13,0.0,0
30,0,2,0,21,-1.0,0
35,0,0,0,1,0.0,0
31,0,0,0,0,0.0,0
54,0,0,0,10,0.0,0
57,0,0,0,8,0.0,0
43,0,0,0,2,-1.0,0
20,1,0,0,1,-21.0,0
33,0,0,0,0,0.0,0
26,0,0,0,8,-1.0,0
21,1,2,2,3,-1.0,0
34,0,0,0,2,-12.0,0
25,0,0,0,1,-1.0,0
43,0,0,0,0,-1.0,0
27,0,1,0,11,-1.0,0
22,0,0,0,1,0.0,0
24,0,0,0,0,-1.0,0
39,0,0,0,0,-1.0,0
48,0,0,0,0,-1.0,0
30,0,1,1,18,-1.0,0
31,0,0,0,0,-1.0,0
21,0,0,0,1,-1.0,0
19,1,3,2,5,-31.0,0
22,0,0,0,5,-42.0,0
25,0,0,0,10,-82.0,0
41,0,0,0,3,-1.0,0
29,0,0,0,0,0.0,0
41,0,0,0,1,-1.0,0
29,0,0,0,2,-1.0,0
36,0,0,0,5,-2.0,0
41,0,0,0,10,-39.0,0
31,0,0,0,7,-1.0,0
30,0,0,0,8,-1.0,0
37,0,0,0,0,-1.0,0
25,1,0,0,4,-1.0,0
24,0,0,0,9,-1.0,0
35,0,0,0,1,-1.0,0
25,0,0,0,1,0.0,0
21,0,0,0,2,-1.0,0
37,0,0,0,7,-30.0,0
68,0,0,0,5,-4.0,0
34,0,0,0,0,-2.0,0
36,0,0,0,9,-1.0,0
25,0,0,0,1,-27.0,0
69,0,0,0,6,-1.0,0
30,0,0,0,14,27.0,0
44,0,0,0,0,0.0,0
24,0,0,0,0,0.0,0
29,0,0,0,0,-1.0,0
35,1,0,0,7,-1.0,0
69,0,0,0,0,-1.0,0
61,0,0,0,29,-50.0,0
24,0,0,0,1,-1.0,0
44,0,0,0,2,-1.0,0
39,0,0,0,0,-1.0,0
30,0,0,0,5,-1.0,0
34,0,0,1,0,-2.0,0
55,0,0,0,3,-1.0,0
20,0,0,0,0,-1.0,0
36,0,0,0,4,-1.0,0
37,0,0,0,11,-1.0,0
27,0,0,0,7,-1.0,0
22,0,0,0,0,0.0,0
24,0,0,0,3,-1.0,0
46,0,0,0,4,-56.0,0
39,0,0,0,0,-1.0,0
33,0,0,0,0,-1.0,0
26,0,0,1,12,-1.0,0
39,0,0,0,3,-1.0,0
27,1,0,0,6,-1.0,0
56,0,0,0,3,-27.0,0
26,0,0,0,1,-24.0,0
25,0,0,0,7,0.0,0
51,0,0,0,0,-1.0,0
27,0,0,0,0,0.0,0
37,0,0,0,3,-1.0,0
20,3,0,1,3,-1.0,0
31,0,1,0,3,0.0,0
26,0,0,0,4,-1.0,0
23,0,0,2,1,-20.0,0
36,0,0,0,1,-1.0,0
27,0,0,0,3,-1.0,0
23,0,0,0,2,-1.0,0
30,0,0,0,8,0.0,0
73,0,0,0,1,-64.0,0
37,0,0,0,0,-1.0,0
24,0,0,0,0,-1.0,0
24,0,0,0,0,-1.0,0
28,0,0,0,6,-1.0,0
46,0,0,0,12,-1.0,0
23,0,0,0,0,-1.0,0
45,0,0,0,0,-2.0,0
41,0,0,0,11,-1.0,0
42,0,0,0,3,-3.0,0
36,0,0,0,1,0.0,0
36,0,0,0,2,-2.0,0
24,0,0,0,4,-1.0,0
50,0,0,0,9,-1.0,0
48,0,0,0,0,-1.0,0
31,0,0,0,0,-1.0,0
37,0,0,0,0,-1.0,0
31,0,0,0,1,-65.0,0
26,0,0,0,0,-1.0,0
33,4,0,0,12,-1.0,0
26,0,0,0,7,-2.0,0
58,0,0,0,5,-1.0,0
38,0,0,0,0,-1.0,0
27,0,0,0,3,-1.0,0
37,0,0,0,1,-1.0,0
26,0,0,0,2,0.0,0
39,0,0,0,1,-25.0,0
28,0,0,0,8,0.0,0
22,0,0,1,4,-1.0,0
27,0,0,0,0,-1.0,0
31,0,0,0,1,-1.0,0
41,0,0,0,0,0.0,0
37,0,0,0,6,0.0,0
51,0,0,0,0,-1.0,0
41,0,0,0,1,0.0,0
50,0,0,0,12,-22.0,0
21,0,0,0,0,-1.0,0
23,0,0,0,2,-1.0,0
38,0,0,0,0,-1.0,0
22,0,0,0,2,-1.0,0
21,0,0,0,0,-1.0,0
27,0,0,0,0,-1.0,0
33,0,0,0,3,-94.0,0
32,0,0,0,0,-1.0,0
46,0,0,0,26,-1.0,0
45,0,0,0,0,-3.0,0
40,0,0,0,8,0.0,0
58,0,0,0,3,0.0,0
21,0,0,0,0,-5.0,0
31,0,0,0,2,-1.0,0
55,0,0,0,4,-1.0,0
34,0,0,0,1,-38.0,0
28,0,0,0,0,-1.0,0
32,0,0,0,0,-1.0,0
24,0,0,0,0,-1.0,0
23,0,0,0,0,-1.0,0
30,0,0,0,3,-1.0,0
26,1,0,0,1,79.0,0
24,0,0,0,3,-1.0,0
20,0,0,0,0,-1.0,0
56,0,0,0,12,-1.0,0
23,0,0,0,1,0.0,0
22,0,0,0,1,0.0,0
33,0,0,0,19,-1.0,0
56,0,0,0,28,-69.0,0
26,0,0,0,2,-1.0,0
39,0,0,0,0,-1.0,0
48,0,0,0,5,-1.0,0
48,0,0,0,0,-1.0,0
31,0,0,0,4,-12.0,0
46,0,0,0,1,-2.0,0
27,0,0,0,0,-1.0,0
20,0,0,3,1,-32.0,0
29,0,0,0,1,-48.0,0
24,0,0,0,0,-1.0,0
36,0,0,0,9,-1.0,0
35,0,0,0,3,0.0,0
21,0,0,0,1,-1.0,0
32,0,0,0,1,-1.0,0
23,0,1,0,1,0.0,0
39,0,0,0,0,-1.0,0
39,0,0,0,1,-1.0,0
23,0,0,0,1,0.0,0
24,0,0,0,0,-1.0,0
38,0,0,0,2,-64.0,0
41,0,0,0,1,-38.0,0
39,0,1,0,11,-1.0,0
34,0,0,0,14,-1.0,0
21,0,0,0,0,-1.0,0
37,0,0,0,4,-1.0,0
32,0,0,0,6,-1.0,0
30,0,0,0,0,0.0,0
23,0,0,0,0,-1.0,0
42,0,0,0,24,0.0,0
24,0,0,0,1,-1.0,0
24,0,0,0,1,0.0,0
56,0,0,0,6,-1.0,0
22,0,0,0,0,0.0,0
32,0,0,0,9,0.0,0
46,0,0,0,0,-1.0,0
26,0,0,0,5,-1.0,0
22,0,0,0,0,-1.0,0
33,0,0,0,3,-1.0,0
46,0,0,0,0,-1.0,0
32,0,0,0,0,-1.0,0
42,0,0,0,9,0.0,0
20,0,1,0,2,-16.0,0
32,0,0,0,0,-1.0,0
40,1,0,0,15,-1.0,0
25,0,1,0,2,-1.0,0
23,0,0,0,6,-1.0,0
58,0,0,0,0,-1.0,0
26,0,0,0,0,-1.0,0
28,0,0,0,2,-1.0,0
23,0,0,0,2,-9.0,0
25,4,0,0,13,-8.0,0
34,0,0,0,0,-1.0,0
27,0,0,0,2,-1.0,0
34,0,0,0,5,0.0,0
54,0,0,0,4,-1.0,0
25,0,0,0,0,-1.0,0
50,0,0,0,1,-1.0,0
32,0,0,0,4,-1.0,0
30,0,1,0,14,-1.0,0
30,0,0,0,0,0.0,0
20,0,1,0,1,-1.0,0
28,0,0,0,6,-1.0,0
22,0,0,0,3,0.0,0
44,0,0,0,1,-1.0,0
22,0,0,0,0,-1.0,0
31,0,0,0,7,-1.0,0
25,1,0,0,2,-1.0,0
22,0,1,0,2,-1.0,0
37,0,0,0,2,-1.0,0
21,0,0,0,0,0.0,0
43,0,0,0,12,-1.0,0
43,0,0,0,2,-12.0,0
43,0,0,0,0,0.0,0
23,0,0,0,0,0.0,0
27,0,0,0,3,-1.0,0
51,0,0,0,12,21.0,0
24,0,0,0,5,0.0,0
35,0,0,0,8,-1.0,0
24,0,0,0,10,0.0,0
34,0,0,0,0,-1.0,0
35,0,0,0,7,-1.0,0
21,0,0,1,0,-1.0,0
27,0,0,0,0,0.0,0
43,0,0,0,12,-1.0,0
33,0,0,0,2,0.0,0
23,0,0,0,2,-1.0,0
31,0,2,0,10,-3.0,0
38,0,0,0,3,0.0,0
28,0,0,0,10,0.0,0
20,0,2,1,3,-1.0,0
48,0,0,0,1,0.0,0
22,0,0,0,3,-41.0,0
53,0,0,0,1,-1.0,0
21,1,0,0,1,-1.0,0
34,0,0,0,1,0.0,0
48,0,0,0,1,-1.0,0
56,0,0,0,0,-1.0,0
30,0,0,0,0,-1.0,0
36,0,0,0,1,-1.0,0
39,0,0,0,2,-88.0,0
42,0,0,0,2,-1.0,0
29,0,0,0,8,0.0,0
31,0,0,0,5,-1.0,0
30,0,0,0,2,-15.0,0
32,0,0,0,3,-1.0,0
24,1,0,0,6,-1.0,0
57,0,0,0,7,0.0,0
27,0,0,1,1,-95.0,0
32,0,0,0,6,-29.0,0
47,0,0,0,3,-1.0,0
26,0,0,0,7,-1.0,0
47,0,0,0,17,-55.0,0
34,0,0,0,2,-1.0,0
51,0,0,0,4,-28.0,0
23,0,0,0,3,-1.0,0
23,0,0,0,0,0.0,0
27,0,0,0,4,-1.0,0
66,0,0,0,11,-1.0,0
30,0,1,0,4,0.0,0
24,0,0,0,0,-1.0,0
39,0,0,0,0,-1.0,0
54,0,0,0,0,-1.0,0
42,0,0,0,24,0.0,0
20,0,0,0,0,-1.0,0
22,0,0,0,0,-1.0,0
32,0,0,0,9,0.0,0
20,0,0,0,0,-1.0,0
38,0,0,0,6,-34.0,0
47,0,0,0,22,-1.0,0
25,0,0,0,4,-1.0,0
21,0,0,0,2,0.0,0
45,0,0,0,21,-1.0,0
22,0,1,1,3,0.0,0
39,0,0,0,9,-1.0,0
25,1,1,0,2,-1.0,0
23,0,0,0,3,-1.0,0
23,0,0,0,0,-1.0,0
40,0,0,0,4,0.0,0
25,0,0,0,2,-63.0,0
34,0,0,0,0,-1.0,0
27,0,0,0,2,0.0,0
22,0,0,0,1,-2.0,0
55,0,0,0,0,-1.0,0
22,0,0,0,1,0.0,0
23,0,0,0,1,-1.0,0
40,0,0,0,5,-1.0,0
21,0,0,0,0,-2.0,0
27,0,0,1,1,-1.0,0
60,0,0,0,12,-1.0,0
29,0,0,0,2,-1.0,0
51,0,0,0,2,-39.0,0
26,0,0,0,2,-1.0,0
24,0,0,0,1,-1.0,0
25,0,0,0,0,-1.0,0
21,0,1,0,1,-1.0,0
30,0,0,0,1,0.0,0
22,1,0,0,12,0.0,0
34,2,1,3,21,0.0,0
24,0,0,0,0,0.0,0
52,0,0,0,4,0.0,0
40,0,0,0,2,-7.0,0
42,0,0,0,14,-1.0,0
46,0,0,0,0,-1.0,0
29,0,0,0,2,-1.0,0
27,0,0,0,0,-1.0,0
55,0,0,0,1,0.0,0
33,0,0,0,2,-1.0,0
22,0,0,0,0,0.0,0
23,0,0,0,3,-1.0,0
26,0,0,0,8,-1.0,0
52,0,0,0,0,-1.0,0
27,0,0,0,9,-1.0,0
32,0,0,0,0,-4.0,0
25,1,1,0,2,-1.0,0
32,0,0,0,0,0.0,0
67,0,0,0,4,-1.0,0
26,0,0,0,7,48.0,0
57,0,0,0,0,-2.0,0
51,0,0,0,0,-1.0,0
26,1,0,0,2,-1.0,0
61,0,0,0,10,-1.0,0
44,0,0,0,0,-2.0,0
53,0,0,0,1,-1.0,0
43,0,0,0,0,-2.0,0
29,0,0,0,1,37.0,0
24,0,0,0,0,-1.0,0
27,0,0,0,5,0.0,0
29,0,0,0,0,-1.0,0
23,0,0,0,2,-1.0,0
43,0,0,0,3,-1.0,0
31,0,0,0,2,-1.0,0
38,0,0,1,10,0.0,0
40,0,0,0,10,-1.0,0
34,0,0,0,0,0.0,0
54,0,0,0,6,-1.0,0
29,3,0,1,4,-1.0,0
24,0,0,0,1,0.0,0
30,0,0,0,1,-40.0,0
30,1,0,2,8,-1.0,0
23,0,0,0,6,-1.0,0
21,0,0,0,1,0.0,0
27,0,0,0,7,-1.0,0
41,2,0,0,18,-1.0,0
23,0,0,0,4,0.0,0
28,0,0,0,4,0.0,0
28,0,0,0,0,-1.0,0
29,0,0,0,2,-1.0,0
47,0,0,0,1,-5.0,0
24,0,1,1,3,0.0,0
26,0,0,0,0,-1.0,0
60,0,0,0,13,-1.0,0
23,0,0,0,6,40.0,0
21,0,0,0,0,-1.0,0
30,0,0,1,7,-1.0,0
21,0,0,0,0,0.0,0
45,0,0,0,3,-23.0,0
30,0,0,0,3,-6.0,0
22,0,0,0,0,-1.0,0
28,0,0,0,0,-1.0,0
27,2,0,0,14,0.0,0
32,0,0,0,11,-1.0,0
21,0,0,0,1,-1.0,0
35,0,0,0,0,-7.0,0
39,0,0,0,2,-2.0,0
28,0,0,0,2,0.0,0
48,0,0,0,0,-1.0,0
24,0,0,0,2,-1.0,0
42,0,0,0,0,-3.0,0
33,0,0,0,0,-1.0,0
39,0,4,0,10,-1.0,0
34,0,0,0,5,-1.0,0
22,0,0,0,2,-1.0,0
67,0,0,0,0,-1.0,0
19,2,1,1,3,22.0,0
23,0,0,0,0,-1.0,0
34,0,0,0,0,-1.0,0
42,0,0,0,4,-1.0,0
26,0,0,0,2,-1.0,0
27,0,0,0,2,-1.0,0
23,0,0,0,2,-1.0,0
46,0,0,0,1,-37.0,0
22,0,1,1,3,-1.0,0
20,3,0,1,3,-1.0,0
27,0,0,0,7,-1.0,0
28,0,0,0,6,-1.0,0
30,0,0,0,7,0.0,0
37,0,0,0,23,-1.0,0
29,0,0,0,5,35.0,0
49,0,0,0,1,-22.0,0
46,0,0,0,1,-37.0,0
28,0,2,0,7,-1.0,0
21,0,0,0,0,-1.0,0
24,0,0,0,0,-2.0,0
31,0,0,0,23,0.0,0
45,0,0,0,0,-1.0,0
29,0,0,0,2,-24.0,0
32,0,0,0,2,0.0,0
27,0,0,1,18,-1.0,0
46,0,0,0,12,-40.0,0
32,0,0,0,2,-1.0,0
58,0,0,0,5,-1.0,0
27,0,0,0,2,-1.0,0
34,0,0,0,14,-1.0,0
33,0,0,0,11,-1.0,0
36,0,0,0,1,-1.0,0
24,0,0,0,0,0.0,0
23,0,0,0,0,0.0,0
58,0,0,0,6,-2.0,0
31,0,0,0,1,-1.0,0
47,0,0,0,3,-1.0,0
24,0,0,0,0,-1.0,0
28,0,0,0,6,-1.0,0
49,0,0,0,25,-1.0,0
24,0,0,0,4,-27.0,0
21,0,0,0,0,-1.0,0
36,1,2,0,14,-1.0,0
23,0,0,0,0,-1.0,0
22,0,0,0,1,-1.0,0
24,0,1,1,3,0.0,0
39,0,0,0,8,-1.0,0
28,0,0,0,0,-1.0,0
46,0,0,0,2,-23.0,0
21,0,0,0,0,-2.0,0
24,0,0,0,0,-1.0,0
53,0,0,0,1,-1.0,0
21,0,0,0,0,-1.0,0
20,0,0,0,2,-1.0,0
29,0,0,0,4,-20.0,0
37,0,0,0,8,0.0,0
22,0,0,0,0,-4.0,0
39,0,0,0,2,-1.0,0
46,0,0,0,2,-1.0,0
25,0,0,0,0,0.0,0
22,0,2,0,3,-1.0,0
42,0,0,0,5,-1.0,0
45,0,0,0,0,-1.0,0
23,0,2,2,4,-1.0,0
27,0,0,0,3,-32.0,0
28,0,0,0,1,-1.0,0
30,0,0,0,1,-1.0,0
24,0,0,0,5,-1.0,0
29,0,0,0,0,-1.0,0
27,0,0,0,7,-1.0,0
26,0,0,0,0,-1.0,0
50,0,0,0,5,-12.0,0
21,0,0,0,0,-1.0,0
29,0,0,0,0,-1.0,0
36,0,0,0,0,0.0,0
54,0,0,0,8,0.0,0
48,0,0,0,12,-1.0,0
42,0,0,0,9,0.0,0
34,0,0,0,16,-1.0,0
37,0,0,0,3,-1.0,0
34,0,0,0,2,-1.0,0
44,0,0,0,0,-1.0,0
44,0,0,0,0,-1.0,0
47,0,0,0,12,-98.0,0
22,0,0,0,0,-1.0,0
22,0,0,0,0,-5.0,0
27,0,0,0,1,-14.0,0
57,0,0,0,2,-50.0,0
34,0,0,0,2,-1.0,0
33,0,0,0,10,0.0,0
28,0,0,0,1,-1.0,0
25,0,0,0,5,-1.0,0
25,0,0,0,0,-1.0,0
26,0,0,0,2,-1.0,0
33,2,0,0,9,-1.0,0
22,0,0,0,3,-1.0,0
28,0,0,0,7,-1.0,0
33,0,0,0,2,-1.0,0
28,0,0,0,1,-2.0,0
31,0,0,0,0,-1.0,0
44,3,0,0,16,-1.0,0
34,0,0,0,1,0.0,0
25,0,0,0,1,0.0,0
25,0,0,0,0,0.0,0
23,0,0,0,0,-1.0,0
24,0,0,1,1,0.0,0
22,0,0,0,0,-1.0,0
25,0,0,0,1,-16.0,0
37,0,0,0,2,-1.0,0
31,0,0,0,1,-1.0,0
21,0,0,0,3,-1.0,0
22,0,0,0,1,-23.0,0
50,0,0,0,3,-1.0,0
27,0,0,0,4,-1.0,0
34,0,0,0,1,0.0,0
59,0,0,0,0,-2.0,0
26,0,0,0,0,-1.0,0
31,0,0,0,0,-1.0,0
44,0,0,0,8,-19.0,0
32,0,0,0,8,35.0,0
22,0,0,0,1,-1.0,0
39,0,0,0,9,-1.0,0
30,0,0,0,6,-10.0,0
40,0,0,0,5,-1.0,0
37,0,0,0,0,-2.0,0
60,0,0,0,1,-1.0,0
20,0,1,1,4,-1.0,0
20,0,0,0,0,0.0,0
57,0,0,0,12,70.0,0
24,0,0,0,11,-1.0,0
37,0,0,0,4,-1.0,0
35,0,0,1,1,0.0,0
34,0,0,0,4,-1.0,0
24,0,0,0,0,-1.0,0
38,0,0,2,5,-1.0,0
49,0,0,0,0,-4.0,0
20,0,1,1,2,-1.0,0
33,0,0,0,0,-1.0,0
32,0,0,0,1,-1.0,0
64,0,0,0,1,-1.0,0
33,0,0,0,2,0.0,0
40,0,0,0,0,-1.0,0
22,0,0,0,0,0.0,0
43,1,0,0,8,34.0,0
35,0,0,0,0,-1.0,0
31,0,0,0,0,-1.0,0
33,0,0,0,1,0.0,0
53,0,0,0,18,-1.0,0
25,0,0,0,0,-1.0,0
26,0,0,1,9,0.0,0
59,0,0,0,9,-91.0,0
48,0,0,0,6,-26.0,0
32,0,0,0,3,0.0,0
32,0,0,0,0,-1.0,0
27,0,1,3,6,-1.0,0
29,0,0,0,6,-1.0,0
26,0,0,0,1,-1.0,0
22,0,0,0,1,-1.0,0
38,0,0,0,3,-1.0,0
21,0,0,0,3,-1.0,0
31,0,0,0,9,-1.0,0
22,0,0,0,3,-1.0,0
38,0,0,0,2,-1.0,0
38,0,0,0,2,-7.0,0
33,0,0,0,1,-5.0,0
57,0,0,0,0,-2.0,0
23,0,2,0,3,-1.0,0
52,0,0,0,3,-1.0,0
36,0,0,0,2,-1.0,0
43,0,0,0,8,-1.0,0
31,0,0,0,2,-1.0,0
21,0,0,0,1,-1.0,0
32,0,0,0,0,-1.0,0
24,0,0,0,0,0.0,0
21,0,0,0,1,-1.0,0
34,0,0,0,13,-1.0,0
29,0,0,0,2,0.0,0
39,0,0,0,16,0.0,0
44,0,0,0,7,-42.0,0
33,0,0,3,18,-1.0,0
36,0,0,0,1,-1.0,0
42,0,0,0,3,-1.0,0
30,0,0,0,0,-1.0,0
42,0,0,0,16,-1.0,0
35,0,0,0,5,-1.0,0
29,1,0,1,9,-1.0,0
31,0,0,0,13,-1.0,0
36,0,2,0,17,-1.0,0
47,0,0,0,14,-1.0,0
51,0,0,0,1,-1.0,0
29,0,0,0,2,-1.0,0
35,0,0,0,6,-1.0,0
27,0,0,0,3,-1.0,0
50,0,0,0,0,-1.0,0
59,0,0,0,8,-1.0,0
44,0,0,0,4,0.0,0
46,0,0,1,15,-1.0,0
45,0,0,0,0,0.0,0
21,0,0,1,1,-1.0,0
27,0,0,0,2,-1.0,0
22,0,0,0,0,-1.0,0
59,0,0,0,17,-65.0,0
21,0,0,0,1,-1.0,0
34,0,0,0,0,-2.0,0
38,0,0,0,1,-27.0,0
28,0,0,0,5,-1.0,0
50,0,0,0,0,-1.0,0
27,0,0,0,1,-1.0,0
37,3,0,0,12,-1.0,0
24,0,0,0,1,0.0,0
21,0,0,0,0,-1.0,0
25,0,0,0,0,0.0,0
31,0,0,0,1,-1.0,0
29,0,0,0,16,-1.0,0
22,0,0,0,1,0.0,0
37,0,0,0,4,-1.0,0
31,0,0,0,0,-1.0,0
66,0,0,0,0,-1.0,0
30,0,0,0,1,-1.0,0
33,0,0,0,3,-1.0,0
33,0,0,0,4,-1.0,0
43,1,0,0,20,0.0,0
38,0,0,0,5,-1.0,0
49,0,0,0,6,-1.0,0
50,0,0,0,4,-1.0,0
28,0,0,1,3,-1.0,0
49,0,0,0,0,-1.0,0
26,0,0,0,4,-2.0,0
34,1,0,0,9,0.0,0
51,0,0,0,1,-1.0,0
48,0,0,0,0,-1.0,0
21,0,0,3,1,-25.0,0
30,0,0,0,0,-1.0,0
41,0,0,0,9,-1.0,0
25,0,1,0,6,-16.0,0
34,0,0,0,8,37.0,0
32,0,0,0,2,-1.0,0
29,0,0,0,1,0.0,0
31,0,0,0,0,0.0,0
27,0,0,0,2,-6.0,0
48,0,0,0,12,-24.0,0
22,0,0,0,3,-1.0,0
33,0,0,0,2,-2.0,0
34,0,0,0,3,0.0,0
24,0,0,2,2,-1.0,0
27,0,1,0,1,-1.0,0
40,0,0,0,6,-1.0,0
31,0,0,0,14,-1.0,0
23,0,0,0,1,-1.0,0
30,0,0,0,1,-1.0,0
39,1,1,0,16,-1.0,0
32,0,0,0,2,-1.0,0
63,0,0,0,2,-3.0,0
42,0,0,0,2,-1.0,0
31,0,0,0,10,-8.0,0
33,0,0,0,0,-1.0,0
35,0,0,0,1,-1.0,0
25,0,2,0,5,-3.0,0
41,0,0,0,0,-1.0,0
21,0,0,0,0,-1.0,0
20,0,0,0,0,-1.0,0
38,0,0,0,1,-1.0,0
36,0,0,0,2,-1.0,0
28,0,0,0,0,-1.0,0
53,0,0,0,20,-3.0,0
44,0,0,0,4,0.0,0
33,0,0,0,2,14.0,0
34,0,0,0,3,-1.0,0
38,2,2,1,22,-34.0,0
22,0,0,0,2,0.0,0
61,0,0,0,0,0.0,0
20,0,0,0,0,-1.0,0
31,0,0,0,0,-5.0,0
22,0,0,0,4,-13.0,0
38,0,0,0,0,-1.0,0
51,0,0,0,8,-1.0,0
56,0,0,0,9,0.0,0
34,0,0,0,1,-1.0,0
31,0,0,0,11,-1.0,0
31,0,0,0,3,-37.0,0
26,0,1,1,11,-1.0,0
23,0,0,0,0,-1.0,0
48,0,0,0,4,0.0,0
45,0,0,0,0,0.0,0
27,0,2,1,18,0.0,0
19,0,0,0,0,0.0,0
27,0,0,0,1,-1.0,0
25,0,0,0,4,-1.0,0
32,0,0,1,0,-1.0,0
30,0,0,0,1,-71.0,0
43,0,0,0,2,0.0,0
27,0,0,0,5,-1.0,0
41,0,0,0,3,0.0,0
30,0,0,0,15,-4.0,0
37,0,0,0,6,-1.0,0
32,0,0,0,2,-28.0,0
24,0,0,0,5,-1.0,0
44,0,0,0,4,0.0,0
70,0,0,0,1,-13.0,0
28,0,0,0,1,-1.0,0
31,0,0,0,1,0.0,0
20,0,0,0,1,-70.0,0
24,0,1,0,9,-1.0,0
23,0,0,0,1,-39.0,0
64,0,0,0,1,-1.0,0
40,0,0,0,0,-1.0,0
25,0,0,0,0,-1.0,0
26,0,0,0,1,-1.0,0
25,0,0,0,1,-1.0,0
28,0,0,0,1,0.0,0
28,0,0,0,7,-1.0,0
42,0,0,0,1,0.0,0
19,1,3,2,5,-31.0,0
21,0,0,0,0,-1.0,0
23,0,0,0,1,-1.0,0
43,0,0,0,0,0.0,0
44,0,0,0,5,-1.0,0
48,0,0,0,3,-1.0,0
75,0,0,0,1,-35.0,0
40,0,0,0,4,-1.0,0
47,0,0,0,1,0.0,0
24,0,0,2,8,-1.0,0
22,0,0,0,0,-1.0,0
23,0,0,0,0,-1.0,0
26,0,0,0,13,0.0,0
30,0,0,0,12,0.0,0
52,0,0,0,0,-1.0,0
23,0,0,0,1,-40.0,0
28,0,0,0,4,-1.0,0
66,0,0,0,1,-1.0,0
27,0,0,0,1,-1.0,0
21,1,0,0,1,-1.0,0
29,0,0,0,1,-1.0,0
33,0,0,0,1,-4.0,0
48,0,0,0,4,-26.0,0
39,0,0,0,21,-1.0,0
24,0,0,0,5,86.0,0
69,0,0,0,0,0.0,0
21,0,0,0,0,-1.0,0
26,0,0,0,0,-1.0,0
34,0,0,0,7,0.0,0
55,0,0,0,3,-1.0,0
24,0,0,0,0,-1.0,0
28,0,0,0,1,-1.0,0
45,1,0,0,12,-1.0,0
60,0,0,0,3,-60.0,0
24,0,0,0,1,0.0,0
26,0,0,0,6,0.0,0
28,0,1,0,9,-1.0,0
23,0,0,0,3,-1.0,0
45,0,0,0,3,-23.0,0
37,0,0,0,1,-1.0,0
26,0,0,0,3,-1.0,0
21,0,1,0,6,-19.0,0
24,0,0,0,0,-1.0,0
56,0,0,0,0,-1.0,0
34,0,0,0,5,-1.0,0
29,1,2,0,6,0.0,0
29,0,0,0,7,0.0,0
23,0,0,0,4,-33.0,0
21,0,0,0,1,-1.0,0
29,0,0,0,5,0.0,0
63,0,0,0,1,0.0,0
27,0,0,0,0,-1.0,0
33,0,0,1,9,-1.0,0
27,0,0,0,0,-1.0,0
53,0,0,0,1,-29.0,0
63,0,0,0,0,0.0,0
36,0,0,0,3,-27.0,0
20,0,0,0,0,32.0,0
32,0,0,0,3,0.0,0
68,0,0,0,0,-2.0,0
31,0,0,0,0,-1.0,0
52,0,0,0,0,-1.0,0
26,0,0,0,1,-18.0,0
51,1,0,0,8,-1.0,0
59,0,0,0,10,-1.0,0
36,0,0,0,2,0.0,0
22,0,0,0,5,-42.0,0
31,0,0,0,0,-1.0,0
36,0,0,0,5,-1.0,0
31,0,0,0,15,0.0,0
20,0,0,0,0,-1.0,0
37,0,0,0,8,0.0,0
26,0,0,0,0,-1.0,0
31,0,0,0,9,0.0,0
20,0,0,0,0,-1.0,0
41,0,0,0,1,0.0,0
24,0,0,0,2,-1.0,0
28,0,0,0,3,-1.0,0
49,0,0,0,0,0.0,0
25,0,0,0,7,-1.0,0
60,0,0,0,0,-1.0,0
29,0,0,0,0,-1.0,0
35,0,0,0,8,0.0,0
29,0,0,0,12,0.0,0
38,0,0,0,0,-1.0,0
32,0,0,0,0,-1.0,0
33,0,0,0,16,-2.0,0
39,0,0,0,1,-2.0,0
39,0,0,0,1,-1.0,0
34,1,0,0,26,0.0,0
26,0,0,0,2,-1.0,0
33,0,0,0,0,-1.0,0
20,1,0,0,1,57.0,0
47,0,0,0,0,0.0,0
27,0,0,0,7,-1.0,0
42,0,0,0,5,-1.0,0
36,0,0,0,1,-1.0,0
27,0,0,0,0,0.0,0
28,0,0,0,2,-1.0,0
35,0,0,1,8,0.0,0
31,0,0,0,2,-1.0,0
23,0,0,0,0,-1.0,0
32,0,0,0,3,-1.0,0
47,0,0,0,7,-1.0,0
30,0,0,0,0,-1.0,0
41,0,0,0,2,-1.0,0
37,0,0,0,8,0.0,0
28,0,0,0,0,-1.0,0
51,0,0,0,1,-83.0,0
42,3,0,0,17,-8.0,0
27,0,0,0,4,-1.0,0
60,0,0,0,0,-7.0,0
34,0,0,0,0,-1.0,0
46,0,0,0,2,-1.0,0
25,0,0,0,0,0.0,0
21,0,1,0,1,-1.0,0
34,0,0,0,3,0.0,0
38,0,0,0,1,-1.0,0
45,0,0,0,6,-1.0,0
31,0,0,0,9,-1.0,0
34,0,0,0,0,-2.0,0
24,0,0,0,4,-1.0,0
35,0,0,0,3,-1.0,0
47,4,0,1,14,-1.0,0
36,0,0,0,0,0.0,0
52,0,0,0,0,-1.0,0
30,0,0,0,0,-1.0,0
29,0,0,0,11,-1.0,0
33,0,0,0,2,-10.0,0
50,0,0,0,0,0.0,0
52,0,0,0,2,-1.0,0
33,0,0,0,21,-6.0,0
39,0,1,0,4,-30.0,0
24,0,0,0,5,-1.0,0
26,0,0,0,0,-1.0,0
37,0,0,0,8,-1.0,0
24,0,0,0,0,-2.0,0
28,0,0,0,5,-1.0,0
43,0,0,0,0,-1.0,0
58,0,0,0,1,-1.0,0
54,0,0,0,4,-1.0,0
35,0,0,0,0,0.0,0
29,0,0,0,11,-3.0,0
24,0,0,0,4,-1.0,0
29,0,0,0,3,-1.0,0
36,1,0,0,26,-1.0,0
21,0,0,0,1,-40.0,0
20,0,0,0,2,-3.0,0
43,0,0,0,4,-1.0,0
24,0,0,0,3,-1.0,0
31,0,0,0,10,-18.0,0
56,0,0,0,13,-59.0,0
38,0,0,0,2,-1.0,0
53,0,0,0,2,-1.0,0
58,0,0,0,5,-1.0,0
22,0,0,0,0,-1.0,0
24,1,0,0,6,-1.0,0
42,0,0,0,0,-1.0,0
30,0,1,0,11,31.0,0
28,0,0,0,0,-1.0,0
64,0,0,0,0,-1.0,0
61,0,0,0,1,-49.0,0
49,0,0,0,1,-1.0,0
23,0,0,0,0,-1.0,0
59,0,0,0,4,-49.0,0
22,1,0,0,2,0.0,0
24,0,0,3,4,-1.0,0
26,0,0,0,5,-1.0,0
34,0,0,0,5,-1.0,0
51,0,0,0,1,-1.0,0
35,0,0,0,1,-1.0,0
30,0,0,0,3,-94.0,0
63,0,0,0,2,-1.0,0
34,0,0,0,2,0.0,0
48,0,0,0,0,-1.0,0
31,0,0,1,11,0.0,0
46,0,0,0,2,-1.0,0
31,0,0,0,2,-1.0,0
36,0,0,0,5,17.0,0
26,0,0,0,0,-6.0,0
26,0,0,0,2,-1.0,0
35,0,0,0,1,0.0,0
43,0,0,0,8,35.0,0
49,0,0,0,0,0.0,0
53,0,0,0,1,-2.0,0
41,0,0,0,0,-4.0,0
22,0,0,0,3,-1.0,0
21,0,0,0,0,-1.0,0
33,0,0,0,13,0.0,0
39,0,0,0,3,-1.0,0
21,0,0,0,0,-6.0,0
29,0,0,2,14,0.0,0
22,0,0,0,3,-1.0,0
24,0,0,0,1,-38.0,0
31,0,0,0,0,-1.0,0
48,0,0,0,5,-1.0,0
40,0,0,0,1,0.0,0
57,0,0,0,21,-33.0,0
45,0,0,0,8,-1.0,0
20,0,0,0,1,-1.0,0
32,0,0,0,8,31.0,0
26,1,0,0,10,-1.0,0
28,0,0,0,5,-1.0,0
22,0,0,0,6,-1.0,0
31,0,0,0,0,-1.0,0
45,0,0,0,2,-1.0,0
27,0,0,0,4,0.0,0
20,2,0,0,2,-1.0,0
33,0,0,0,3,-1.0,0
47,0,0,0,0,0.0,0
41,0,0,0,3,-1.0,0
51,0,0,0,1,-12.0,0
27,0,0,0,5,20.0,0
45,0,0,0,1,-1.0,0
23,1,0,0,3,-1.0,0
25,0,0,0,2,-1.0,0
29,0,0,1,11,-65.0,0
38,0,0,0,3,0.0,0
22,0,0,0,3,-1.0,0
36,0,0,0,15,-1.0,0
32,0,0,0,1,-1.0,0
29,0,0,0,0,0.0,0
26,0,0,0,3,-1.0,0
21,0,0,0,0,-2.0,0
31,0,0,0,4,-1.0,0
22,0,0,0,1,-1.0,0
58,0,0,0,16,-1.0,0
31,0,0,0,0,-1.0,0
25,0,0,2,6,-1.0,0
22,0,0,0,0,-1.0,0
41,0,0,0,3,-1.0,0
34,0,0,0,8,37.0,0
20,1,0,0,1,-48.0,0
52,0,0,0,0,-1.0,0
21,0,0,0,0,-1.0,0
28,0,0,0,0,-1.0,0
19,3,0,0,2,-21.0,0
41,0,0,0,11,-1.0,0
29,0,0,0,1,-50.0,0
36,0,0,0,2,-1.0,0
46,0,0,0,1,-37.0,0
52,0,0,0,2,-1.0,0
53,0,0,0,11,-1.0,0
32,0,0,0,0,-1.0,0
55,0,0,0,3,-1.0,0
36,0,0,0,9,0.0,0
38,0,0,0,7,0.0,0
50,1,0,0,5,29.0,0
38,0,0,0,0,-1.0,0
40,0,0,0,1,0.0,0
22,0,0,0,1,-1.0,0
33,0,0,0,0,-2.0,0
22,0,0,0,0,-5.0,0
23,0,0,0,0,-1.0,0
22,0,0,0,4,-1.0,0
32,1,2,0,17,84.0,0
27,0,0,0,4,0.0,0
22,0,1,1,3,-1.0,0
24,0,0,0,2,-1.0,0
34,0,0,0,4,0.0,0
32,0,0,0,2,-1.0,0
24,0,0,0,1,-1.0,0
28,0,0,0,0,0.0,0
55,0,0,0,0,-1.0,0
32,1,0,0,2,15.0,0
22,0,0,0,1,-1.0,0
47,0,0,0,1,-1.0,0
27,0,0,0,6,-1.0,0
51,0,0,0,2,-1.0,0
24,0,0,0,1,-1.0,0
25,0,0,0,1,-1.0,0
51,0,0,0,3,-1.0,0
22,0,0,1,1,-1.0,0
24,0,0,0,2,0.0,0
58,0,0,0,4,-1.0,0
34,0,0,0,1,39.0,0
21,0,0,0,5,-1.0,0
24,0,0,0,5,-40.0,0
36,0,0,0,1,0.0,0
45,0,0,0,0,-1.0,0
45,1,0,0,16,-1.0,0
31,0,0,0,5,-1.0,0
25,0,0,0,2,-25.0,0
67,0,0,0,1,19.0,0
21,0,0,0,0,-1.0,0
21,0,0,0,0,-1.0,0
19,0,0,0,2,-2.0,0
50,0,0,0,0,-1.0,0
30,0,0,0,2,-1.0,0
36,0,0,0,0,-3.0,0
37,0,0,0,2,-1.0,0
56,0,0,0,31,-22.0,0
29,0,1,0,16,-1.0,0
30,0,0,0,0,-1.0,0
41,0,0,0,0,-1.0,0
26,0,0,0,6,0.0,0
20,0,0,0,0,-1.0,0
30,0,1,0,19,0.0,0
24,0,0,0,2,-60.0,0
36,0,0,0,11,-1.0,0
28,0,0,0,9,-1.0,0
28,0,0,0,1,-1.0,0
21,0,0,0,1,-1.0,0
26,0,0,0,2,-1.0,0
29,0,0,0,7,-1.0,0
55,0,0,0,16,-1.0,0
21,0,0,0,0,-1.0,0
34,0,0,0,2,-1.0,0
23,0,0,0,0,-1.0,0
49,0,0,0,3,0.0,0
23,0,0,0,2,-1.0,0
42,0,0,0,3,0.0,0
26,0,0,0,1,-1.0,0
20,0,0,1,1,-1.0,0
61,0,0,0,20,-1.0,0
25,0,0,0,0,-1.0,0
25,0,0,0,0,-1.0,0
62,0,0,0,0,-1.0,0
23,0,0,1,3,-1.0,0
20,0,0,2,0,0.0,0
30,0,0,0,0,-1.0,0
24,0,0,0,0,-1.0,0
32,0,0,0,1,-1.0,0
52,0,0,0,1,0.0,0
48,0,0,0,4,-1.0,0
38,0,0,0,5,-2.0,0
26,0,0,0,2,-60.0,0
19,0,0,0,2,-2.0,0
31,0,0,0,2,-1.0,0
29,0,2,1,7,0.0,0
22,0,0,0,3,-1.0,0
21,0,0,0,0,-1.0,0
49,0,0,0,2,-1.0,0
39,0,1,0,13,-1.0,0
61,0,0,0,11,-1.0,0
49,0,0,0,2,-1.0,0
33,0,0,0,4,-1.0,0
30,0,0,0,5,0.0,0
21,0,0,0,0,-1.0,0
30,4,0,0,12,0.0,0
65,0,0,0,0,-1.0,0
32,0,0,0,1,0.0,0
36,0,0,0,4,-1.0,0
55,0,0,0,19,-1.0,0
24,0,0,0,9,-1.0,0
34,0,0,0,1,0.0,0
29,0,0,0,2,-1.0,0
28,0,0,0,4,-1.0,0
30,0,0,0,21,0.0,0
31,0,0,0,7,-1.0,0
21,0,0,0,0,-1.0,0
32,0,0,0,7,0.0,0
20,0,0,1,2,-1.0,0
53,0,0,0,5,-1.0,0
25,1,4,0,10,-1.0,0
51,0,0,0,2,0.0,0
47,0,0,0,2,-1.0,0
21,0,0,0,1,-21.0,0
42,0,0,0,17,-1.0,0
21,0,0,1,2,-1.0,0
39,0,0,0,8,-75.0,0
24,0,0,0,0,0.0,0
57,0,0,0,1,-1.0,0
26,0,0,0,2,-1.0,0
55,0,0,0,33,-1.0,0
34,0,0,0,9,-75.0,0
25,0,0,0,2,-1.0,0
31,0,0,0,4,-1.0,0
28,0,0,0,5,-32.0,0
21,0,0,0,1,-1.0,0
26,0,0,0,0,-4.0,0
20,1,0,0,1,-1.0,0
29,0,0,0,3,-1.0,0
21,0,0,0,1,-1.0,0
34,0,0,0,3,-1.0,0
65,0,0,0,0,-1.0,0
31,0,0,0,1,-1.0,0
29,0,0,0,3,-1.0,0
36,0,0,0,4,74.0,0
47,0,0,1,19,-1.0,0
31,0,0,0,4,-3.0,0
28,0,0,0,2,-1.0,0
36,0,0,0,1,-1.0,0
48,0,0,0,0,-1.0,0
52,0,0,0,7,-1.0,0
24,0,1,2,8,-1.0,0
30,0,0,0,2,-1.0,0
45,0,0,0,1,0.0,0
42,0,0,0,5,-1.0,0
38,0,0,0,0,0.0,0
38,0,1,0,10,-1.0,0
32,2,0,2,11,0.0,0
39,0,0,0,2,0.0,0
27,0,0,0,2,-34.0,0
26,0,0,0,0,-1.0,0
30,0,0,0,14,-1.0,0
25,0,1,2,14,-1.0,0
26,0,0,0,7,81.0,0
45,0,0,0,0,-6.0,0
47,0,0,0,12,-98.0,0
27,0,0,0,1,-1.0,0
42,0,0,0,0,-1.0,0
42,0,0,0,7,-15.0,0
23,0,0,0,2,-1.0,0
48,0,0,0,10,-1.0,0
23,0,0,0,1,-2.0,0
41,0,0,0,1,-1.0,0
31,0,0,0,1,-22.0,0
28,0,0,0,1,-1.0,0
48,0,0,0,12,-1.0,0
24,0,0,0,0,-1.0,0
41,0,0,0,1,-1.0,0
28,1,0,0,12,-1.0,0
20,0,0,0,0,0.0,0
40,0,0,0,1,-1.0,0
22,0,0,0,4,-1.0,0
37,0,0,0,0,-2.0,0
32,0,1,0,0,0.0,0
26,0,0,0,9,0.0,0
46,0,0,0,1,-22.0,0
31,0,0,0,0,-1.0,0
20,0,0,3,2,-1.0,0
24,0,0,0,2,-1.0,0
31,0,0,0,7,-1.0,0
52,0,0,0,8,-1.0,0
19,0,0,0,0,-1.0,0
23,0,0,0,0,0.0,0
22,0,0,0,0,0.0,0
29,0,0,0,2,-57.0,0
53,0,0,0,0,0.0,0
42,0,0,0,1,-1.0,0
36,0,0,0,1,-1.0,0
38,0,0,0,3,-1.0,0
28,1,1,0,5,-1.0,0
43,0,0,0,1,-1.0,0
55,0,0,0,0,-2.0,0
24,0,0,0,1,-1.0,0
30,0,0,0,1,-1.0,0
21,0,0,0,5,-1.0,0
21,0,1,0,6,-1.0,0
30,0,0,0,0,-1.0,0
22,1,0,0,12,0.0,0
23,1,1,2,4,-1.0,0
36,0,2,0,17,-1.0,0
22,0,0,0,0,-1.0,0
21,0,0,2,4,-29.0,0
