height,lenght,area,eccen,p_black,p_and,mean_tr,blackpix,blackand,wb_trans,class
8,14,112,1.75,0.446,0.973,2.27,50,109,22,1
8,6,48,0.75,0.313,0.813,1.88,15,39,8,1
9,1,9,0.111,1.0,1.0,9.0,9,9,1,1
187,141,26367,0.754,0.415,0.884,4.69,10947,23301,2333,3
13,67,871,5.154,0.441,0.83,5.19,384,723,74,1
9,21,189,2.333,0.519,0.942,3.27,98,178,30,1
8,70,560,8.75,0.388,0.841,2.21,217,471,98,1
16,427,6832,26.688,0.4,0.632,5.56,2736,4316,492,1
11,81,891,7.364,0.339,0.695,2.77,302,619,109,1
7,16,112,2.286,0.313,0.973,1.75,35,109,20,1
9,47,423,5.222,0.362,0.905,2.01,153,383,76,1
2,32,64,16.0,0.516,0.531,33.0,33,34,1,2
7,34,238,4.857,0.223,0.916,1.33,53,218,40,1
11,245,2695,22.273,0.252,0.829,1.86,678,2235,365,1
7,14,98,2.0,0.357,0.867,1.75,35,85,20,1
14,265,3710,18.929,0.354,0.565,4.47,1315,2097,294,1
10,10,100,1.0,0.56,0.69,28.0,56,69,2,1
27,320,8640,11.852,0.321,0.561,4.53,2774,4845,613,1
1,11,11,11.0,0.909,1.0,10.0,10,11,1,2
9,111,999,12.333,0.209,0.571,1.57,209,570,133,1
9,250,2250,27.778,0.347,0.737,2.44,781,1659,320,1
1,16,16,16.0,0.938,1.0,15.0,15,16,1,2
7,1,7,0.143,1.0,1.0,7.0,7,7,1,4
5,3,15,0.6,0.6,0.6,9.0,9,9,1,1
1,19,19,19.0,0.579,1.0,3.67,11,19,3,2
11,76,836,6.909,0.254,0.688,2.08,212,575,102,1
10,261,2610,26.1,0.264,0.679,1.77,689,1771,390,1
8,256,2048,32.0,0.124,0.563,1.26,253,1153,200,1
6,48,288,8.0,0.316,0.965,1.57,91,278,58,1
11,185,2035,16.818,0.487,0.883,4.5,991,1796,220,1
8,15,120,1.875,0.267,0.908,1.23,32,109,26,1
11,90,990,8.182,0.47,0.718,4.6,465,711,101,1
8,44,352,5.5,0.415,0.949,2.06,146,334,71,1
1,8,8,8.0,1.0,1.0,8.0,8,8,1,2
11,8,88,0.727,0.443,0.466,39.0,39,41,1,1
8,46,368,5.75,0.318,0.818,2.09,117,301,56,1
6,27,162,4.5,0.475,0.809,2.33,77,131,33,1
9,268,2412,29.778,0.465,0.694,6.3,1122,1675,178,1
9,82,738,9.111,0.37,0.924,2.39,273,682,114,1
10,260,2600,26.0,0.282,0.737,1.78,732,1916,412,1
2,475,950,237.5,0.504,0.544,95.8,479,517,5,2
7,20,140,2.857,0.25,0.657,1.46,35,92,24,1
9,84,756,9.333,0.329,0.632,2.08,249,478,120,1
9,457,4113,50.778,0.173,0.63,1.28,712,2590,555,1
12,62,744,5.167,0.234,0.66,1.58,174,491,110,1
10,33,330,3.3,0.282,0.839,1.82,93,277,51,1
63,79,4977,1.254,0.338,0.345,186.78,1681,1718,9,3
1,9,9,9.0,0.889,1.0,8.0,8,9,1,2
9,56,504,6.222,0.339,0.931,2.22,171,469,77,1
11,94,1034,8.545,0.28,0.675,2.03,290,698,143,1
12,90,1080,7.5,0.183,0.716,1.92,198,773,103,1
8,20,160,2.5,0.375,0.725,1.88,60,116,32,1
8,22,176,2.75,0.375,0.909,1.78,66,160,37,1
10,121,1210,12.1,0.402,0.849,2.7,486,1027,180,1
4,24,96,6.0,0.573,0.958,2.04,55,92,27,1
9,37,333,4.111,0.213,0.706,1.54,71,235,46,1
10,19,190,1.9,0.542,0.768,7.36,103,146,14,1
11,165,1815,15.0,0.354,0.706,3.38,643,1282,190,1
8,19,152,2.375,0.421,0.974,1.83,64,148,35,1
9,535,4815,59.444,0.146,0.634,1.32,704,3052,534,1
10,31,310,3.1,0.339,0.713,2.14,105,221,49,1
10,38,380,3.8,0.432,0.939,2.78,164,357,59,1
8,18,144,2.25,0.403,0.896,2.52,58,129,23,1
15,268,4020,17.867,0.413,0.731,5.1,1661,2940,326,1
6,12,72,2.0,0.361,0.903,1.44,26,65,18,1
10,13,130,1.3,0.108,0.685,2.33,14,89,6,1
9,40,360,4.444,0.506,0.964,3.08,182,347,59,1
8,126,1008,15.75,0.188,0.685,1.27,189,690,149,1
6,15,90,2.5,0.278,0.744,1.92,25,67,13,1
10,66,660,6.6,0.273,0.661,1.94,180,436,93,1
7,41,287,5.857,0.213,0.801,1.36,61,230,45,1
54,357,19278,6.611,0.299,0.655,6.4,5766,12626,901,5
5,43,215,8.6,0.265,0.786,1.33,57,169,43,1
7,12,84,1.714,0.393,0.69,2.36,33,58,14,1
1,14,14,14.0,0.929,1.0,13.0,13,14,1,2
8,2,16,0.25,0.563,0.563,9.0,9,9,1,1
8,82,656,10.25,0.398,0.951,2.51,261,624,104,1
9,59,531,6.556,0.492,0.861,3.22,261,457,81,1
12,7,84,0.583,0.56,1.0,5.22,47,84,9,1
5,4,20,0.8,0.7,1.0,2.33,14,20,6,1
7,26,182,3.714,0.374,0.846,1.66,68,154,41,1
6,106,636,17.667,0.129,0.835,1.14,82,531,72,1
9,134,1206,14.889,0.216,0.68,1.65,260,820,158,1
1,126,126,126.0,0.992,1.0,125.0,125,126,1,2
9,150,1350,16.667,0.237,0.579,1.75,320,782,183,1
7,41,287,5.857,0.185,0.638,1.51,53,183,35,1
7,10,70,1.429,0.286,0.771,2.22,20,54,9,1
5,4,20,0.8,0.45,0.8,3.0,9,16,3,1
9,16,144,1.778,0.215,0.764,1.55,31,110,20,1
7,29,203,4.143,0.365,0.946,2.0,74,192,37,1
6,96,576,16.0,0.309,0.644,2.44,178,371,73,1
6,97,582,16.167,0.299,0.701,1.85,174,408,94,1
6,96,576,16.0,0.234,0.668,2.01,135,385,67,1
10,19,190,1.9,0.553,0.805,7.5,105,153,14,1
6,46,276,7.667,0.322,0.877,1.48,89,242,60,1
9,76,684,8.444,0.363,0.874,2.18,248,598,114,1
6,89,534,14.833,0.298,0.758,1.61,159,405,99,1
7,17,119,2.429,0.311,0.908,1.54,37,108,24,1
17,245,4165,14.412,0.913,0.997,12.97,3801,4152,293,1
10,48,480,4.8,0.579,0.706,6.04,278,339,46,1
8,24,192,3.0,0.339,0.917,1.81,65,176,36,1
5,7,35,1.4,0.4,0.657,2.33,14,23,6,1
10,27,270,2.7,0.367,0.744,2.02,99,201,49,1
11,86,946,7.818,0.332,0.808,2.2,314,764,143,1
10,23,230,2.3,0.261,0.787,1.76,60,181,34,1
10,499,4990,49.9,0.147,0.631,1.27,733,3150,575,1
12,284,3408,23.667,0.325,0.725,2.87,1109,2471,386,1
9,36,324,4.0,0.352,0.806,1.75,114,261,65,1
2,64,128,32.0,0.43,0.602,3.93,55,77,14,2
14,253,3542,18.071,0.372,0.826,4.36,1317,2924,302,1
7,38,266,5.429,0.338,0.729,1.55,90,194,58,1
8,29,232,3.625,0.444,1.0,2.15,103,232,48,1
9,83,747,9.222,0.335,0.843,2.05,250,630,122,1
54,48,2592,0.889,0.143,0.264,6.85,370,685,54,5
8,34,272,4.25,0.357,0.75,1.87,97,204,52,1
5,5,25,1.0,0.72,0.72,18.0,18,18,1,1
63,66,4158,1.048,0.491,0.591,44.37,2041,2458,46,3
6,184,1104,30.667,0.272,0.697,1.54,300,770,195,1
6,12,72,2.0,0.319,1.0,1.53,23,72,15,1
10,55,550,5.5,0.678,0.827,6.32,373,455,59,1
26,184,4784,7.077,0.773,0.886,16.88,3696,4241,219,1
7,61,427,8.714,0.241,0.794,1.47,103,339,70,1
9,4,36,0.444,0.444,1.0,8.0,16,36,2,1
9,5,45,0.556,0.711,0.889,10.67,32,40,3,1
1,40,40,40.0,0.4,1.0,1.07,16,40,15,1
9,225,2025,25.0,0.198,0.741,1.41,400,1501,283,1
9,16,144,1.778,0.208,0.542,2.14,30,78,14,1
7,123,861,17.571,0.419,0.962,2.62,361,828,138,1
10,151,1510,15.1,0.381,0.785,3.48,575,1186,165,1
9,321,2889,35.667,0.154,0.553,1.32,446,1597,339,1
8,6,48,0.75,0.375,0.792,3.0,18,38,6,1
12,10,120,0.833,0.675,0.783,11.57,81,94,7,1
6,14,84,2.333,0.321,0.881,1.8,27,74,15,1
1,152,152,152.0,0.822,1.0,11.36,125,152,11,2
1,117,117,117.0,0.974,1.0,38.0,114,117,3,2
5,34,170,6.8,0.224,0.606,1.31,38,103,29,1
7,16,112,2.286,0.438,0.857,2.04,49,96,24,1
10,41,410,4.1,0.278,0.632,1.93,114,259,59,1
7,13,91,1.857,0.374,1.0,1.89,34,91,18,1
5,115,575,23.0,0.417,0.92,2.03,240,529,118,1
6,29,174,4.833,0.333,0.799,1.53,58,139,38,1
7,21,147,3.0,0.32,0.714,1.68,47,105,28,1
9,295,2655,32.778,0.2,0.559,1.5,531,1483,354,1
8,8,64,1.0,0.203,0.344,4.33,13,22,3,1
7,4,28,0.571,0.25,0.857,2.33,7,24,3,1
8,38,304,4.75,0.408,0.964,1.65,124,293,75,1
29,48,1392,1.655,0.116,0.268,5.06,162,373,32,5
10,511,5110,51.1,0.134,0.557,1.28,684,2846,534,1
8,108,864,13.5,0.196,0.686,1.34,169,593,126,1
9,29,261,3.222,0.234,0.709,1.3,61,185,47,1
83,277,22991,3.337,0.18,0.365,6.86,4138,8387,603,5
6,7,42,1.167,0.5,0.976,2.1,21,41,10,1
9,21,189,2.333,0.243,0.757,1.31,46,143,35,1
9,82,738,9.111,0.247,0.935,2.09,182,690,87,1
8,7,56,0.875,0.411,1.0,2.09,23,56,11,1
7,8,56,1.143,0.268,0.768,1.07,15,43,14,1
24,281,6744,11.708,0.468,0.903,7.95,3155,6088,397,1
13,57,741,4.385,0.745,1.0,11.5,552,741,48,1
11,35,385,3.182,0.335,0.584,4.78,129,225,27,1
24,177,4248,7.375,0.514,0.961,8.02,2182,4082,272,1
10,33,330,3.3,0.394,0.645,3.25,130,213,40,1
25,153,3825,6.12,0.255,0.611,2.08,977,2338,470,1
9,151,1359,16.778,0.139,0.549,1.17,189,746,162,1
8,53,424,6.625,0.347,0.767,1.93,147,325,76,1
168,145,24360,0.863,0.798,0.963,13.06,19430,23457,1488,3
9,185,1665,20.556,0.386,0.686,2.83,643,1142,227,1
10,34,340,3.4,0.356,0.744,1.98,121,253,61,1
7,19,133,2.714,0.263,0.662,1.35,35,88,26,1
1,131,131,131.0,0.977,1.0,64.0,128,131,2,2
9,17,153,1.889,0.451,0.941,2.46,69,144,28,1
8,41,328,5.125,0.424,0.966,2.53,139,317,55,1
11,262,2882,23.818,0.259,0.788,1.94,747,2271,386,1
10,143,1430,14.3,0.355,0.775,2.33,508,1108,218,1
7,20,140,2.857,0.436,0.736,2.35,61,103,26,1
8,68,544,8.5,0.336,0.868,1.91,183,472,96,1
6,8,48,1.333,0.563,0.958,3.38,27,46,8,1
11,13,143,1.182,0.42,0.979,2.22,60,140,27,1
38,69,2622,1.816,0.476,0.839,4.27,1247,2201,292,1
7,30,210,4.286,0.329,1.0,1.38,69,210,50,1
11,42,462,3.818,0.284,0.654,1.93,131,302,68,1
8,25,200,3.125,0.28,0.825,1.6,56,165,35,1
8,12,96,1.5,0.417,0.802,2.11,40,77,19,1
9,534,4806,59.333,0.131,0.516,1.31,629,2482,479,1
8,6,48,0.75,0.583,0.813,7.0,28,39,4,1
7,28,196,4.0,0.306,0.847,1.58,60,166,38,1
8,202,1616,25.25,0.313,0.689,1.83,505,1114,276,1
10,58,580,5.8,0.402,0.893,2.81,233,518,83,1
9,13,117,1.444,0.103,0.752,4.0,12,88,3,2
12,83,996,6.917,0.301,0.814,1.99,300,811,151,1
7,11,77,1.571,0.117,0.494,1.8,9,38,5,5
7,155,1085,22.143,0.178,0.614,1.46,193,666,132,1
3,550,1650,183.33,0.339,0.401,15.11,559,662,37,2
9,42,378,4.667,0.325,0.823,1.71,123,311,72,1
9,25,225,2.778,0.329,0.502,2.55,74,113,29,1
9,18,162,2.0,0.623,0.864,7.77,101,140,13,1
6,11,66,1.833,0.348,1.0,1.53,23,66,15,1
8,7,56,0.875,0.375,1.0,2.63,21,56,8,1
12,8,96,0.667,0.615,0.969,5.9,59,93,10,1
7,20,140,2.857,0.429,1.0,1.94,60,140,31,1
3,541,1623,180.33,0.71,0.747,88.62,1152,1213,13,2
7,12,84,1.714,0.357,0.81,1.67,30,68,18,1
8,12,96,1.5,0.385,0.948,1.48,37,91,25,1
3,31,93,10.333,0.226,0.774,2.1,21,72,10,1
8,33,264,4.125,0.356,0.705,2.0,94,186,47,1
6,100,600,16.667,0.345,0.795,1.68,207,477,123,1
12,50,600,4.167,0.345,0.627,2.72,207,376,76,1
8,20,160,2.5,0.394,0.944,2.25,63,151,28,1
166,472,78352,2.843,0.359,0.547,17.12,28093,42821,1641,3
9,41,369,4.556,0.301,0.886,1.91,111,327,58,1
16,359,5744,22.438,0.376,0.652,5.41,2158,3747,399,1
3,11,33,3.667,0.364,0.667,3.0,12,22,4,2
9,75,675,8.333,0.369,0.936,2.09,249,632,119,1
83,149,12367,1.795,0.388,0.472,28.77,4804,5838,167,3
7,54,378,7.714,0.254,0.608,1.39,96,230,69,1
14,201,2814,14.357,0.373,0.641,4.84,1050,1804,217,1
8,39,312,4.875,0.362,0.881,1.74,113,275,65,1
10,535,5350,53.5,0.166,0.681,1.32,889,3646,671,1
7,59,413,8.429,0.15,0.576,1.38,62,238,45,1
187,137,25619,0.733,0.899,0.991,29.29,23025,25400,786,3
8,12,96,1.5,0.458,0.927,2.2,44,89,20,1
8,26,208,3.25,0.399,0.976,1.93,83,203,43,1
1,14,14,14.0,1.0,1.0,14.0,14,14,1,2
12,72,864,6.0,0.635,0.94,5.97,549,812,92,1
7,14,98,2.0,0.5,1.0,2.72,49,98,18,1
7,140,980,20.0,0.131,0.666,1.28,128,653,100,1
1,22,22,22.0,0.591,1.0,2.6,13,22,5,1
7,79,553,11.286,0.566,0.967,3.56,313,535,88,1
10,30,300,3.0,0.427,0.78,2.78,128,234,46,1
5,7,35,1.4,0.571,1.0,2.5,20,35,8,1
8,41,328,5.125,0.335,0.933,2.08,110,306,53,1
8,14,112,1.75,0.295,0.857,1.83,33,96,18,1
10,58,580,5.8,0.3,0.84,2.17,174,487,80,1
4,194,776,48.5,0.263,0.273,34.0,204,212,6,2
7,15,105,2.143,0.114,0.295,2.4,12,31,5,5
8,13,104,1.625,0.49,0.913,2.68,51,95,19,1
6,13,78,2.167,0.256,0.974,1.54,20,76,13,1
9,12,108,1.333,0.648,0.741,10.0,70,80,7,1
10,12,120,1.2,0.55,0.875,4.71,66,105,14,1
7,15,105,2.143,0.181,0.61,2.71,19,64,7,1
8,12,96,1.5,0.427,0.875,2.56,41,84,16,1
11,262,2882,23.818,0.238,0.57,1.84,685,1643,373,1
10,39,390,3.9,0.31,0.779,1.95,121,304,62,1
16,29,464,1.813,0.144,0.496,2.58,67,230,26,5
11,147,1617,13.364,0.32,0.607,2.2,518,982,235,1
4,44,176,11.0,0.267,0.614,1.81,47,108,26,1
8,54,432,6.75,0.183,0.734,1.34,79,317,59,1
8,21,168,2.625,0.417,0.958,1.94,70,161,36,1
9,42,378,4.667,0.429,0.976,2.75,162,369,59,1
8,10,80,1.25,0.288,0.813,1.64,23,65,14,1
9,76,684,8.444,0.436,0.955,2.37,298,653,126,1
1,36,36,36.0,0.306,1.0,1.83,11,36,6,2
8,31,248,3.875,0.327,0.79,1.84,81,196,44,1
10,13,130,1.3,0.385,0.823,2.0,50,107,25,1
7,7,49,1.0,0.265,0.612,3.25,13,30,4,1
11,9,99,0.818,0.465,0.687,5.75,46,68,8,1
6,13,78,2.167,0.436,0.756,2.27,34,59,15,1
9,22,198,2.444,0.268,0.596,3.31,53,118,16,1
1,63,63,63.0,1.0,1.0,63.0,63,63,1,2
9,201,1809,22.333,0.152,0.456,1.27,275,825,216,1
6,19,114,3.167,0.289,0.789,1.38,33,90,24,1
7,22,154,3.143,0.247,0.714,1.23,38,110,31,1
7,198,1386,28.286,0.17,0.713,1.36,236,988,174,1
2,537,1074,268.5,0.507,0.528,181.33,544,567,3,2
10,511,5110,51.1,0.115,0.414,1.53,588,2114,385,1
7,189,1323,27.0,0.339,0.704,1.89,449,932,237,1
7,135,945,19.286,0.202,0.732,1.43,191,692,134,1
16,410,6560,25.625,0.381,0.569,5.55,2497,3731,450,1
1,11,11,11.0,0.727,1.0,4.0,8,11,2,2
9,15,135,1.667,0.378,0.963,2.43,51,130,21,1
27,1,27,0.037,1.0,1.0,27.0,27,27,1,4
186,469,87234,2.522,0.378,0.529,22.29,33017,46133,1481,3
9,326,2934,36.222,0.171,0.641,1.3,501,1882,385,1
10,261,2610,26.1,0.259,0.767,1.74,676,2001,388,1
10,16,160,1.6,0.444,1.0,2.22,71,160,32,1
7,207,1449,29.571,0.249,0.771,1.29,361,1117,279,1
8,20,160,2.5,0.5,1.0,2.76,80,160,29,1
6,13,78,2.167,0.308,1.0,1.41,24,78,17,1
10,126,1260,12.6,0.425,0.862,2.68,536,1086,200,1
7,62,434,8.857,0.272,0.963,1.46,118,418,81,1
10,10,100,1.0,0.5,0.53,50.0,50,53,1,1
1,73,73,73.0,0.616,1.0,3.75,45,73,12,2
10,228,2280,22.8,0.26,0.61,1.87,592,1390,316,1
12,207,2484,17.25,0.2,0.699,1.7,496,1736,292,1
14,155,2170,11.071,0.303,0.639,2.76,658,1386,238,1
8,192,1536,24.0,0.207,0.579,1.57,318,889,203,1
3,116,348,38.667,0.385,0.494,33.5,134,172,4,2
9,108,972,12.0,0.449,0.868,2.55,436,844,171,1
7,18,126,2.571,0.119,0.452,2.14,15,57,7,1
11,30,330,2.727,0.297,0.6,2.39,98,198,41,1
7,33,231,4.714,0.264,0.844,1.2,61,195,51,1
8,15,120,1.875,0.425,0.925,1.96,51,111,26,1
8,15,120,1.875,0.25,0.808,2.14,30,97,14,1
10,37,370,3.7,0.592,0.722,8.11,219,267,27,1
1,278,278,278.0,0.946,1.0,29.22,263,278,9,2
6,7,42,1.167,0.31,0.786,1.86,13,33,7,1
11,271,2981,24.636,0.168,0.598,1.35,502,1784,371,1
7,13,91,1.857,0.67,0.89,7.63,61,81,8,1
8,43,344,5.375,0.349,0.814,2.26,120,280,53,1
5,44,220,8.8,0.241,0.791,2.52,53,174,21,1
7,45,315,6.429,0.254,0.708,1.29,80,223,62,1
12,1,12,0.083,1.0,1.0,12.0,12,12,1,4
10,165,1650,16.5,0.258,0.695,1.65,426,1147,258,1
8,1,8,0.125,1.0,1.0,8.0,8,8,1,4
12,272,3264,22.667,0.249,0.602,2.01,812,1965,404,1
5,27,135,5.4,0.407,0.815,2.12,55,110,26,1
7,18,126,2.571,0.286,0.627,1.57,36,79,23,1
10,22,220,2.2,0.277,0.595,1.74,61,131,35,1
9,83,747,9.222,0.391,0.795,3.21,292,594,91,1
9,64,576,7.111,0.318,0.818,2.18,183,471,84,1
12,311,3732,25.917,0.195,0.781,1.64,727,2914,443,1
24,280,6720,11.667,0.452,0.899,7.62,3040,6042,399,1
7,14,98,2.0,0.337,0.99,1.65,33,97,20,1
6,96,576,16.0,0.274,0.901,1.58,158,519,100,1
10,18,180,1.8,0.294,0.911,1.89,53,164,28,1
12,117,1404,9.75,0.22,0.673,1.68,309,945,184,1
1,7,7,7.0,1.0,1.0,7.0,7,7,1,2
9,17,153,1.889,0.536,0.915,6.31,82,140,13,1
11,99,1089,9.0,0.23,0.601,2.14,250,654,117,1
15,29,435,1.933,0.524,0.97,4.15,228,422,55,1
9,78,702,8.667,0.464,0.89,3.33,326,625,98,1
6,40,240,6.667,0.221,0.983,1.26,53,236,42,1
6,96,576,16.0,0.198,0.668,1.61,114,385,71,1
8,23,184,2.875,0.375,0.88,2.09,69,162,33,1
8,31,248,3.875,0.351,0.839,1.98,87,208,44,1
10,271,2710,27.1,0.187,0.602,1.35,508,1632,375,1
14,58,812,4.143,0.683,0.927,12.07,555,753,46,1
7,36,252,5.143,0.409,0.861,1.84,103,217,56,1
1,186,186,186.0,0.828,1.0,9.06,154,186,17,2
6,33,198,5.5,0.247,0.813,1.2,49,161,41,1
6,2,12,0.333,0.667,1.0,8.0,8,12,1,1
9,50,450,5.556,0.496,0.958,2.69,223,431,83,1
17,341,5797,20.059,0.935,0.998,36.38,5420,5784,149,2
9,20,180,2.222,0.233,0.5,1.62,42,90,26,1
5,32,160,6.4,0.413,0.994,1.35,66,159,49,1
6,39,234,6.5,0.466,0.889,2.1,109,208,52,1
5,13,65,2.6,0.308,0.831,1.82,20,54,11,1
20,18,360,0.9,0.489,0.583,19.56,176,210,9,1
8,7,56,0.875,0.464,1.0,2.36,26,56,11,1
8,20,160,2.5,0.406,0.906,1.86,65,145,35,1
9,107,963,11.889,0.375,0.861,1.94,361,829,186,1
14,141,1974,10.071,0.278,0.67,2.29,549,1323,240,1
8,37,296,4.625,0.334,0.831,1.87,99,246,53,1
7,18,126,2.571,0.214,0.929,1.13,27,117,24,1
25,186,4650,7.44,0.456,0.868,8.06,2121,4035,263,1
8,18,144,2.25,0.174,0.458,2.5,25,66,10,1
7,141,987,20.143,0.16,0.757,1.17,158,747,135,1
212,464,98368,2.189,0.052,0.07,11.84,5066,6884,428,5
8,76,608,9.5,0.232,0.51,1.88,141,310,75,1
7,22,154,3.143,0.396,1.0,1.85,61,154,33,1
7,8,56,1.143,0.482,1.0,2.25,27,56,12,1
7,33,231,4.714,0.346,0.879,1.36,80,203,59,1
6,7,42,1.167,0.286,0.857,1.5,12,36,8,1
9,12,108,1.333,0.407,1.0,1.63,44,108,27,1
19,45,855,2.368,0.243,0.582,3.01,208,498,69,1
8,76,608,9.5,0.388,0.903,2.11,236,549,112,1
10,54,540,5.4,0.319,0.824,1.83,172,445,94,1
7,11,77,1.571,0.377,0.948,1.38,29,73,21,1
4,3,12,0.75,0.667,0.917,2.67,8,11,3,1
10,25,250,2.5,0.392,0.808,2.51,98,202,39,1
10,18,180,1.8,0.572,0.867,6.44,103,156,16,1
11,17,187,1.545,0.321,0.652,4.29,60,122,14,1
8,61,488,7.625,0.316,0.967,2.03,154,472,76,1
8,13,104,1.625,0.683,0.817,7.1,71,85,10,1
7,12,84,1.714,0.226,0.786,1.9,19,66,10,1
8,14,112,1.75,0.321,0.938,1.71,36,105,21,1
9,18,162,2.0,0.58,0.852,7.83,94,138,12,1
8,14,112,1.75,0.42,0.786,1.88,47,88,25,1
4,69,276,17.25,0.377,0.96,1.82,104,265,57,1
12,98,1176,8.167,0.267,0.627,2.33,314,737,135,1
1,44,44,44.0,0.909,1.0,20.0,40,44,2,2
6,18,108,3.0,0.5,0.991,2.45,54,107,22,1
8,4,32,0.5,0.438,0.594,7.0,14,19,2,5
14,440,6160,31.429,0.158,0.626,1.54,975,3857,632,1
10,31,310,3.1,0.645,0.774,6.67,200,240,30,1
10,47,470,4.7,0.481,0.991,2.97,226,466,76,1
11,8,88,0.727,0.409,0.477,36.0,36,42,1,1
11,12,132,1.091,0.432,0.674,4.38,57,89,13,1
2,446,892,223.0,0.439,0.603,17.82,392,538,22,2
9,166,1494,18.444,0.392,0.75,3.08,585,1120,190,1
10,79,790,7.9,0.163,0.42,1.25,129,332,103,1
8,9,72,1.125,0.375,0.986,2.08,27,71,13,1
7,343,2401,49.0,0.213,0.772,1.45,512,1854,352,1
1,14,14,14.0,0.571,1.0,2.67,8,14,3,1
10,511,5110,51.1,0.158,0.625,1.35,805,3194,596,1
7,56,392,8.0,0.329,0.791,1.65,129,310,78,1
7,40,280,5.714,0.229,0.686,1.28,64,192,50,1
7,4,28,0.571,0.5,1.0,2.33,14,28,6,1
1,88,88,88.0,0.193,1.0,1.0,17,88,17,1
9,36,324,4.0,0.54,0.929,2.87,175,301,61,1
9,83,747,9.222,0.292,0.909,2.42,218,679,90,1
9,28,252,3.111,0.258,0.607,1.51,65,153,43,1
2,536,1072,268.0,0.532,0.558,30.0,570,598,19,2
9,110,990,12.222,0.311,0.627,2.08,308,621,148,1
12,116,1392,9.667,0.331,0.756,2.62,461,1053,176,1
6,43,258,7.167,0.205,0.69,1.77,53,178,30,1
6,7,42,1.167,0.357,0.762,2.14,15,32,7,1
8,15,120,1.875,0.458,0.95,2.2,55,114,25,1
9,17,153,1.889,0.601,0.889,8.36,92,136,11,1
11,87,957,7.909,0.319,0.628,2.65,305,601,115,1
17,34,578,2.0,0.123,0.156,17.75,71,90,4,1
5,16,80,3.2,0.563,0.925,2.65,45,74,17,1
67,296,19832,4.418,0.088,0.285,1.54,1748,5649,1134,1
11,100,1100,9.091,0.473,0.882,3.29,520,970,158,1
6,142,852,23.667,0.115,0.173,6.53,98,147,15,2
1,60,60,60.0,0.2,1.0,1.09,12,60,11,1
11,23,253,2.091,0.265,0.735,2.09,67,186,32,1
10,100,1000,10.0,0.449,0.874,2.82,449,874,159,1
1,196,196,196.0,0.98,1.0,64.0,192,196,3,2
13,400,5200,30.769,0.364,0.609,4.52,1891,3168,418,1
13,152,1976,11.692,0.312,0.714,2.8,617,1410,220,1
8,14,112,1.75,0.411,0.991,2.56,46,111,18,1
2,538,1076,269.0,0.519,0.684,34.88,558,736,16,2
8,28,224,3.5,0.393,0.759,2.2,88,170,40,1
11,62,682,5.636,0.218,0.705,1.62,149,481,92,1
7,41,287,5.857,0.328,0.774,1.42,94,222,66,1
10,11,110,1.1,0.409,0.955,2.5,45,105,18,1
9,181,1629,20.111,0.35,0.773,2.64,570,1260,216,1
6,12,72,2.0,0.375,0.958,1.93,27,69,14,1
8,42,336,5.25,0.363,0.97,2.18,122,326,56,1
10,510,5100,51.0,0.162,0.537,1.47,827,2741,564,1
9,43,387,4.778,0.455,0.899,2.98,176,348,59,1
11,115,1265,10.455,0.266,0.723,1.79,337,915,188,1
7,7,49,1.0,0.918,0.959,22.5,45,47,2,1
9,12,108,1.333,0.426,1.0,1.64,46,108,28,1
12,83,996,6.917,0.253,0.756,1.75,252,753,144,1
10,40,400,4.0,0.428,0.895,3.05,171,358,56,1
9,12,108,1.333,0.444,1.0,1.78,48,108,27,1
10,31,310,3.1,0.329,0.952,2.08,102,295,49,1
16,24,384,1.5,0.44,0.948,5.28,169,364,32,1
7,70,490,10.0,0.371,0.971,1.9,182,476,96,1
14,153,2142,10.929,0.38,0.643,4.44,813,1378,183,1
8,10,80,1.25,0.4,0.825,2.0,32,66,16,1
11,198,2178,18.0,0.383,0.773,2.9,834,1683,288,1
5,32,160,6.4,0.406,1.0,1.41,65,160,46,1
5,7,35,1.4,0.229,0.6,2.67,8,21,3,5
9,44,396,4.889,0.46,0.937,2.84,182,371,64,1
9,37,333,4.111,0.453,0.964,2.7,151,321,56,1
12,216,2592,18.0,0.507,0.764,5.3,1315,1981,248,1
17,350,5950,20.588,0.363,0.577,5.22,2162,3433,414,1
8,60,480,7.5,0.335,0.915,1.85,161,439,87,1
7,1,7,0.143,1.0,1.0,7.0,7,7,1,4
2,536,1072,268.0,0.505,0.512,180.33,541,549,3,2
10,25,250,2.5,0.34,0.816,1.89,85,204,45,1
7,11,77,1.571,0.377,0.974,1.61,29,75,18,1
9,35,315,3.889,0.273,0.654,1.65,86,206,52,1
9,10,90,1.111,0.344,0.533,3.88,31,48,8,1
7,6,42,0.857,0.452,1.0,1.9,19,42,10,1
7,13,91,1.857,0.286,0.868,1.37,26,79,19,1
8,14,112,1.75,0.268,0.554,3.0,30,62,10,1
8,5,40,0.625,0.475,1.0,2.38,19,40,8,1
7,15,105,2.143,0.448,0.829,1.74,47,87,27,1
7,8,56,1.143,0.25,0.768,1.56,14,43,9,1
10,124,1240,12.4,0.473,0.814,3.43,587,1009,171,1
13,1,13,0.077,1.0,1.0,13.0,13,13,1,4
9,45,405,5.0,0.279,0.785,2.17,113,318,52,1
8,28,224,3.5,0.406,0.777,2.07,91,174,44,1
5,3,15,0.6,0.467,1.0,7.0,7,15,1,1
6,7,42,1.167,0.476,0.976,2.22,20,41,9,1
8,24,192,3.0,0.318,0.688,2.65,61,132,23,1
8,69,552,8.625,0.205,0.826,1.38,113,456,82,1
7,6,42,0.857,0.333,0.762,4.67,14,32,3,1
5,13,65,2.6,0.246,0.831,1.33,16,54,12,1
5,110,550,22.0,0.547,0.556,100.33,301,306,3,2
8,30,240,3.75,0.354,0.75,2.02,85,180,42,1
39,1,39,0.026,1.0,1.0,39.0,39,39,1,4
8,12,96,1.5,0.469,1.0,1.61,45,96,28,1
9,86,774,9.556,0.394,0.705,2.85,305,546,107,1
11,48,528,4.364,0.237,0.39,7.35,125,206,17,5
8,33,264,4.125,0.39,0.973,1.72,103,257,60,1
9,35,315,3.889,0.263,0.667,2.86,83,210,29,1
10,20,200,2.0,0.4,0.605,3.48,80,121,23,1
14,340,4760,24.286,0.344,0.563,4.6,1636,2682,356,1
9,18,162,2.0,0.321,0.654,2.26,52,106,23,1
2,236,472,118.0,0.566,0.689,10.27,267,325,26,2
8,24,192,3.0,0.297,0.865,1.84,57,166,31,1
1,11,11,11.0,1.0,1.0,11.0,11,11,1,2
1,17,17,17.0,0.765,1.0,6.5,13,17,2,2
9,27,243,3.0,0.358,0.856,1.85,87,208,47,1
8,82,656,10.25,0.402,0.991,2.1,264,650,126,1
7,11,77,1.571,0.312,0.987,1.2,24,76,20,1
7,9,63,1.286,0.317,0.81,1.54,20,51,13,1
8,8,64,1.0,0.359,0.766,1.64,23,49,14,1
10,238,2380,23.8,0.353,0.727,2.85,840,1730,295,1
8,229,1832,28.625,0.168,0.484,1.57,308,887,196,1
8,27,216,3.375,0.435,0.963,2.14,94,208,44,1
4,4,16,1.0,0.563,0.938,4.5,9,15,2,1
21,106,2226,5.048,0.136,0.396,1.99,302,881,152,1
9,86,774,9.556,0.211,0.517,1.29,163,400,126,1
24,107,2568,4.458,0.908,0.982,16.91,2333,2523,138,1
10,116,1160,11.6,0.246,0.759,1.6,285,881,178,1
7,135,945,19.286,0.156,0.753,1.23,147,712,120,1
6,326,1956,54.333,0.213,0.716,1.29,416,1400,323,1
8,12,96,1.5,0.417,0.927,1.74,40,89,23,1
14,12,168,0.857,0.661,0.851,9.25,111,143,12,1
3,104,312,34.667,0.606,0.683,9.95,189,213,19,1
9,534,4806,59.333,0.169,0.667,1.34,811,3208,607,1
7,31,217,4.429,0.461,0.922,2.13,100,200,47,1
1,40,40,40.0,0.4,1.0,1.07,16,40,15,1
12,69,828,5.75,0.4,0.74,3.48,331,613,95,1
9,84,756,9.333,0.407,0.878,2.75,308,664,112,1
9,166,1494,18.444,0.386,0.75,2.95,576,1121,195,1
1,13,13,13.0,0.846,1.0,5.5,11,13,2,2
5,35,175,7.0,0.2,0.829,4.38,35,145,8,1
13,38,494,2.923,0.314,0.957,3.6,155,473,43,1
8,15,120,1.875,0.3,0.642,1.57,36,77,23,1
8,33,264,4.125,0.371,0.795,1.92,98,210,51,1
9,23,207,2.556,0.304,1.0,1.62,63,207,39,1
9,83,747,9.222,0.376,0.687,2.49,281,513,113,1
10,17,170,1.7,0.382,1.0,2.41,65,170,27,1
7,4,28,0.571,0.321,1.0,3.0,9,28,3,1
7,23,161,3.286,0.447,0.764,1.89,72,123,38,1
9,111,999,12.333,0.184,0.771,1.6,184,770,115,1
9,127,1143,14.111,0.213,0.679,1.58,243,776,154,1
9,36,324,4.0,0.506,0.91,2.93,164,295,56,1
9,8,72,0.889,0.722,0.792,13.0,52,57,4,1
9,76,684,8.444,0.358,0.795,2.19,245,544,112,1
8,107,856,13.375,0.381,0.77,2.4,326,659,136,1
168,135,22680,0.804,0.82,0.904,62.81,18591,20513,296,3
1,22,22,22.0,0.955,1.0,21.0,21,22,1,2
7,6,42,0.857,0.381,1.0,2.29,16,42,7,1
8,39,312,4.875,0.369,0.99,2.05,115,309,56,1
7,109,763,15.571,0.283,0.543,1.93,216,414,112,1
10,21,210,2.1,0.324,0.6,3.4,68,126,20,1
13,104,1352,8.0,0.198,0.639,3.44,268,864,78,1
8,75,600,9.375,0.228,0.662,1.37,137,397,100,1
5,6,30,1.2,0.3,1.0,1.8,9,30,5,1
10,27,270,2.7,0.3,0.644,1.98,81,174,41,1
10,51,510,5.1,0.306,0.855,2.29,156,436,68,1
11,8,88,0.727,0.693,0.989,10.17,61,87,6,1
12,43,516,3.583,0.31,0.793,2.32,160,409,69,1
11,89,979,8.091,0.17,0.706,2.72,166,691,61,1
7,96,672,13.714,0.271,0.688,1.54,182,462,118,1
11,15,165,1.364,0.352,0.891,2.07,58,147,28,1
8,24,192,3.0,0.385,0.969,1.8,74,186,41,1
5,95,475,19.0,0.255,0.787,1.73,121,374,70,1
8,272,2176,34.0,0.189,0.688,1.32,411,1497,311,1
10,89,890,8.9,0.252,0.496,3.25,224,441,69,1
8,83,664,10.375,0.325,0.908,1.76,216,603,123,1
6,100,600,16.667,0.342,0.822,1.71,205,493,120,1
8,242,1936,30.25,0.128,0.574,1.27,247,1111,195,1
8,107,856,13.375,0.363,0.734,2.24,311,628,139,1
6,5,30,0.833,0.367,1.0,2.2,11,30,5,5
11,9,99,0.818,0.465,0.768,3.83,46,76,12,1
7,71,497,10.143,0.231,0.757,1.37,115,376,84,1
11,90,990,8.182,0.362,0.808,2.82,358,800,127,1
3,3,9,1.0,0.889,0.889,8.0,8,8,1,1
6,6,36,1.0,0.194,0.417,3.5,7,15,2,5
6,13,78,2.167,0.128,0.577,1.67,10,45,6,1
8,98,784,12.25,0.221,0.874,1.42,173,685,122,1
10,28,280,2.8,0.343,0.975,2.13,96,273,45,1
8,18,144,2.25,0.424,0.889,2.03,61,128,30,1
8,70,560,8.75,0.279,0.727,1.68,156,407,93,1
7,46,322,6.571,0.304,0.963,2.58,98,310,38,1
8,15,120,1.875,0.475,0.992,2.59,57,119,22,1
163,161,26243,0.988,0.523,0.897,8.4,13725,23547,1634,3
8,183,1464,22.875,0.288,0.664,2.08,421,972,202,1
8,48,384,6.0,0.302,0.914,1.76,116,351,66,1
1,77,77,77.0,0.403,1.0,5.17,31,77,6,2
9,32,288,3.556,0.382,0.792,2.16,110,228,51,1
6,17,102,2.833,0.314,0.686,2.29,32,70,14,1
9,95,855,10.556,0.285,0.723,2.1,244,618,116,1
5,18,90,3.6,0.467,0.867,1.91,42,78,22,1
7,19,133,2.714,0.346,1.0,1.44,46,133,32,1
14,203,2842,14.5,0.362,0.67,4.36,1028,1904,236,1
8,83,664,10.375,0.393,0.7,2.42,261,465,108,1
5,29,145,5.8,0.317,0.952,1.39,46,138,33,1
1,7,7,7.0,1.0,1.0,7.0,7,7,1,2
11,71,781,6.455,0.461,0.659,5.54,360,515,65,1
7,31,217,4.429,0.295,0.857,1.64,64,186,39,1
9,39,351,4.333,0.293,0.937,2.06,103,329,50,1
7,11,77,1.571,0.325,0.935,1.39,25,72,18,1
7,105,735,15.0,0.256,0.705,1.69,188,518,111,1
7,28,196,4.0,0.286,0.781,1.56,56,153,36,1
7,62,434,8.857,0.189,0.756,1.28,82,328,64,1
8,25,200,3.125,0.355,0.88,1.73,71,176,41,1
8,23,184,2.875,0.38,0.989,1.75,70,182,40,1
5,11,55,2.2,0.309,0.836,1.7,17,46,10,1
4,19,76,4.75,0.276,0.382,5.25,21,29,4,2
7,23,161,3.286,0.298,0.876,1.45,48,141,33,1
7,32,224,4.571,0.272,0.862,1.53,61,193,40,1
10,23,230,2.3,0.313,0.891,2.4,72,205,30,1
9,109,981,12.111,0.219,0.774,1.69,215,759,127,1
12,84,1008,7.0,0.282,0.778,1.91,284,784,149,1
10,125,1250,12.5,0.456,0.862,2.92,570,1078,195,1
9,49,441,5.444,0.594,0.998,3.05,262,440,86,1
8,14,112,1.75,0.509,0.768,3.0,57,86,19,1
7,75,525,10.714,0.661,0.907,5.51,347,476,63,1
9,126,1134,14.0,0.484,0.953,2.83,549,1081,194,1
5,33,165,6.6,0.315,0.909,1.27,52,150,41,1
9,270,2430,30.0,0.111,0.495,1.27,270,1204,213,1
9,45,405,5.0,0.447,0.896,3.23,181,363,56,1
11,240,2640,21.818,0.27,0.634,2.05,714,1674,348,1
18,79,1422,4.389,0.257,0.616,3.17,365,876,115,1
11,8,88,0.727,0.25,1.0,2.44,22,88,9,1
8,43,344,5.375,0.398,0.945,1.69,137,325,81,1
1,46,46,46.0,0.783,1.0,12.0,36,46,3,2
11,252,2772,22.909,0.092,0.095,63.75,255,262,4,2
9,148,1332,16.444,0.198,0.77,1.33,264,1025,198,1
8,9,72,1.125,0.375,0.736,2.45,27,53,11,1
7,23,161,3.286,0.373,0.851,1.71,60,137,35,1
7,31,217,4.429,0.396,0.862,2.1,86,187,41,1
8,33,264,4.125,0.424,0.867,2.24,112,229,50,1
5,18,90,3.6,0.4,0.811,1.64,36,73,22,1
10,59,590,5.9,0.403,0.792,2.98,238,467,80,1
9,534,4806,59.333,0.163,0.633,1.34,784,3043,585,1
8,108,864,13.5,0.293,0.897,1.69,253,775,150,1
6,16,96,2.667,0.354,1.0,1.48,34,96,23,1
9,99,891,11.0,0.461,0.906,2.65,411,807,155,1
6,13,78,2.167,0.346,0.577,3.38,27,45,8,1
7,7,49,1.0,0.388,0.939,1.9,19,46,10,1
7,10,70,1.429,0.314,1.0,1.29,22,70,17,1
5,14,70,2.8,0.257,0.814,3.6,18,57,5,1
8,16,128,2.0,0.398,0.828,2.68,51,106,19,1
9,82,738,9.111,0.337,0.817,2.01,249,603,124,1
9,535,4815,59.444,0.126,0.444,1.29,606,2136,469,1
7,14,98,2.0,0.316,0.776,2.21,31,76,14,1
9,82,738,9.111,0.389,0.92,2.33,287,679,123,1
7,13,91,1.857,0.791,0.978,6.0,72,89,12,1
7,31,217,4.429,0.304,0.843,1.32,66,183,50,1
8,45,360,5.625,0.156,0.725,1.87,56,261,30,1
7,140,980,20.0,0.253,0.886,1.49,248,868,167,1
9,39,351,4.333,0.308,0.709,1.69,108,249,64,1
9,132,1188,14.667,0.168,0.693,1.34,199,823,149,1
74,183,13542,2.473,0.544,0.612,127.0,7366,8289,58,1
5,14,70,2.8,0.386,0.857,1.69,27,60,16,1
6,69,414,11.5,0.28,0.744,1.4,116,308,83,1
8,19,152,2.375,0.184,0.849,1.47,28,129,19,1
3,3,9,1.0,0.778,0.778,7.0,7,7,1,1
4,137,548,34.25,0.173,0.622,3.28,95,341,29,1
9,19,171,2.111,0.55,0.86,7.23,94,147,13,1
8,398,3184,49.75,0.279,0.664,1.7,887,2113,521,1
10,28,280,2.8,0.293,0.8,2.0,82,224,41,1
7,19,133,2.714,0.398,0.88,1.83,53,117,29,1
4,4,16,1.0,0.438,0.438,7.0,7,7,1,1
10,121,1210,12.1,0.37,0.873,2.41,448,1056,186,1
9,35,315,3.889,0.33,0.835,2.0,104,263,52,1
1,8,8,8.0,1.0,1.0,8.0,8,8,1,2
10,30,300,3.0,0.307,0.94,1.96,92,282,47,1
39,353,13767,9.051,0.557,0.608,16.89,7667,8370,454,1
8,22,176,2.75,0.403,1.0,2.03,71,176,35,1
14,370,5180,26.429,0.175,0.648,1.64,907,3357,554,1
6,96,576,16.0,0.293,0.724,2.09,169,417,81,1
8,46,368,5.75,0.356,0.927,2.11,131,341,62,1
7,43,301,6.143,0.545,0.973,2.56,164,293,64,1
11,8,88,0.727,0.261,1.0,2.09,23,88,11,1
8,14,112,1.75,0.482,0.759,3.38,54,85,16,1
17,96,1632,5.647,0.366,0.675,5.15,597,1101,116,1
7,29,203,4.143,0.305,0.837,1.48,62,170,42,1
10,63,630,6.3,0.251,0.898,1.84,158,566,86,1
7,223,1561,31.857,0.205,0.664,1.4,320,1036,229,1
9,535,4815,59.444,0.118,0.482,1.31,566,2323,432,1
10,7,70,0.7,0.329,0.986,1.77,23,69,13,1
11,344,3784,31.273,0.446,0.712,4.71,1686,2694,358,1
7,7,49,1.0,0.286,1.0,1.27,14,49,11,1
8,43,344,5.375,0.398,0.939,2.4,137,323,57,1
12,8,96,0.667,0.792,1.0,15.2,76,96,5,1
9,343,3087,38.111,0.162,0.677,1.24,499,2091,401,1
9,103,927,11.444,0.383,0.825,2.75,355,765,129,1
8,10,80,1.25,0.35,1.0,2.0,28,80,14,1
7,98,686,14.0,0.254,0.608,1.53,174,417,114,1
3,3,9,1.0,0.889,1.0,8.0,8,9,1,1
8,10,80,1.25,0.438,0.988,1.94,35,79,18,1
12,39,468,3.25,0.282,0.487,4.0,132,228,33,1
5,23,115,4.6,0.452,0.913,1.79,52,105,29,1
1,104,104,104.0,0.192,1.0,1.05,20,104,19,1
8,110,880,13.75,0.23,0.872,1.66,202,767,122,1
7,24,168,3.429,0.28,0.607,1.38,47,102,34,1
1,147,147,147.0,0.864,1.0,11.55,127,147,11,2
6,97,582,16.167,0.235,0.703,1.71,137,409,80,1
8,133,1064,16.625,0.272,0.825,1.78,289,878,162,1
7,72,504,10.286,0.405,0.845,1.85,204,426,110,1
105,2,210,0.019,0.529,0.533,111.0,111,112,1,4
11,96,1056,8.727,0.331,0.954,4.32,350,1007,81,1
8,28,224,3.5,0.442,0.795,2.48,99,178,40,1
5,27,135,5.4,0.296,0.496,3.08,40,67,13,1
10,271,2710,27.1,0.173,0.557,1.47,469,1510,318,1
10,33,330,3.3,0.352,0.745,2.07,116,246,56,1
10,53,530,5.3,0.294,0.908,1.75,156,481,89,1
8,12,96,1.5,0.427,0.75,2.05,41,72,20,1
8,13,104,1.625,0.471,1.0,1.81,49,104,27,1
8,162,1296,20.25,0.327,0.79,2.85,424,1024,149,1
7,181,1267,25.857,0.316,0.758,1.65,400,961,242,1
13,228,2964,17.538,0.264,0.942,3.29,783,2791,238,1
12,43,516,3.583,0.293,0.791,2.29,151,408,66,1
8,53,424,6.625,0.337,0.889,1.64,143,377,87,1
8,113,904,14.125,0.21,0.759,1.41,190,686,135,1
9,175,1575,19.444,0.19,0.568,1.35,299,894,221,1
8,68,544,8.5,0.54,0.974,3.03,294,530,97,1
13,267,3471,20.538,0.401,0.662,4.87,1392,2299,286,1
7,12,84,1.714,0.369,0.857,1.55,31,72,20,1
5,5,25,1.0,0.4,0.56,5.0,10,14,2,1
11,15,165,1.364,0.358,0.752,2.19,59,124,27,1
8,12,96,1.5,0.385,0.896,1.68,37,86,22,1
8,12,96,1.5,0.406,0.885,2.17,39,85,18,1
13,121,1573,9.308,0.376,0.69,3.72,591,1086,159,1
26,170,4420,6.538,0.188,0.909,1.54,833,4017,542,1
8,15,120,1.875,0.375,0.85,1.88,45,102,24,1
14,18,252,1.286,0.298,0.655,5.0,75,165,15,1
9,75,675,8.333,0.373,0.913,2.23,252,616,113,1
23,198,4554,8.609,0.924,0.999,14.93,4210,4548,282,1
10,78,780,7.8,0.381,0.856,2.52,297,668,118,1
7,112,784,16.0,0.168,0.667,1.25,132,523,106,1
1,8,8,8.0,0.875,1.0,7.0,7,8,1,2
8,20,160,2.5,0.425,1.0,2.27,68,160,30,1
38,227,8626,5.974,0.304,0.648,7.09,2623,5593,370,1
7,38,266,5.429,0.301,0.85,1.45,80,226,55,1
9,13,117,1.444,0.564,0.863,3.88,66,101,17,1
11,152,1672,13.818,0.365,0.764,2.88,610,1278,212,1
13,441,5733,33.923,0.374,0.625,4.63,2144,3582,463,1
7,71,497,10.143,0.193,0.672,1.43,96,334,67,1
8,12,96,1.5,0.417,0.969,2.11,40,93,19,1
7,18,126,2.571,0.413,0.952,1.86,52,120,28,1
10,34,340,3.4,0.279,0.8,1.86,95,272,51,1
7,13,91,1.857,0.78,0.989,7.89,71,90,9,1
6,14,84,2.333,0.56,0.929,2.24,47,78,21,1
8,33,264,4.125,0.371,0.678,1.88,98,179,52,1
8,72,576,9.0,0.198,0.736,1.25,114,424,91,1
8,70,560,8.75,0.332,0.896,1.66,186,502,112,1
6,18,108,3.0,0.491,0.88,2.04,53,95,26,1
9,488,4392,54.222,0.074,0.343,1.28,326,1508,254,1
9,12,108,1.333,0.37,1.0,2.0,40,108,20,1
7,11,77,1.571,0.416,0.961,1.6,32,74,20,1
7,51,357,7.286,0.325,0.871,1.66,116,311,70,1
6,21,126,3.5,0.246,0.254,31.0,31,32,1,2
9,238,2142,26.444,0.168,0.614,1.26,359,1316,285,1
8,4,32,0.5,0.406,1.0,2.17,13,32,6,1
8,12,96,1.5,0.396,0.844,2.11,38,81,18,1
7,7,49,1.0,0.347,0.939,1.89,17,46,9,1
6,37,222,6.167,0.306,0.811,1.42,68,180,48,1
1,22,22,22.0,0.5,1.0,1.83,11,22,6,2
7,26,182,3.714,0.302,0.912,1.53,55,166,36,1
25,292,7300,11.68,0.45,0.914,7.23,3283,6670,454,1
197,198,39006,1.005,0.273,0.332,46.93,10654,12964,227,5
5,7,35,1.4,0.543,1.0,2.11,19,35,9,1
8,346,2768,43.25,0.144,0.581,1.31,398,1607,304,1
8,52,416,6.5,0.38,0.88,1.88,158,366,84,1
3,538,1614,179.33,0.37,0.424,22.11,597,685,27,2
12,25,300,2.083,0.32,0.643,2.59,96,193,37,1
12,84,1008,7.0,0.43,0.703,3.52,433,709,123,1
11,98,1078,8.909,0.317,0.643,2.8,342,693,122,1
10,325,3250,32.5,0.215,0.692,1.51,700,2248,463,1
9,97,873,10.778,0.455,0.939,2.28,397,820,174,1
13,77,1001,5.923,0.258,0.564,3.04,258,565,85,1
10,19,190,1.9,0.326,0.768,1.59,62,146,39,1
8,5,40,0.625,0.325,0.9,6.5,13,36,2,1
7,21,147,3.0,0.333,0.789,1.4,49,116,35,1
5,7,35,1.4,0.429,0.971,1.36,15,34,11,1
7,4,28,0.571,0.286,0.357,8.0,8,10,1,1
11,63,693,5.727,0.332,0.724,2.77,230,502,83,1
5,82,410,16.4,0.361,0.802,2.11,148,329,70,1
10,9,90,0.9,0.689,0.789,10.33,62,71,6,1
16,408,6528,25.5,0.39,0.644,5.28,2546,4204,482,1
7,13,91,1.857,0.396,1.0,1.33,36,91,27,1
12,307,3684,25.583,0.29,0.771,2.41,1068,2842,444,1
7,65,455,9.286,0.284,0.846,1.57,129,385,82,1
7,13,91,1.857,0.297,0.835,1.69,27,76,16,1
8,33,264,4.125,0.326,0.848,2.0,86,224,43,1
8,16,128,2.0,0.234,0.922,1.58,30,118,19,1
13,123,1599,9.462,0.428,0.798,4.38,684,1276,156,1
10,7,70,0.7,0.157,0.6,1.57,11,42,7,5
13,116,1508,8.923,0.292,0.703,2.49,441,1060,177,1
5,7,35,1.4,0.371,0.743,4.33,13,26,3,1
6,11,66,1.833,0.333,0.788,1.47,22,52,15,1
1,34,34,34.0,0.353,1.0,1.71,12,34,7,2
7,33,231,4.714,0.385,0.922,2.23,89,213,40,1
10,61,610,6.1,0.333,0.954,1.85,203,582,110,1
9,45,405,5.0,0.259,0.805,1.4,105,326,75,1
13,348,4524,26.769,0.195,0.743,1.64,881,3363,537,1
7,7,49,1.0,0.367,1.0,1.38,18,49,13,1
7,11,77,1.571,0.364,0.922,1.75,28,71,16,1
8,26,208,3.25,0.25,0.808,1.37,52,168,38,1
1,12,12,12.0,0.583,1.0,3.5,7,12,2,1
7,54,378,7.714,0.286,0.878,1.4,108,332,77,1
11,20,220,1.818,0.568,0.895,8.93,125,197,14,1
6,4,24,0.667,0.667,1.0,8.0,16,24,2,1
4,12,48,3.0,0.25,0.792,3.0,12,38,4,1
14,407,5698,29.071,0.353,0.574,4.54,2010,3273,443,1
9,18,162,2.0,0.309,0.901,2.63,50,146,19,1
9,20,180,2.222,0.628,0.856,8.07,113,154,14,1
11,34,374,3.091,0.364,0.642,2.78,136,240,49,1
4,114,456,28.5,0.393,0.978,1.83,179,446,98,1
9,267,2403,29.667,0.131,0.517,1.35,315,1242,234,1
7,31,217,4.429,0.318,0.839,1.35,69,182,51,1
7,41,287,5.857,0.213,0.861,1.33,61,247,46,1
1,47,47,47.0,0.34,1.0,1.14,16,47,14,1
8,75,600,9.375,0.423,0.87,3.02,254,522,84,1
26,378,9828,14.538,0.229,0.584,3.46,2252,5737,650,1
7,17,119,2.429,0.336,0.874,1.74,40,104,23,1
10,21,210,2.1,0.457,0.933,2.91,96,196,33,1
7,49,343,7.0,0.318,0.735,1.54,109,252,71,1
7,13,91,1.857,0.275,0.758,2.27,25,69,11,1
10,285,2850,28.5,0.175,0.598,1.58,499,1703,315,1
8,14,112,1.75,0.464,0.768,2.6,52,86,20,1
7,150,1050,21.429,0.178,0.774,1.36,187,813,138,1
5,39,195,7.8,0.492,0.872,2.46,96,170,39,1
9,47,423,5.222,0.385,0.917,2.51,163,388,65,1
14,185,2590,13.214,0.254,0.651,2.27,657,1687,289,1
5,32,160,6.4,0.419,0.981,1.31,67,157,51,1
11,22,242,2.0,0.632,0.864,8.05,153,209,19,1
10,51,510,5.1,0.22,0.841,1.29,112,429,87,1
11,9,99,0.818,0.515,0.768,8.5,51,76,6,1
8,50,400,6.25,0.405,0.993,1.93,162,397,84,1
5,22,110,4.4,0.536,0.909,2.19,59,100,27,1
8,30,240,3.75,0.383,0.983,1.88,92,236,49,1
10,40,400,4.0,0.278,0.615,2.09,111,246,53,1
2,6,12,3.0,0.583,0.917,7.0,7,11,1,1
9,187,1683,20.778,0.42,0.786,3.03,707,1323,233,1
9,18,162,2.0,0.66,0.883,7.13,107,143,15,1
24,468,11232,19.5,0.472,0.922,7.69,5296,10359,689,1
7,172,1204,24.571,0.294,0.967,2.07,354,1164,171,1
11,137,1507,12.455,0.317,0.652,2.7,478,982,177,1
2,176,352,88.0,0.528,0.605,31.0,186,213,6,2
10,36,360,3.6,0.319,0.817,1.98,115,294,58,1
25,118,2950,4.72,0.268,0.745,2.02,791,2198,392,1
12,498,5976,41.5,0.307,0.639,2.44,1833,3818,752,1
7,521,3647,74.429,0.091,0.386,1.28,333,1409,260,1
1,283,283,283.0,0.993,1.0,140.5,281,283,2,2
2,537,1074,268.5,0.537,0.609,22.19,577,654,26,2
10,23,230,2.3,0.287,0.617,2.2,66,142,30,1
11,150,1650,13.636,0.186,0.533,2.06,307,879,149,1
6,47,282,7.833,0.202,0.202,57.0,57,57,1,2
14,269,3766,19.214,0.337,0.625,4.61,1271,2353,276,1
10,30,300,3.0,0.357,0.87,2.14,107,261,50,1
11,261,2871,23.727,0.233,0.637,1.75,668,1830,381,1
5,14,70,2.8,0.557,0.871,2.79,39,61,14,1
10,185,1850,18.5,0.36,0.688,2.81,666,1272,237,1
1,41,41,41.0,0.927,1.0,12.67,38,41,3,2
7,53,371,7.571,0.089,0.245,1.5,33,91,22,1
1,263,263,263.0,0.152,1.0,1.03,40,263,39,1
8,54,432,6.75,0.35,0.887,1.74,151,383,87,1
11,100,1100,9.091,0.456,0.882,3.04,502,970,165,1
7,8,56,1.143,0.357,1.0,2.86,20,56,7,1
10,19,190,1.9,0.584,0.842,6.94,111,160,16,1
10,14,140,1.4,0.371,0.886,2.89,52,124,18,1
8,80,640,10.0,0.347,0.933,1.75,222,597,127,1
9,248,2232,27.556,0.33,0.727,2.39,737,1622,308,1
10,45,450,4.5,0.296,0.558,2.25,133,251,59,1
7,143,1001,20.429,0.105,0.526,1.28,105,527,82,1
11,261,2871,23.727,0.246,0.638,1.93,707,1833,366,1
7,27,189,3.857,0.079,0.175,2.5,15,33,6,1
8,1,8,0.125,1.0,1.0,8.0,8,8,1,4
8,150,1200,18.75,0.158,0.594,1.23,189,713,154,1
10,23,230,2.3,0.317,0.891,2.35,73,205,31,1
24,280,6720,11.667,0.449,0.904,7.76,3018,6072,389,1
36,43,1548,1.194,0.117,0.183,3.07,181,283,59,5
5,75,375,15.0,0.259,0.867,1.18,97,325,82,1
2,52,104,26.0,0.144,0.702,2.5,15,73,6,1
3,8,24,2.667,0.333,0.875,1.33,8,21,6,1
16,337,5392,21.063,0.363,0.598,5.19,1956,3225,377,1
8,29,232,3.625,0.341,0.78,1.93,79,181,41,1
8,7,56,0.875,0.393,0.946,2.0,22,53,11,1
9,21,189,2.333,0.365,0.82,2.88,69,155,24,1
16,121,1936,7.563,0.396,0.611,5.6,767,1182,137,1
10,79,790,7.9,0.347,0.784,2.25,274,619,122,1
9,217,1953,24.111,0.168,0.686,1.4,329,1339,235,1
7,30,210,4.286,0.271,0.871,1.33,57,183,43,1
11,262,2882,23.818,0.242,0.618,1.91,697,1781,364,1
8,35,280,4.375,0.379,0.886,1.66,106,248,64,1
7,9,63,1.286,0.349,0.746,1.83,22,47,12,1
9,101,909,11.222,0.442,0.861,2.68,402,783,150,1
7,19,133,2.714,0.278,0.662,1.37,37,88,27,1
12,404,4848,33.667,0.334,0.674,2.82,1617,3267,573,1
7,27,189,3.857,0.101,0.619,3.8,19,117,5,1
11,378,4158,34.364,0.33,0.684,2.95,1371,2846,465,1
7,121,847,17.286,0.305,0.675,1.79,258,572,144,1
7,16,112,2.286,0.321,0.643,2.57,36,72,14,1
9,56,504,6.222,0.196,0.617,1.24,99,311,80,1
9,42,378,4.667,0.384,0.817,2.38,145,309,61,1
10,39,390,3.9,0.344,0.59,2.79,134,230,48,1
9,186,1674,20.667,0.372,0.778,2.44,622,1303,255,1
10,19,190,1.9,0.379,0.816,2.12,72,155,34,1
11,1,11,0.091,1.0,1.0,11.0,11,11,1,4
9,104,936,11.556,0.282,0.904,1.93,264,846,137,1
10,41,410,4.1,0.266,0.539,1.98,109,221,55,1
13,433,5629,33.308,0.375,0.605,4.82,2109,3404,438,1
1,177,177,177.0,0.203,1.0,1.03,36,177,35,1
11,64,704,5.818,0.395,0.558,3.35,278,393,83,1
8,16,128,2.0,0.406,0.93,1.68,52,119,31,1
6,26,156,4.333,0.288,0.679,1.41,45,106,32,1
10,100,1000,10.0,0.444,0.924,2.64,444,924,168,1
11,64,704,5.818,0.25,0.597,2.0,176,420,88,1
12,37,444,3.083,0.41,0.748,3.87,182,332,47,1
9,17,153,1.889,0.627,0.922,6.4,96,141,15,1
5,43,215,8.6,0.233,0.8,1.35,50,172,37,1
7,52,364,7.429,0.272,0.788,1.22,99,287,81,1
10,120,1200,12.0,0.279,0.765,1.7,335,918,197,1
1,89,89,89.0,0.169,1.0,1.07,15,89,14,1
8,340,2720,42.5,0.183,0.736,1.41,499,2002,355,1
7,14,98,2.0,0.327,1.0,1.6,32,98,20,1
24,178,4272,7.417,0.491,0.969,7.86,2099,4141,267,1
5,29,145,5.8,0.4,0.89,1.87,58,129,31,1
8,13,104,1.625,0.365,0.808,1.9,38,84,20,1
10,52,520,5.2,0.269,0.85,2.0,140,442,70,1
1,52,52,52.0,0.788,1.0,10.25,41,52,4,2
16,415,6640,25.938,0.389,0.675,5.17,2582,4480,499,1
8,46,368,5.75,0.266,0.886,1.85,98,326,53,1
3,5,15,1.667,0.533,0.8,4.0,8,12,2,1
5,29,145,5.8,0.4,0.966,1.61,58,140,36,1
9,82,738,9.111,0.245,0.562,1.48,181,415,122,1
10,98,980,9.8,0.3,0.781,1.72,294,765,171,1
2,537,1074,268.5,0.538,0.594,32.11,578,638,18,2
11,52,572,4.727,0.28,0.605,2.05,160,346,78,1
10,35,350,3.5,0.326,0.583,2.24,114,204,51,1
12,23,276,1.917,0.576,0.826,7.57,159,228,21,1
9,120,1080,13.333,0.176,0.752,1.29,190,812,147,1
25,185,4625,7.4,0.479,0.95,7.24,2214,4395,306,1
12,261,3132,21.75,0.223,0.578,1.92,698,1810,364,1
10,35,350,3.5,0.311,0.72,1.88,109,252,58,1
7,23,161,3.286,0.28,0.783,1.29,45,126,35,1
6,9,54,1.5,0.296,0.796,1.23,16,43,13,1
9,26,234,2.889,0.291,0.795,1.74,68,186,39,1
9,47,423,5.222,0.336,0.891,1.78,142,377,80,1
6,50,300,8.333,0.24,0.63,1.76,72,189,41,1
8,112,896,14.0,0.17,0.786,1.27,152,704,120,1
8,18,144,2.25,0.361,0.944,2.17,52,136,24,1
7,19,133,2.714,0.361,0.917,1.5,48,122,32,1
7,59,413,8.429,0.462,1.0,2.33,191,413,82,1
6,13,78,2.167,0.551,0.923,2.53,43,72,17,1
7,20,140,2.857,0.464,1.0,2.24,65,140,29,1
6,14,84,2.333,0.393,0.905,1.57,33,76,21,1
9,535,4815,59.444,0.088,0.318,1.37,425,1530,310,1
8,16,128,2.0,0.438,0.891,2.67,56,114,21,1
158,167,26386,1.057,0.16,0.276,8.24,4213,7279,511,5
23,125,2875,5.435,0.953,1.0,20.75,2739,2875,132,1
2,21,42,10.5,0.167,0.643,1.4,7,27,5,1
7,158,1106,22.571,0.211,0.552,1.6,233,610,146,1
8,15,120,1.875,0.292,0.808,1.84,35,97,19,1
8,49,392,6.125,0.441,0.997,1.9,173,391,91,1
8,19,152,2.375,0.309,0.98,1.52,47,149,31,1
10,33,330,3.3,0.345,0.779,1.9,114,257,60,1
9,9,81,1.0,0.519,0.531,42.0,42,43,1,1
9,72,648,8.0,0.241,0.548,1.61,156,355,97,1
10,34,340,3.4,0.356,0.803,1.83,121,273,66,1
8,69,552,8.625,0.312,0.842,1.91,172,465,90,1
9,21,189,2.333,0.365,0.905,2.3,69,171,30,1
5,6,30,1.2,0.333,0.967,2.5,10,29,4,1
7,41,287,5.857,0.209,0.652,1.36,60,187,44,1
10,170,1700,17.0,0.499,0.928,4.35,849,1577,195,1
8,27,216,3.375,0.407,1.0,2.05,88,216,43,1
5,15,75,3.0,0.547,0.947,2.05,41,71,20,1
12,124,1488,10.333,0.3,0.869,1.96,447,1293,228,1
9,12,108,1.333,0.407,0.88,1.69,44,95,26,1
9,83,747,9.222,0.333,0.742,2.93,249,554,85,1
1,84,84,84.0,0.917,1.0,19.25,77,84,4,2
6,19,114,3.167,0.254,0.956,1.16,29,109,25,1
15,138,2070,9.2,0.431,0.75,5.45,893,1552,164,1
9,1,9,0.111,1.0,1.0,9.0,9,9,1,4
8,15,120,1.875,0.283,0.65,2.27,34,78,15,1
5,81,405,16.2,0.311,0.968,1.3,126,392,97,1
8,46,368,5.75,0.391,0.951,1.85,144,350,78,1
6,23,138,3.833,0.377,0.862,2.36,52,119,22,1
8,70,560,8.75,0.341,0.918,1.66,191,514,115,1
10,271,2710,27.1,0.176,0.574,1.39,476,1556,342,1
7,190,1330,27.143,0.293,0.847,1.79,390,1126,218,1
5,11,55,2.2,0.455,1.0,1.67,25,55,15,1
8,218,1744,27.25,0.144,0.574,1.29,252,1001,195,1
10,49,490,4.9,0.59,0.982,3.11,289,481,93,1
7,42,294,6.0,0.143,0.714,1.27,42,210,33,1
9,165,1485,18.333,0.337,0.713,2.54,501,1059,197,1
7,19,133,2.714,0.662,0.925,4.89,88,123,18,1
11,104,1144,9.455,0.377,0.779,2.57,431,891,168,1
13,65,845,5.0,0.302,0.677,2.58,255,572,99,1
8,27,216,3.375,0.218,0.852,2.24,47,184,21,1
8,17,136,2.125,0.228,0.882,1.24,31,120,25,1
10,31,310,3.1,0.316,0.752,1.66,98,233,59,1
7,15,105,2.143,0.371,0.829,1.77,39,87,22,1
7,305,2135,43.571,0.109,0.501,1.21,232,1069,191,1
10,154,1540,15.4,0.315,0.639,2.53,485,984,192,1
10,26,260,2.6,0.312,0.577,2.03,81,150,40,1
7,20,140,2.857,0.257,0.879,1.13,36,123,32,1
9,81,729,9.0,0.187,0.542,1.49,136,395,91,1
47,1,47,0.021,1.0,1.0,47.0,47,47,1,4
12,71,852,5.917,0.628,0.872,6.77,535,743,79,1
10,12,120,1.2,0.183,0.392,2.2,22,47,10,1
8,31,248,3.875,0.415,1.0,1.87,103,248,55,1
10,44,440,4.4,0.393,0.852,3.15,173,375,55,1
13,130,1690,10.0,0.392,0.697,4.77,663,1178,139,1
8,33,264,4.125,0.345,0.886,1.57,91,234,58,1
2,112,224,56.0,0.496,0.504,55.5,111,113,2,2
7,26,182,3.714,0.302,0.863,1.9,55,157,29,1
9,7,63,0.778,0.302,0.603,1.9,19,38,10,1
9,82,738,9.111,0.335,0.73,2.47,247,539,100,1
9,79,711,8.778,0.323,0.873,2.19,230,621,105,1
5,13,65,2.6,0.262,0.692,1.42,17,45,12,1
11,71,781,6.455,0.37,0.726,2.41,289,567,120,1
5,30,150,6.0,0.16,0.66,1.71,24,99,14,1
6,29,174,4.833,0.368,0.954,1.73,64,166,37,1
12,22,264,1.833,0.538,0.852,8.35,142,225,17,1
8,103,824,12.875,0.425,0.933,2.71,350,769,129,1
7,18,126,2.571,0.262,0.873,1.94,33,110,17,1
9,20,180,2.222,0.361,0.872,1.86,65,157,35,1
2,48,96,24.0,0.625,0.677,30.0,60,65,2,2
10,20,200,2.0,0.32,0.61,2.13,64,122,30,1
24,99,2376,4.125,0.912,0.96,20.07,2168,2282,108,1
6,19,114,3.167,0.307,0.904,1.59,35,103,22,1
10,13,130,1.3,0.315,0.915,2.41,41,119,17,1
28,45,1260,1.607,0.368,0.54,7.86,464,680,59,1
8,17,136,2.125,0.456,0.824,2.38,62,112,26,1
7,37,259,5.286,0.521,0.954,3.14,135,247,43,1
8,75,600,9.375,0.375,0.86,2.05,225,516,110,1
22,71,1562,3.227,0.499,0.836,10.99,780,1306,71,1
8,12,96,1.5,0.531,0.813,2.83,51,78,18,1
7,11,77,1.571,0.325,0.831,1.47,25,64,17,1
10,105,1050,10.5,0.234,0.811,1.7,246,852,145,1
25,71,1775,2.84,0.234,0.748,2.22,416,1328,187,1
5,19,95,3.8,0.232,0.4,5.5,22,38,4,1
7,18,126,2.571,0.254,0.841,1.39,32,106,23,1
11,8,88,0.727,0.545,1.0,3.2,48,88,15,1
12,497,5964,41.417,0.278,0.751,2.27,1657,4478,731,1
10,19,190,1.9,0.332,0.695,3.71,63,132,17,1
9,37,333,4.111,0.333,0.655,2.22,111,218,50,1
11,20,220,1.818,0.168,0.75,3.36,37,165,11,1
7,375,2625,53.571,0.092,0.428,1.21,241,1124,200,1
6,17,102,2.833,0.451,0.745,2.56,46,76,18,1
25,203,5075,8.12,0.837,0.929,15.22,4246,4713,279,1
9,67,603,7.444,0.468,0.823,3.76,282,496,75,1
1,40,40,40.0,0.875,1.0,11.67,35,40,3,2
11,29,319,2.636,0.32,0.618,2.22,102,197,46,1
12,335,4020,27.917,0.4,0.677,4.61,1606,2722,348,1
7,41,287,5.857,0.341,0.721,1.58,98,207,62,1
9,83,747,9.222,0.289,0.751,1.93,216,561,112,1
8,32,256,4.0,0.207,0.797,1.23,53,204,43,1
9,276,2484,30.667,0.388,0.846,2.58,964,2102,373,1
6,33,198,5.5,0.52,0.995,2.24,103,197,46,1
12,89,1068,7.417,0.429,0.879,3.5,458,939,131,1
8,41,328,5.125,0.363,0.942,1.63,119,309,73,1
9,34,306,3.778,0.412,0.902,1.91,126,276,66,1
2,31,62,15.5,0.194,0.516,2.0,12,32,6,1
8,53,424,6.625,0.37,0.901,1.76,157,382,89,1
6,97,582,16.167,0.232,0.852,1.55,135,496,87,1
10,41,410,4.1,0.276,0.693,1.61,113,284,70,1
11,43,473,3.909,0.336,0.753,2.74,159,356,58,1
1,94,94,94.0,0.564,1.0,3.31,53,94,16,2
11,26,286,2.364,0.262,0.804,1.79,75,230,42,1
11,86,946,7.818,0.413,0.853,3.1,391,807,126,1
5,30,150,6.0,0.36,0.947,1.26,54,142,43,1
77,271,20867,3.519,0.478,0.744,11.28,9981,15523,885,1
5,39,195,7.8,0.41,0.867,1.67,80,169,48,1
9,43,387,4.778,0.3,0.713,1.78,116,276,65,1
10,86,860,8.6,0.423,0.914,2.44,364,786,149,1
10,82,820,8.2,0.3,0.832,2.05,246,682,120,1
8,20,160,2.5,0.206,0.813,1.38,33,130,24,1
6,99,594,16.5,0.301,0.803,1.46,179,477,123,1
10,26,260,2.6,0.296,0.942,2.2,77,245,35,1
7,45,315,6.429,0.2,0.775,1.91,63,244,33,1
11,118,1298,10.727,0.408,0.616,6.63,530,800,80,1
8,23,184,2.875,0.451,0.832,2.08,83,153,40,1
12,26,312,2.167,0.221,1.0,1.6,69,312,43,1
9,267,2403,29.667,0.164,0.73,1.28,393,1754,307,1
10,48,480,4.8,0.331,0.742,2.37,159,356,67,1
11,84,924,7.636,0.262,0.82,1.69,242,758,143,1
10,130,1300,13.0,0.425,0.773,2.79,552,1005,198,1
17,24,408,1.412,0.36,0.708,5.88,147,289,25,1
10,189,1890,18.9,0.263,0.515,2.34,498,973,213,1
10,33,330,3.3,0.318,0.758,2.33,105,250,45,1
14,390,5460,27.857,0.358,0.59,4.44,1956,3224,441,1
8,9,72,1.125,0.458,1.0,3.0,33,72,11,1
9,264,2376,29.333,0.197,0.656,1.34,468,1558,349,1
9,36,324,4.0,0.611,0.926,3.36,198,300,59,1
9,49,441,5.444,0.222,0.687,1.27,98,303,77,1
9,14,126,1.556,0.333,0.897,2.47,42,113,17,1
10,53,530,5.3,0.215,0.781,1.44,114,414,79,1
13,242,3146,18.615,0.231,0.614,2.33,726,1932,312,1
6,29,174,4.833,0.42,0.937,1.92,73,163,38,1
11,141,1551,12.818,0.366,0.79,2.85,567,1225,199,1
1,159,159,159.0,0.994,1.0,158.0,158,159,1,2
7,14,98,2.0,0.357,0.969,1.52,35,95,23,1
11,45,495,4.091,0.267,0.733,2.0,132,363,66,1
6,15,90,2.5,0.467,0.711,3.23,42,64,13,1
9,153,1377,17.0,0.304,0.848,2.06,419,1168,203,1
9,150,1350,16.667,0.284,0.756,1.76,384,1020,218,1
7,86,602,12.286,0.281,0.958,1.55,169,577,109,1
24,334,8016,13.917,0.894,0.966,14.3,7164,7740,501,1
5,58,290,11.6,0.2,0.745,1.41,58,216,41,1
9,19,171,2.111,0.298,0.737,2.68,51,126,19,1
7,153,1071,21.857,0.467,0.97,2.75,500,1039,182,1
10,45,450,4.5,0.296,0.584,2.05,133,263,65,1
11,20,220,1.818,0.577,0.882,8.47,127,194,15,1
7,21,147,3.0,0.286,0.85,1.35,42,125,31,1
11,57,627,5.182,0.343,0.678,2.95,215,425,73,1
11,11,121,1.0,0.455,0.818,5.5,55,99,10,1
8,45,360,5.625,0.469,0.956,2.91,169,344,58,1
9,272,2448,30.222,0.277,0.67,1.86,679,1640,365,1
10,26,260,2.6,0.35,0.819,2.33,91,213,39,1
10,38,380,3.8,0.308,0.632,2.13,117,240,55,1
8,35,280,4.375,0.418,0.929,2.39,117,260,49,1
7,175,1225,25.0,0.337,0.991,1.87,413,1214,221,1
8,18,144,2.25,0.396,0.882,1.84,57,127,31,1
8,5,40,0.625,0.425,1.0,1.55,17,40,11,1
7,9,63,1.286,0.381,0.952,1.85,24,60,13,1
9,36,324,4.0,0.506,0.901,2.83,164,292,58,1
11,245,2695,22.273,0.353,0.765,2.77,952,2063,344,1
7,11,77,1.571,0.286,0.909,1.29,22,70,17,1
12,22,264,1.833,0.58,0.814,7.65,153,215,20,1
9,12,108,1.333,0.407,0.898,1.63,44,97,27,1
9,35,315,3.889,0.59,0.86,3.88,186,271,48,1
8,19,152,2.375,0.454,1.0,2.16,69,152,32,1
9,18,162,2.0,0.278,0.716,1.67,45,116,27,1
8,14,112,1.75,0.143,1.0,2.67,16,112,6,1
10,18,180,1.8,0.539,0.811,8.82,97,146,11,1
1,78,78,78.0,0.949,1.0,24.67,74,78,3,2
20,19,380,0.95,0.495,0.713,12.53,188,271,15,1
1,39,39,39.0,0.897,1.0,8.75,35,39,4,2
4,99,396,24.75,0.503,0.942,2.4,199,373,83,1
7,25,175,3.571,0.331,0.891,1.41,58,156,41,1
5,89,445,17.8,0.169,0.717,1.14,75,319,66,1
17,23,391,1.353,0.419,0.808,6.56,164,316,25,1
7,7,49,1.0,0.327,1.0,2.0,16,49,8,1
7,33,231,4.714,0.299,0.848,1.44,69,196,48,1
7,20,140,2.857,0.429,0.993,2.0,60,139,30,1
3,424,1272,141.33,0.537,0.557,136.6,683,709,5,1
9,34,306,3.778,0.31,0.895,1.61,95,274,59,1
7,40,280,5.714,0.186,0.754,2.26,52,211,23,1
10,34,340,3.4,0.426,0.656,3.02,145,223,48,1
9,15,135,1.667,0.244,0.83,1.57,33,112,21,1
10,99,990,9.9,0.264,0.774,1.92,261,766,136,1
7,17,119,2.429,0.387,0.857,2.71,46,102,17,1
9,16,144,1.778,0.278,0.917,1.48,40,132,27,1
1,16,16,16.0,1.0,1.0,16.0,16,16,1,2
10,508,5080,50.8,0.1,0.343,1.36,506,1742,372,1
9,82,738,9.111,0.337,0.821,2.49,249,606,100,1
9,92,828,10.222,0.292,0.843,2.05,242,698,118,1
1,17,17,17.0,0.882,1.0,7.5,15,17,2,2
10,47,470,4.7,0.338,0.698,2.3,159,328,69,1
3,537,1611,179.0,0.353,0.364,71.13,569,587,8,2
7,6,42,0.857,0.452,0.976,1.73,19,41,11,1
10,33,330,3.3,0.391,0.982,2.05,129,324,63,1
14,125,1750,8.929,0.289,0.734,2.21,505,1285,228,1
8,64,512,8.0,0.336,0.846,2.12,172,433,81,1
10,14,140,1.4,0.314,0.9,1.91,44,126,23,1
7,48,336,6.857,0.33,0.821,1.44,111,276,77,1
10,292,2920,29.2,0.203,0.649,1.5,594,1896,397,1
10,19,190,1.9,0.6,0.768,9.5,114,146,12,1
9,100,900,11.111,0.463,0.908,2.92,417,817,143,1
10,219,2190,21.9,0.153,0.601,1.24,334,1317,270,1
12,271,3252,22.583,0.259,0.689,1.99,843,2241,423,1
153,442,67626,2.889,0.114,0.215,6.27,7689,14538,1227,5
19,462,8778,24.316,0.523,0.688,16.88,4591,6035,272,2
9,73,657,8.111,0.376,0.846,2.63,247,556,94,1
13,38,494,2.923,0.334,0.937,3.93,165,463,42,1
9,211,1899,23.444,0.219,0.707,1.48,416,1343,282,1
14,409,5726,29.214,0.172,0.578,1.79,984,3307,551,1
5,29,145,5.8,0.276,0.779,1.6,40,113,25,1
10,37,370,3.7,0.354,0.708,3.2,131,262,41,1
7,123,861,17.571,0.139,0.674,1.26,120,580,95,1
8,23,184,2.875,0.31,0.88,1.84,57,162,31,1
9,9,81,1.0,0.296,0.901,1.6,24,73,15,1
6,101,606,16.833,0.393,0.752,1.98,238,456,120,1
10,51,510,5.1,0.337,0.773,2.12,172,394,81,1
11,11,121,1.0,0.455,0.876,4.23,55,106,13,1
7,116,812,16.571,0.262,0.788,1.84,213,640,116,1
8,62,496,7.75,0.214,0.645,1.43,106,320,74,1
3,14,42,4.667,0.381,0.881,3.2,16,37,5,1
7,33,231,4.714,0.368,0.896,1.57,85,207,54,1
11,5,55,0.455,0.655,0.727,12.0,36,40,3,1
6,38,228,6.333,0.377,0.833,1.51,86,190,57,1
16,389,6224,24.313,0.364,0.569,5.35,2268,3544,424,1
28,171,4788,6.107,0.258,0.912,1.99,1235,4369,621,1
9,20,180,2.222,0.367,0.9,2.2,66,162,30,1
7,37,259,5.286,0.301,0.691,1.81,78,179,43,1
9,268,2412,29.778,0.198,0.637,1.36,478,1536,351,1
8,14,112,1.75,0.438,0.768,2.23,49,86,22,1
7,58,406,8.286,0.202,0.751,2.34,82,305,35,1
10,508,5080,50.8,0.131,0.51,1.27,667,2593,527,1
23,1,23,0.043,1.0,1.0,23.0,23,23,1,4
9,140,1260,15.556,0.38,0.756,2.71,479,953,177,1
10,1,10,0.1,1.0,1.0,10.0,10,10,1,4
8,22,176,2.75,0.398,0.818,2.06,70,144,34,1
11,102,1122,9.273,0.223,0.768,1.53,250,862,163,1
9,7,63,0.778,0.365,0.937,1.77,23,59,13,1
8,64,512,8.0,0.541,0.947,3.85,277,485,72,1
10,262,2620,26.2,0.273,0.703,1.83,716,1841,391,1
7,47,329,6.714,0.271,0.878,2.23,89,289,40,1
2,14,28,7.0,0.393,0.536,3.67,11,15,3,1
22,47,1034,2.136,0.319,0.753,2.13,330,779,155,1
8,12,96,1.5,0.385,0.802,2.18,37,77,17,1
8,8,64,1.0,0.234,0.672,1.5,15,43,10,1
9,5,45,0.556,0.378,0.933,2.83,17,42,6,1
10,80,800,8.0,0.275,0.435,3.93,220,348,56,1
10,34,340,3.4,0.303,0.8,1.81,103,272,57,1
7,162,1134,23.143,0.096,0.235,1.49,109,266,73,1
9,35,315,3.889,0.397,0.832,1.92,125,262,65,1
10,79,790,7.9,0.324,0.671,2.19,256,530,117,1
8,82,656,10.25,0.393,0.764,2.41,258,501,107,1
10,63,630,6.3,0.233,0.705,1.69,147,444,87,1
9,232,2088,25.778,0.274,0.782,1.76,573,1633,326,1
8,42,336,5.25,0.271,0.813,1.54,91,273,59,1
8,38,304,4.75,0.461,0.803,2.3,140,244,61,1
11,271,2981,24.636,0.278,0.728,1.99,829,2171,417,1
6,13,78,2.167,0.333,0.846,1.37,26,66,19,1
8,17,136,2.125,0.441,0.978,1.67,60,133,36,1
8,280,2240,35.0,0.191,0.709,1.28,427,1589,333,1
7,27,189,3.857,0.286,1.0,1.32,54,189,41,1
9,26,234,2.889,0.316,0.88,1.85,74,206,40,1
5,15,75,3.0,0.4,0.947,1.67,30,71,18,1
7,5,35,0.714,0.371,0.829,1.86,13,29,7,1
7,35,245,5.0,0.494,0.902,2.57,121,221,47,1
1,81,81,81.0,0.901,1.0,24.33,73,81,3,2
7,4,28,0.571,0.393,0.679,3.67,11,19,3,1
3,59,177,19.667,0.475,0.475,84.0,84,84,1,2
7,7,49,1.0,0.286,0.633,1.56,14,31,9,1
14,17,238,1.214,0.113,0.387,1.8,27,92,15,5
16,356,5696,22.25,0.377,0.576,5.8,2150,3279,371,1
6,36,216,6.0,0.495,0.995,1.91,107,215,56,1
7,61,427,8.714,0.321,0.667,1.9,137,285,72,1
7,49,343,7.0,0.318,0.612,1.91,109,210,57,1
8,16,128,2.0,0.516,1.0,2.54,66,128,26,1
10,13,130,1.3,0.231,0.8,1.76,30,104,17,1
11,122,1342,11.091,0.256,0.656,1.94,344,881,177,1
8,240,1920,30.0,0.194,0.515,1.34,373,988,279,1
8,47,376,5.875,0.266,0.604,1.56,100,227,64,1
9,91,819,10.111,0.233,0.789,1.71,191,646,112,1
14,359,5026,25.643,0.368,0.615,4.56,1848,3093,405,1
8,1,8,0.125,1.0,1.0,8.0,8,8,1,4
14,183,2562,13.071,0.39,0.681,4.87,998,1745,205,1
178,140,24920,0.787,0.574,0.649,21.52,14292,16177,664,3
8,8,64,1.0,0.219,0.875,1.56,14,56,9,1
7,43,301,6.143,0.249,0.807,1.29,75,243,58,1
6,81,486,13.5,0.282,0.932,1.34,137,453,102,1
6,7,42,1.167,0.405,0.881,4.25,17,37,4,1
11,189,2079,17.182,0.174,0.613,1.41,361,1275,256,1
2,19,38,9.5,0.237,1.0,1.8,9,38,5,1
9,80,720,8.889,0.333,0.914,2.09,240,658,115,1
8,510,4080,63.75,0.144,0.531,1.32,586,2166,444,1
10,15,150,1.5,0.247,0.72,1.61,37,108,23,1
9,19,171,2.111,0.269,0.643,1.35,46,110,34,1
8,39,312,4.875,0.282,0.747,2.0,88,233,44,1
6,59,354,9.833,0.268,0.692,1.27,95,245,75,1
8,5,40,0.625,0.525,1.0,3.0,21,40,7,1
5,98,490,19.6,0.341,0.639,2.14,167,313,78,1
7,13,91,1.857,0.308,0.978,1.56,28,89,18,1
9,24,216,2.667,0.213,0.468,1.28,46,101,36,1
6,12,72,2.0,0.375,0.944,1.5,27,68,18,1
11,251,2761,22.818,0.355,0.743,2.93,979,2052,334,1
5,4,20,0.8,0.35,0.85,1.75,7,17,4,1
7,11,77,1.571,0.39,0.766,1.76,30,59,17,1
9,11,99,1.222,0.222,0.737,1.29,22,73,17,1
9,46,414,5.111,0.242,0.737,1.47,100,305,68,1
8,29,232,3.625,0.207,0.651,1.6,48,151,30,1
9,185,1665,20.556,0.417,0.786,3.13,694,1309,222,1
13,159,2067,12.231,0.412,0.627,4.81,852,1296,177,1
8,59,472,7.375,0.292,0.888,1.82,138,419,76,1
24,282,6768,11.75,0.443,0.878,7.8,2995,5944,384,1
5,14,70,2.8,0.329,0.5,2.56,23,35,9,1
10,38,380,3.8,0.426,0.947,3.12,162,360,52,1
9,78,702,8.667,0.329,0.896,2.1,231,629,110,1
8,20,160,2.5,0.525,0.938,3.5,84,150,24,1
7,11,77,1.571,0.299,0.649,1.77,23,50,13,1
2,19,38,9.5,0.184,0.553,3.5,7,21,2,1
5,38,190,7.6,0.426,0.989,1.42,81,188,57,1
12,497,5964,41.417,0.269,0.594,2.44,1605,3544,658,1
9,48,432,5.333,0.257,0.738,1.41,111,319,79,1
9,64,576,7.111,0.299,0.97,1.81,172,559,95,1
10,37,370,3.7,0.33,0.897,2.0,122,332,61,1
9,36,324,4.0,0.552,0.926,3.51,179,300,51,1
34,114,3876,3.353,0.105,0.301,2.59,406,1166,157,1
9,30,270,3.333,0.285,0.6,1.51,77,162,51,1
9,18,162,2.0,0.241,0.981,1.44,39,159,27,1
48,402,19296,8.375,0.055,0.094,4.13,1058,1814,256,5
11,8,88,0.727,0.58,1.0,5.1,51,88,10,1
8,23,184,2.875,0.359,0.94,1.65,66,173,40,1
7,24,168,3.429,0.101,0.298,1.89,17,50,9,5
8,30,240,3.75,0.363,0.85,2.29,87,204,38,1
10,94,940,9.4,0.25,0.721,1.7,235,678,138,1
7,20,140,2.857,0.25,0.593,1.35,35,83,26,1
6,97,582,16.167,0.266,0.72,1.82,155,419,85,1
7,3,21,0.429,0.571,1.0,4.0,12,21,3,1
8,22,176,2.75,0.398,0.79,2.59,70,139,27,1
7,11,77,1.571,0.234,0.935,1.64,18,72,11,1
9,21,189,2.333,0.354,0.878,2.68,67,166,25,1
8,10,80,1.25,0.45,0.988,1.71,36,79,21,1
1,249,249,249.0,0.173,1.0,1.02,43,249,42,1
14,12,168,0.857,0.429,0.732,6.55,72,123,11,1
9,349,3141,38.778,0.125,0.453,1.29,394,1422,306,1
9,36,324,4.0,0.549,0.914,3.3,178,296,54,1
14,402,5628,28.714,0.399,0.631,4.75,2248,3554,473,1
11,100,1100,9.091,0.269,0.765,1.9,296,842,156,1
12,117,1404,9.75,0.251,0.635,1.86,353,891,190,1
7,5,35,0.714,0.429,0.886,2.5,15,31,6,1
38,96,3648,2.526,0.431,0.836,3.29,1574,3051,478,1
6,71,426,11.833,0.131,0.784,1.3,56,334,43,1
4,25,100,6.25,0.28,0.71,1.33,28,71,21,1
9,20,180,2.222,0.55,0.733,9.9,99,132,10,1
8,10,80,1.25,0.313,0.675,1.92,25,54,13,1
12,271,3252,22.583,0.248,0.559,1.86,805,1818,433,1
10,34,340,3.4,0.321,0.853,2.02,109,290,54,1
11,302,3322,27.455,0.379,0.804,2.81,1260,2670,448,1
7,11,77,1.571,0.299,0.987,1.35,23,76,17,1
7,8,56,1.143,0.393,0.75,2.0,22,42,11,1
1,172,172,172.0,0.465,1.0,1.04,80,172,77,2
11,19,209,1.727,0.579,0.957,7.56,121,200,16,1
5,53,265,10.6,0.223,0.611,1.28,59,162,46,1
9,33,297,3.667,0.33,0.845,1.81,98,251,54,1
10,271,2710,27.1,0.267,0.698,1.96,724,1892,369,1
9,25,225,2.778,0.249,0.911,1.51,56,205,37,1
9,42,378,4.667,0.235,0.603,1.37,89,228,65,1
14,116,1624,8.286,0.27,0.649,2.12,439,1054,207,1
7,36,252,5.143,0.262,0.671,1.27,66,169,52,1
6,5,30,0.833,0.233,0.633,1.75,7,19,4,5
8,83,664,10.375,0.437,0.866,2.52,290,575,115,1
9,22,198,2.444,0.389,0.843,1.93,77,167,40,1
8,170,1360,21.25,0.277,0.89,1.6,377,1210,236,1
5,3,15,0.6,0.6,0.933,3.0,9,14,3,1
7,4,28,0.571,0.536,1.0,5.0,15,28,3,1
11,26,286,2.364,0.297,0.941,2.02,85,269,42,1
1,70,70,70.0,0.943,1.0,22.0,66,70,3,2
7,6,42,0.857,0.286,0.857,1.71,12,36,7,1
9,168,1512,18.667,0.315,0.697,2.15,476,1054,221,1
8,7,56,0.875,0.429,1.0,2.18,24,56,11,1
10,100,1000,10.0,0.436,0.91,2.53,436,910,172,1
10,240,2400,24.0,0.383,0.821,2.75,919,1971,334,1
11,79,869,7.182,0.342,0.841,2.2,297,731,135,1
7,51,357,7.286,0.283,0.91,1.35,101,325,75,1
8,275,2200,34.375,0.209,0.737,1.31,460,1621,351,1
7,193,1351,27.571,0.206,0.813,1.37,278,1099,203,1
7,8,56,1.143,0.286,0.732,1.78,16,41,9,1
5,13,65,2.6,0.4,1.0,1.18,26,65,22,1
66,3,198,0.045,0.657,0.909,2.6,130,180,50,4
11,184,2024,16.727,0.455,0.76,4.72,920,1539,195,1
3,304,912,101.33,0.555,0.686,42.17,506,626,12,2
6,11,66,1.833,0.197,0.848,1.3,13,56,10,1
7,14,98,2.0,0.357,0.939,1.84,35,92,19,1
9,268,2412,29.778,0.183,0.686,1.29,441,1654,341,1
6,3,18,0.5,0.5,0.944,2.25,9,17,4,1
8,69,552,8.625,0.216,0.643,1.43,119,355,83,1
10,41,410,4.1,0.312,0.734,1.94,128,301,66,1
9,174,1566,19.333,0.15,0.738,1.22,235,1156,193,1
11,168,1848,15.273,0.234,0.723,1.55,432,1337,279,1
28,333,9324,11.893,0.351,0.65,4.55,3270,6057,718,1
7,26,182,3.714,0.352,1.0,1.36,64,182,47,1
9,172,1548,19.111,0.353,0.799,2.43,546,1237,225,1
9,81,729,9.0,0.348,0.927,2.21,254,676,115,1
7,34,238,4.857,0.252,1.0,1.43,60,238,42,1
11,19,209,1.727,0.598,0.947,7.35,125,198,17,1
14,399,5586,28.5,0.383,0.593,5.04,2142,3315,425,1
11,11,121,1.0,0.388,0.818,2.24,47,99,21,1
38,410,15580,10.789,0.279,0.696,2.39,4341,10849,1815,1
7,19,133,2.714,0.451,0.97,2.73,60,129,22,1
10,9,90,0.9,0.344,0.889,2.82,31,80,11,1
10,62,620,6.2,0.265,0.656,2.19,164,407,75,1
17,266,4522,15.647,0.921,1.0,12.82,4167,4522,325,1
5,94,470,18.8,0.313,0.751,1.91,147,353,77,1
7,21,147,3.0,0.286,0.857,1.35,42,126,31,1
1,14,14,14.0,0.5,1.0,2.33,7,14,3,2
1,14,14,14.0,0.929,1.0,13.0,13,14,1,2
14,320,4480,22.857,0.354,0.585,4.46,1584,2621,355,1
9,39,351,4.333,0.368,0.729,2.58,129,256,50,1
17,9,153,0.529,0.209,0.497,1.88,32,76,17,5
2,50,100,25.0,0.46,0.51,15.33,46,51,3,2
7,35,245,5.0,0.302,0.939,1.48,74,230,50,1
8,7,56,0.875,0.357,0.964,1.82,20,54,11,1
7,6,42,0.857,0.214,0.286,9.0,9,12,1,1
7,205,1435,29.286,0.109,0.573,1.26,156,822,124,1
9,18,162,2.0,0.327,0.765,1.83,53,124,29,1
9,219,1971,24.333,0.109,0.538,1.43,215,1060,150,1
9,137,1233,15.222,0.235,0.693,1.7,290,854,171,1
9,21,189,2.333,0.497,0.958,3.62,94,181,26,1
4,115,460,28.75,0.426,0.487,17.82,196,224,11,2
11,84,924,7.636,0.279,0.679,2.35,258,627,110,1
1,107,107,107.0,0.869,1.0,18.6,93,107,5,2
2,18,36,9.0,0.806,0.833,29.0,29,30,1,2
12,66,792,5.5,0.402,0.78,3.03,318,618,105,1
11,22,242,2.0,0.624,0.88,9.44,151,213,16,1
6,50,300,8.333,0.327,0.777,2.0,98,233,49,1
7,92,644,13.143,0.309,0.896,1.88,199,577,106,1
3,90,270,30.0,0.511,0.907,2.34,138,245,59,1
16,424,6784,26.5,0.371,0.563,5.34,2514,3820,471,1
10,215,2150,21.5,0.133,0.464,1.2,287,997,239,1
6,20,120,3.333,0.317,0.983,1.52,38,118,25,1
5,19,95,3.8,0.316,0.916,1.5,30,87,20,1
17,171,2907,10.059,0.208,0.422,2.42,606,1226,250,1
7,19,133,2.714,0.286,0.632,1.65,38,84,23,1
1,379,379,379.0,0.963,1.0,60.83,365,379,6,2
9,38,342,4.222,0.444,0.898,2.71,152,307,56,1
5,5,25,1.0,0.52,1.0,2.17,13,25,6,1
6,43,258,7.167,0.337,0.969,1.67,87,250,52,1
9,533,4797,59.222,0.166,0.803,1.3,797,3853,612,1
8,36,288,4.5,0.458,0.958,2.06,132,276,64,1
8,24,192,3.0,0.328,0.625,1.75,63,120,36,1
7,13,91,1.857,0.286,0.989,1.73,26,90,15,1
8,16,128,2.0,0.453,0.68,2.9,58,87,20,1
9,22,198,2.444,0.288,0.818,2.48,57,162,23,1
23,132,3036,5.739,0.95,1.0,20.76,2885,3036,139,1
7,13,91,1.857,0.374,0.978,1.79,34,89,19,1
2,20,40,10.0,0.675,0.675,27.0,27,27,1,2
11,195,2145,17.727,0.358,0.781,3.0,768,1676,256,1
9,15,135,1.667,0.178,0.556,1.6,24,75,15,1
25,84,2100,3.36,0.443,0.82,8.45,930,1722,110,1
14,301,4214,21.5,0.257,0.564,2.37,1084,2378,458,1
16,367,5872,22.938,0.385,0.575,5.29,2258,3377,427,1
9,369,3321,41.0,0.329,0.639,2.67,1094,2122,409,1
8,7,56,0.875,0.429,1.0,2.67,24,56,9,1
8,49,392,6.125,0.406,0.742,1.81,159,291,88,1
10,98,980,9.8,0.379,0.835,2.22,371,818,167,1
8,43,344,5.375,0.34,0.892,1.83,117,307,64,1
4,17,68,4.25,0.309,0.559,3.5,21,38,6,1
12,40,480,3.333,0.46,0.592,7.62,221,284,29,1
6,62,372,10.333,0.234,0.852,1.36,87,317,64,1
8,29,232,3.625,0.384,0.884,2.07,89,205,43,1
14,300,4200,21.429,0.263,0.607,2.39,1106,2550,462,1
11,75,825,6.818,0.27,0.679,2.08,223,560,107,1
11,63,693,5.727,0.413,0.804,3.08,286,557,93,1
17,22,374,1.294,0.409,0.757,4.5,153,283,34,1
10,16,160,1.6,0.425,0.794,7.56,68,127,9,1
7,20,140,2.857,0.421,0.829,2.46,59,116,24,1
14,284,3976,20.286,0.236,0.698,2.24,938,2777,419,1
10,398,3980,39.8,0.342,0.745,2.44,1361,2965,557,1
7,23,161,3.286,0.447,1.0,1.95,72,161,37,1
10,48,480,4.8,0.36,0.863,2.16,173,414,80,1
7,11,77,1.571,0.351,0.961,1.35,27,74,20,1
5,4,20,0.8,0.4,0.7,2.67,8,14,3,1
8,36,288,4.5,0.427,0.924,1.98,123,266,62,1
6,184,1104,30.667,0.323,0.752,1.99,357,830,179,1
10,17,170,1.7,0.535,0.853,7.58,91,145,12,1
9,202,1818,22.444,0.087,0.254,1.3,158,462,122,1
21,68,1428,3.238,0.052,0.109,5.69,74,156,13,5
7,41,287,5.857,0.307,0.808,1.52,88,232,58,1
8,36,288,4.5,0.559,0.944,3.04,161,272,53,1
8,20,160,2.5,0.263,0.613,2.0,42,98,21,1
7,63,441,9.0,0.333,0.971,1.99,147,428,74,1
10,122,1220,12.2,0.273,0.54,2.03,333,659,164,1
59,84,4956,1.424,0.659,0.71,148.36,3264,3517,22,1
9,99,891,11.0,0.21,0.778,1.39,187,693,135,1
8,10,80,1.25,0.35,0.763,1.75,28,61,16,1
10,197,1970,19.7,0.144,0.589,1.25,284,1160,228,1
8,23,184,2.875,0.239,0.554,1.76,44,102,25,1
14,419,5866,29.929,0.373,0.603,4.51,2188,3535,485,1
1,14,14,14.0,1.0,1.0,14.0,14,14,1,2
10,44,440,4.4,0.318,0.87,1.75,140,383,80,1
20,32,640,1.6,0.43,0.555,21.15,275,355,13,1
8,55,440,6.875,0.243,0.657,1.39,107,289,77,1
8,16,128,2.0,0.328,0.969,1.91,42,124,22,1
5,13,65,2.6,0.154,0.662,10.0,10,43,1,1
6,21,126,3.5,0.238,0.738,1.58,30,93,19,1
7,1,7,0.143,1.0,1.0,7.0,7,7,1,4
8,525,4200,65.625,0.095,0.444,1.34,398,1865,297,1
10,64,640,6.4,0.439,0.889,2.58,281,569,109,1
12,22,264,1.833,0.621,0.788,9.65,164,208,17,1
1,95,95,95.0,1.0,1.0,95.0,95,95,1,2
8,121,968,15.125,0.431,0.98,3.11,417,949,134,1
7,7,49,1.0,0.327,0.898,2.29,16,44,7,1
9,172,1548,19.111,0.171,0.731,1.31,265,1131,202,1
5,32,160,6.4,0.431,0.988,1.47,69,158,47,1
8,8,64,1.0,0.5,1.0,2.91,32,64,11,1
8,25,200,3.125,0.515,0.815,2.64,103,163,39,1
12,2,24,0.167,0.625,0.667,15.0,15,16,1,4
8,27,216,3.375,0.282,0.87,1.36,61,188,45,1
9,152,1368,16.889,0.379,0.765,2.77,518,1047,187,1
9,43,387,4.778,0.377,0.922,2.25,146,357,65,1
12,168,2016,14.0,0.255,0.719,2.1,515,1449,245,1
6,7,42,1.167,0.429,0.881,3.6,18,37,5,1
9,331,2979,36.778,0.126,0.527,1.21,374,1570,308,1
1,54,54,54.0,0.944,1.0,17.0,51,54,3,2
1,104,104,104.0,0.971,1.0,50.5,101,104,2,2
8,36,288,4.5,0.299,0.531,2.21,86,153,39,1
8,52,416,6.5,0.325,0.877,1.75,135,365,77,1
10,37,370,3.7,0.324,0.692,1.85,120,256,65,1
6,96,576,16.0,0.217,0.797,1.45,125,459,86,1
10,81,810,8.1,0.279,0.81,2.11,226,656,107,1
7,34,238,4.857,0.273,0.761,1.48,65,181,44,1
15,154,2310,10.267,0.423,0.704,5.84,976,1626,167,1
34,25,850,0.735,0.256,0.534,2.06,218,454,106,5
13,104,1352,8.0,0.246,0.699,4.05,332,945,82,1
6,32,192,5.333,0.417,0.964,2.11,80,185,38,1
14,340,4760,24.286,0.259,0.592,2.45,1232,2819,503,1
11,357,3927,32.455,0.215,0.823,1.55,845,3232,546,1
4,10,40,2.5,0.6,0.8,4.0,24,32,6,1
9,35,315,3.889,0.362,0.825,1.97,114,260,58,1
3,54,162,18.0,0.364,0.519,8.43,59,84,7,2
8,21,168,2.625,0.363,0.774,1.69,61,130,36,1
12,73,876,6.083,0.257,0.591,2.14,225,518,105,1
12,72,864,6.0,0.638,0.918,6.12,551,793,90,1
3,4,12,1.333,0.917,0.917,11.0,11,11,1,1
5,39,195,7.8,0.395,0.826,3.67,77,161,21,1
7,13,91,1.857,0.264,0.648,1.41,24,59,17,1
11,57,627,5.182,0.295,0.719,2.47,185,451,75,1
9,97,873,10.778,0.466,0.973,2.42,407,849,168,1
6,32,192,5.333,0.286,0.76,1.41,55,146,39,1
8,43,344,5.375,0.326,0.75,1.81,112,258,62,1
8,22,176,2.75,0.324,0.909,1.78,57,160,32,1
28,32,896,1.143,0.501,0.744,7.02,449,667,64,1
16,393,6288,24.563,0.341,0.653,5.13,2145,4103,418,1
8,16,128,2.0,0.461,0.93,2.57,59,119,23,1
9,69,621,7.667,0.209,0.808,1.38,130,502,94,1
54,1,54,0.019,1.0,1.0,54.0,54,54,1,4
8,29,232,3.625,0.453,0.996,2.1,105,231,50,1
5,203,1015,40.6,0.239,0.859,1.3,243,872,187,1
8,15,120,1.875,0.417,0.925,2.17,50,111,23,1
16,391,6256,24.438,0.401,0.674,5.26,2508,4219,477,1
7,56,392,8.0,0.143,0.401,1.56,56,157,36,1
7,27,189,3.857,0.37,0.841,1.79,70,159,39,1
8,535,4280,66.875,0.171,0.697,1.27,731,2984,575,1
1,10,10,10.0,0.9,1.0,9.0,9,10,1,2
1,35,35,35.0,0.2,1.0,1.17,7,35,6,1
30,60,1800,2.0,0.154,0.457,1.85,278,823,150,5
10,176,1760,17.6,0.257,0.583,1.72,452,1026,263,1
8,59,472,7.375,0.206,0.691,3.13,97,326,31,1
9,534,4806,59.333,0.184,0.733,1.34,884,3524,661,1
7,60,420,8.571,0.286,0.886,1.5,120,372,80,1
9,108,972,12.0,0.389,0.88,2.22,378,855,170,1
7,31,217,4.429,0.382,0.811,1.84,83,176,45,1
1,180,180,180.0,0.983,1.0,88.5,177,180,2,2
11,23,253,2.091,0.415,0.858,3.5,105,217,30,1
12,20,240,1.667,0.525,0.854,9.0,126,205,14,1
6,16,96,2.667,0.49,0.938,2.14,47,90,22,1
8,35,280,4.375,0.382,1.0,2.02,107,280,53,1
9,54,486,6.0,0.391,0.817,1.98,190,397,96,1
10,262,2620,26.2,0.19,0.601,1.32,499,1575,377,1
9,24,216,2.667,0.218,0.588,1.38,47,127,34,1
11,12,132,1.091,0.5,0.841,4.13,66,111,16,1
17,398,6766,23.412,0.32,0.608,5.3,2162,4117,408,1
10,43,430,4.3,0.256,0.707,1.8,110,304,61,1
9,20,180,2.222,0.361,0.7,2.32,65,126,28,1
7,41,287,5.857,0.254,0.697,1.43,73,200,51,1
9,81,729,9.0,0.322,0.819,2.22,235,597,106,1
8,13,104,1.625,0.442,0.981,2.0,46,102,23,1
9,333,2997,37.0,0.237,0.671,1.57,711,2011,452,1
11,272,2992,24.727,0.26,0.681,1.82,778,2038,428,1
7,6,42,0.857,0.5,1.0,2.33,21,42,9,1
8,37,296,4.625,0.375,0.922,1.61,111,273,69,1
8,38,304,4.75,0.401,0.747,2.65,122,227,46,1
10,511,5110,51.1,0.161,0.634,1.43,822,3238,575,1
7,33,231,4.714,0.351,0.957,1.45,81,221,56,1
5,88,440,17.6,0.364,0.775,1.67,160,341,96,1
8,8,64,1.0,0.516,1.0,2.54,33,64,13,1
7,46,322,6.571,0.416,0.776,2.63,134,250,51,1
7,115,805,16.429,0.273,0.704,1.72,220,567,128,1
10,271,2710,27.1,0.251,0.754,1.88,679,2044,362,1
7,31,217,4.429,0.415,0.783,2.31,90,170,39,1
7,16,112,2.286,0.295,0.92,1.18,33,103,28,1
8,272,2176,34.0,0.197,0.629,1.38,428,1369,310,1
8,242,1936,30.25,0.171,0.409,1.45,331,792,228,1
7,43,301,6.143,0.243,0.807,3.48,73,243,21,1
16,181,2896,11.313,0.4,0.759,5.1,1157,2198,227,1
8,27,216,3.375,0.343,0.778,1.76,74,168,42,1
11,83,913,7.545,0.274,0.9,1.71,250,822,146,1
9,222,1998,24.667,0.202,0.711,1.52,403,1421,266,1
17,2,34,0.118,0.706,0.706,24.0,24,24,1,4
8,21,168,2.625,0.411,0.994,2.56,69,167,27,1
9,42,378,4.667,0.312,0.889,1.97,118,336,60,1
5,7,35,1.4,0.2,0.314,7.0,7,11,1,2
8,162,1296,20.25,0.204,0.412,3.12,265,534,85,1
10,2,20,0.2,0.55,0.6,11.0,11,12,1,2
9,85,765,9.444,0.308,0.744,1.95,236,569,121,1
8,36,288,4.5,0.427,1.0,2.05,123,288,60,1
8,5,40,0.625,0.375,0.95,1.67,15,38,9,1
9,353,3177,39.222,0.187,0.634,1.45,594,2013,411,1
9,18,162,2.0,0.259,0.71,1.56,42,115,27,1
8,75,600,9.375,0.373,0.955,1.95,224,573,115,1
5,16,80,3.2,0.425,1.0,1.36,34,80,25,1
8,69,552,8.625,0.279,0.687,1.5,154,379,103,1
7,16,112,2.286,0.42,0.768,2.14,47,86,22,1
8,13,104,1.625,0.587,0.837,4.69,61,87,13,1
9,43,387,4.778,0.388,0.886,2.73,150,343,55,1
7,33,231,4.714,0.364,0.753,1.68,84,174,50,1
8,19,152,2.375,0.388,0.664,2.19,59,101,27,1
12,26,312,2.167,0.224,0.907,1.63,70,283,43,1
7,35,245,5.0,0.494,1.0,2.2,121,245,55,1
17,389,6613,22.882,0.344,0.678,5.0,2273,4481,455,1
1,67,67,67.0,0.985,1.0,66.0,66,67,1,2
13,239,3107,18.385,0.239,0.615,2.16,742,1912,343,1
8,18,144,2.25,0.354,0.757,1.65,51,109,31,1
5,58,290,11.6,0.09,0.259,1.18,26,75,22,1
8,23,184,2.875,0.321,0.897,1.51,59,165,39,1
10,41,410,4.1,0.302,0.69,2.07,124,283,60,1
16,376,6016,23.5,0.371,0.58,5.57,2232,3490,401,1
8,59,472,7.375,0.186,0.672,1.49,88,317,59,1
5,128,640,25.6,0.759,0.764,162.0,486,489,3,2
9,207,1863,23.0,0.177,0.632,1.29,330,1178,255,1
8,82,656,10.25,0.434,0.75,2.91,285,492,98,1
54,1,54,0.019,1.0,1.0,54.0,54,54,1,4
5,17,85,3.4,0.576,0.953,2.33,49,81,21,1
4,108,432,27.0,0.778,0.826,56.0,336,357,6,2
8,180,1440,22.5,0.371,0.832,2.32,534,1198,230,1
12,8,96,0.667,0.302,1.0,2.9,29,96,10,1
1,13,13,13.0,0.769,1.0,5.0,10,13,2,1
15,342,5130,22.8,0.24,0.548,2.49,1232,2810,495,1
8,31,248,3.875,0.371,0.782,2.0,92,194,46,1
10,18,180,1.8,0.522,0.772,8.55,94,139,11,1
7,133,931,19.0,0.211,0.559,1.75,196,520,112,1
7,38,266,5.429,0.414,0.846,2.44,110,225,45,1
12,10,120,0.833,0.442,0.792,5.3,53,95,10,1
10,97,970,9.7,0.423,0.832,2.48,410,807,165,1
10,327,3270,32.7,0.379,0.767,2.75,1239,2508,450,1
86,67,5762,0.779,0.164,0.935,2.37,947,5386,399,5
4,253,1012,63.25,0.129,0.66,1.41,131,668,93,1
6,6,36,1.0,0.361,0.778,1.63,13,28,8,1
7,17,119,2.429,0.412,0.933,2.72,49,111,18,1
4,96,384,24.0,0.417,0.753,2.19,160,289,73,1
12,69,828,5.75,0.407,0.833,3.15,337,690,107,1
5,20,100,4.0,0.47,0.73,2.35,47,73,20,1
10,272,2720,27.2,0.279,0.789,1.98,758,2147,382,1
1,148,148,148.0,0.959,1.0,47.33,142,148,3,2
6,4,24,0.667,0.458,1.0,2.2,11,24,5,1
9,310,2790,34.444,0.17,0.792,1.27,475,2211,375,1
4,6,24,1.5,0.333,0.792,2.0,8,19,4,1
13,409,5317,31.462,0.267,0.582,2.23,1421,3095,637,1
5,7,35,1.4,0.4,0.657,2.33,14,23,6,1
5,4,20,0.8,0.65,0.85,3.25,13,17,4,1
8,117,936,14.625,0.201,0.698,1.45,188,653,130,1
24,177,4248,7.375,0.508,0.927,8.05,2157,3939,268,1
6,21,126,3.5,0.198,0.444,1.67,25,56,15,4
11,193,2123,17.545,0.243,0.683,1.59,516,1451,325,1
6,24,144,4.0,0.257,0.771,1.42,37,111,26,1
12,8,96,0.667,0.438,0.51,42.0,42,49,1,1
9,535,4815,59.444,0.156,0.688,1.35,752,3312,555,1
13,188,2444,14.462,0.188,0.71,1.67,460,1736,275,1
8,40,320,5.0,0.347,0.913,1.63,111,292,68,1
9,64,576,7.111,0.491,0.984,2.57,283,567,110,1
7,215,1505,30.714,0.548,0.997,3.35,824,1500,246,1
14,38,532,2.714,0.244,0.489,2.95,130,260,44,1
8,35,280,4.375,0.396,0.986,1.88,111,276,59,1
11,156,1716,14.182,0.224,0.71,1.52,385,1219,253,1
1,49,49,49.0,0.286,1.0,7.0,14,49,2,1
9,21,189,2.333,0.317,0.778,2.61,60,147,23,1
9,44,396,4.889,0.24,0.775,1.42,95,307,67,1
9,9,81,1.0,0.272,0.753,1.38,22,61,16,1
9,80,720,8.889,0.304,0.838,1.8,219,603,122,1
8,62,496,7.75,0.296,0.869,1.81,147,431,81,1
7,11,77,1.571,0.403,0.974,1.48,31,75,21,1
7,19,133,2.714,0.398,0.977,1.77,53,130,30,1
6,96,576,16.0,0.309,0.925,1.73,178,533,103,1
7,58,406,8.286,0.212,0.842,2.26,86,342,38,1
9,510,4590,56.667,0.148,0.537,1.33,681,2465,513,1
7,28,196,4.0,0.337,0.99,2.13,66,194,31,1
2,536,1072,268.0,0.537,0.622,24.0,576,667,24,2
10,19,190,1.9,0.363,0.837,2.46,69,159,28,1
12,45,540,3.75,0.467,0.694,6.63,252,375,38,1
7,100,700,14.286,0.279,0.98,1.63,195,686,120,1
8,25,200,3.125,0.385,0.615,2.75,77,123,28,1
3,9,27,3.0,0.296,1.0,1.33,8,27,6,1
10,9,90,0.9,0.522,0.656,9.4,47,59,5,1
7,69,483,9.857,0.188,0.754,1.28,91,364,71,1
8,33,264,4.125,0.436,0.886,1.89,115,234,61,1
9,508,4572,56.444,0.128,0.53,1.27,587,2425,461,1
8,40,320,5.0,0.281,0.872,1.45,90,279,62,1
5,9,45,1.8,0.333,1.0,1.88,15,45,8,1
24,186,4464,7.75,0.505,0.989,7.4,2256,4413,305,1
9,55,495,6.111,0.255,0.697,1.38,126,345,91,1
11,101,1111,9.182,0.267,0.849,1.72,297,943,173,1
11,80,880,7.273,0.492,0.882,4.98,433,776,87,1
6,13,78,2.167,0.359,1.0,1.87,28,78,15,1
10,413,4130,41.3,0.315,0.731,2.47,1302,3018,527,1
11,272,2992,24.727,0.275,0.743,2.1,824,2222,392,1
1,57,57,57.0,0.456,1.0,3.71,26,57,7,2
1,32,32,32.0,0.719,1.0,5.75,23,32,4,2
1,145,145,145.0,0.972,1.0,35.25,141,145,4,2
6,10,60,1.667,0.267,0.55,1.78,16,33,9,1
9,17,153,1.889,0.523,0.869,7.27,80,133,11,1
6,45,270,7.5,0.456,0.967,1.64,123,261,75,1
5,56,280,11.2,0.121,0.471,1.31,34,132,26,1
6,5,30,0.833,0.367,0.867,2.75,11,26,4,1
7,26,182,3.714,0.269,0.929,1.23,49,169,40,1
13,213,2769,16.385,0.359,0.658,4.65,995,1821,214,1
8,25,200,3.125,0.31,0.67,1.63,62,134,38,1
11,427,4697,38.818,0.566,0.57,189.79,2657,2676,14,2
9,54,486,6.0,0.292,0.957,1.48,142,465,96,1
6,14,84,2.333,0.571,0.976,2.4,48,82,20,1
9,508,4572,56.444,0.16,0.52,1.3,732,2379,563,1
7,34,238,4.857,0.298,0.937,1.31,71,223,54,1
5,13,65,2.6,0.292,0.892,1.46,19,58,13,1
8,4,32,0.5,0.438,0.656,4.67,14,21,3,1
8,19,152,2.375,0.368,0.704,2.33,56,107,24,1
9,122,1098,13.556,0.378,0.961,2.73,415,1055,152,1
7,14,98,2.0,0.337,0.898,1.94,33,88,17,1
8,67,536,8.375,0.381,0.746,2.49,204,400,82,1
8,16,128,2.0,0.398,0.695,2.55,51,89,20,2
7,315,2205,45.0,0.056,0.248,1.13,124,546,110,1
7,18,126,2.571,0.302,0.984,1.36,38,124,28,1
12,67,804,5.583,0.376,0.751,2.99,302,604,101,1
7,123,861,17.571,0.265,0.626,1.66,228,539,137,1
6,19,114,3.167,0.316,0.886,1.8,36,101,20,1
8,273,2184,34.125,0.215,0.808,1.27,469,1764,369,1
8,8,64,1.0,0.484,1.0,3.44,31,64,9,1
7,31,217,4.429,0.221,0.853,1.78,48,185,27,1
7,13,91,1.857,0.407,0.978,1.76,37,89,21,1
8,70,560,8.75,0.298,0.914,1.76,167,512,95,1
8,21,168,2.625,0.262,0.696,1.52,44,117,29,1
2,204,408,102.0,0.412,0.681,10.5,168,278,16,2
17,77,1309,4.529,0.314,0.76,2.94,411,995,140,1
8,6,48,0.75,0.375,1.0,1.64,18,48,11,1
9,275,2475,30.556,0.202,0.717,1.39,500,1775,359,1
14,34,476,2.429,0.279,0.851,3.09,133,405,43,1
10,179,1790,17.9,0.2,0.758,1.41,358,1356,254,1
8,99,792,12.375,0.351,0.962,1.66,278,762,167,1
9,177,1593,19.667,0.196,0.75,1.38,313,1195,227,1
52,461,23972,8.865,0.192,0.248,11.52,4607,5938,400,5
7,10,70,1.429,0.386,0.914,2.08,27,64,13,1
36,48,1728,1.333,0.143,0.437,3.58,247,755,69,5
5,13,65,2.6,0.477,0.938,1.48,31,61,21,1
7,8,56,1.143,0.357,0.893,2.22,20,50,9,1
8,9,72,1.125,0.417,1.0,2.31,30,72,13,1
10,21,210,2.1,0.329,0.843,2.56,69,177,27,1
8,12,96,1.5,0.458,0.938,2.59,44,90,17,1
10,128,1280,12.8,0.355,0.751,2.25,455,961,202,1
10,271,2710,27.1,0.193,0.693,1.37,522,1878,380,1
6,95,570,15.833,0.209,0.667,1.63,119,380,73,1
10,64,640,6.4,0.514,0.966,2.84,329,618,116,1
8,12,96,1.5,0.438,1.0,2.0,42,96,21,1
7,14,98,2.0,0.316,0.908,1.94,31,89,16,1
7,143,1001,20.429,0.113,0.528,1.47,113,529,77,1
8,19,152,2.375,0.368,1.0,1.75,56,152,32,1
17,110,1870,6.471,0.175,0.603,1.46,328,1128,224,1
9,280,2520,31.111,0.165,0.684,1.24,415,1724,336,1
9,518,4662,57.556,0.096,0.429,1.25,449,2001,360,1
6,114,684,19.0,0.278,0.741,1.76,190,507,108,1
8,29,232,3.625,0.345,0.681,2.0,80,158,40,1
7,44,308,6.286,0.169,0.455,1.58,52,140,33,1
7,38,266,5.429,0.259,0.688,1.5,69,183,46,1
9,80,720,8.889,0.338,0.954,2.04,243,687,119,1
7,52,364,7.429,0.266,0.959,1.21,97,349,80,1
12,102,1224,8.5,0.257,0.804,1.77,315,984,178,1
7,18,126,2.571,0.238,0.714,1.15,30,90,26,1
10,20,200,2.0,0.605,0.795,8.07,121,159,15,1
11,8,88,0.727,0.511,0.852,9.0,45,75,5,1
9,99,891,11.0,0.312,0.826,2.16,278,736,129,1
5,3,15,0.6,0.533,0.733,8.0,8,11,1,1
7,35,245,5.0,0.453,0.873,2.47,111,214,45,1
7,65,455,9.286,0.407,0.895,2.18,185,407,85,1
9,82,738,9.111,0.352,0.798,2.63,260,589,99,1
9,272,2448,30.222,0.269,0.696,1.93,659,1704,342,1
9,121,1089,13.444,0.399,0.843,2.4,434,918,181,1
11,53,583,4.818,0.249,0.734,1.93,145,428,75,1
2,22,44,11.0,0.75,0.75,33.0,33,33,1,2
9,22,198,2.444,0.192,0.697,1.31,38,138,29,1
4,12,48,3.0,0.146,1.0,1.0,7,48,7,1
25,186,4650,7.44,0.478,0.953,7.16,2221,4433,310,1
12,410,4920,34.167,0.333,0.661,2.69,1636,3254,608,1
16,92,1472,5.75,0.245,0.522,3.61,361,769,100,1
8,103,824,12.875,0.142,0.62,1.17,117,511,100,1
10,15,150,1.5,0.36,0.813,2.08,54,122,26,1
9,508,4572,56.444,0.164,0.69,1.22,748,3154,614,1
6,9,54,1.5,0.148,0.296,4.0,8,16,2,5
12,497,5964,41.417,0.297,0.733,2.25,1773,4374,789,1
5,4,20,0.8,0.35,0.6,2.33,7,12,3,1
1,45,45,45.0,0.933,1.0,21.0,42,45,2,2
10,57,570,5.7,0.556,0.719,5.2,317,410,61,1
11,146,1606,13.273,0.238,0.58,1.83,383,932,209,1
24,166,3984,6.917,0.905,0.98,17.08,3604,3905,211,1
11,118,1298,10.727,0.26,0.817,2.01,338,1061,168,1
7,37,259,5.286,0.282,0.772,1.35,73,200,54,1
9,102,918,11.333,0.214,0.708,1.3,196,650,151,1
8,48,384,6.0,0.341,0.737,1.96,131,283,67,1
17,24,408,1.412,0.4,0.838,4.79,163,342,34,1
11,118,1298,10.727,0.459,0.742,4.81,596,963,124,1
3,3,9,1.0,0.889,0.889,8.0,8,8,1,1
9,46,414,5.111,0.242,0.575,1.43,100,238,70,1
7,14,98,2.0,0.347,0.949,1.79,34,93,19,1
9,77,693,8.556,0.251,0.56,1.87,174,388,93,1
9,92,828,10.222,0.35,0.917,2.07,290,759,140,1
8,21,168,2.625,0.28,0.923,1.38,47,155,34,1
8,55,440,6.875,0.225,0.645,1.77,99,284,56,1
9,37,333,4.111,0.444,0.898,2.08,148,299,71,1
12,118,1416,9.833,0.255,0.7,2.06,361,991,175,1
8,16,128,2.0,0.328,0.961,1.91,42,123,22,1
10,227,2270,22.7,0.225,0.97,1.64,510,2202,311,1
10,259,2590,25.9,0.351,0.779,2.51,908,2018,362,1
6,22,132,3.667,0.197,1.0,2.89,26,132,9,1
11,271,2981,24.636,0.162,0.542,1.36,483,1616,355,1
13,37,481,2.846,0.322,0.992,3.52,155,477,44,1
5,10,50,2.0,0.36,1.0,1.29,18,50,14,1
7,30,210,4.286,0.305,0.871,1.64,64,183,39,1
8,18,144,2.25,0.472,1.0,2.52,68,144,27,1
3,3,9,1.0,0.778,0.778,7.0,7,7,1,1
8,41,328,5.125,0.232,0.527,1.55,76,173,49,1
7,18,126,2.571,0.167,0.437,2.63,21,55,8,1
9,95,855,10.556,0.284,0.849,1.91,243,726,127,1
28,82,2296,2.929,0.271,0.39,8.9,623,895,70,1
6,44,264,7.333,0.447,0.811,2.11,118,214,56,1
10,85,850,8.5,0.324,0.675,2.25,275,574,122,1
8,30,240,3.75,0.433,1.0,2.12,104,240,49,1
9,116,1044,12.889,0.339,0.88,1.86,354,919,190,1
10,144,1440,14.4,0.256,0.625,1.8,368,900,205,1
25,1,25,0.04,1.0,1.0,25.0,25,25,1,4
9,272,2448,30.222,0.269,0.763,1.87,659,1868,353,1
9,45,405,5.0,0.425,0.938,2.77,172,380,62,1
14,192,2688,13.714,0.234,0.589,2.28,628,1584,275,1
9,169,1521,18.778,0.333,0.726,2.3,507,1104,220,1
9,41,369,4.556,0.336,0.694,1.91,124,256,65,1
9,29,261,3.222,0.188,0.502,1.48,49,131,33,1
9,46,414,5.111,0.292,0.676,1.92,121,280,63,1
1,14,14,14.0,0.571,1.0,2.0,8,14,4,2
10,10,100,1.0,0.35,0.89,1.94,35,89,18,1
5,4,20,0.8,0.7,0.8,7.0,14,16,2,1
11,154,1694,14.0,0.187,0.522,1.94,317,884,163,1
9,20,180,2.222,0.3,0.972,1.74,54,175,31,1
6,13,78,2.167,0.231,0.487,3.0,18,38,6,1
6,14,84,2.333,0.298,0.619,1.79,25,52,14,1
5,18,90,3.6,0.322,1.0,1.45,29,90,20,1
1,42,42,42.0,0.31,1.0,2.6,13,42,5,2
9,13,117,1.444,0.53,0.88,3.26,62,103,19,1
9,46,414,5.111,0.297,0.833,1.66,123,345,74,1
8,69,552,8.625,0.366,0.897,1.94,202,495,104,1
4,7,28,1.75,0.286,1.0,2.0,8,28,4,5
8,163,1304,20.375,0.383,0.982,2.79,500,1280,179,1
7,11,77,1.571,0.143,0.558,1.57,11,43,7,1
8,32,256,4.0,0.375,0.98,2.09,96,251,46,1
10,262,2620,26.2,0.288,0.742,1.79,754,1945,421,1
9,23,207,2.556,0.3,1.0,1.51,62,207,41,1
14,2,28,0.143,0.536,0.536,15.0,15,15,1,4
10,330,3300,33.0,0.225,0.771,1.44,744,2545,518,1
8,6,48,0.75,0.333,0.979,1.78,16,47,9,1
6,181,1086,30.167,0.298,0.684,1.69,324,743,192,1
13,409,5317,31.462,0.277,0.573,2.65,1475,3049,556,1
10,22,220,2.2,0.323,0.814,2.09,71,179,34,1
2,21,42,10.5,0.452,1.0,6.33,19,42,3,2
11,8,88,0.727,0.705,1.0,7.75,62,88,8,1
5,6,30,1.2,0.367,0.767,3.67,11,23,3,1
11,25,275,2.273,0.335,0.931,2.56,92,256,36,1
14,372,5208,26.571,0.378,0.586,4.99,1971,3050,395,1
12,117,1404,9.75,0.231,0.712,1.68,324,1000,193,1
8,184,1472,23.0,0.237,0.777,1.64,349,1144,213,1
9,250,2250,27.778,0.36,0.733,2.56,810,1649,316,1
10,22,220,2.2,0.377,0.614,2.44,83,135,34,1
8,76,608,9.5,0.314,0.711,1.87,191,432,102,1
8,9,72,1.125,0.389,0.736,2.15,28,53,13,1
8,26,208,3.25,0.37,0.822,1.75,77,171,44,1
19,130,2470,6.842,0.208,0.65,1.93,514,1606,267,1
7,95,665,13.571,0.296,0.982,1.64,197,653,120,1
7,74,518,10.571,0.16,0.83,1.12,83,430,74,1
10,251,2510,25.1,0.151,0.567,1.29,378,1423,293,1
8,37,296,4.625,0.182,0.649,1.35,54,192,40,1
1,123,123,123.0,0.163,1.0,1.05,20,123,19,1
67,30,2010,0.448,0.169,0.46,2.26,339,924,150,5
9,124,1116,13.778,0.367,0.705,2.85,410,787,144,1
3,4,12,1.333,0.667,0.667,8.0,8,8,1,1
7,91,637,13.0,0.179,0.816,1.24,114,520,92,1
10,19,190,1.9,0.611,0.9,8.29,116,171,14,1
22,22,484,1.0,0.107,0.473,1.79,52,229,29,5
13,277,3601,21.308,0.293,0.636,2.59,1054,2292,407,1
6,82,492,13.667,0.104,0.303,1.31,51,149,39,1
12,272,3264,22.667,0.219,0.589,1.8,715,1922,397,1
1,18,18,18.0,0.389,1.0,3.5,7,18,2,1
8,74,592,9.25,0.568,0.983,3.11,336,582,108,1
10,212,2120,21.2,0.24,0.61,1.85,508,1293,274,1
1,62,62,62.0,0.984,1.0,61.0,61,62,1,2
8,14,112,1.75,0.223,0.661,3.57,25,74,7,1
1,11,11,11.0,1.0,1.0,11.0,11,11,1,2
8,9,72,1.125,0.431,0.958,2.07,31,69,15,1
8,67,536,8.375,0.392,0.724,2.31,210,388,91,1
9,103,927,11.444,0.357,0.864,2.47,331,801,134,1
16,227,3632,14.188,0.41,0.731,4.97,1490,2654,300,1
9,21,189,2.333,0.175,0.513,1.65,33,97,20,1
8,15,120,1.875,0.517,0.867,2.48,62,104,25,1
11,161,1771,14.636,0.329,0.605,3.05,582,1071,191,1
8,7,56,0.875,0.268,0.786,1.67,15,44,9,1
8,6,48,0.75,0.313,0.792,3.0,15,38,5,1
24,309,7416,12.875,0.921,0.984,17.51,6828,7295,390,1
9,83,747,9.222,0.284,0.849,1.91,212,634,111,1
9,249,2241,27.667,0.346,0.77,2.54,776,1725,306,1
7,18,126,2.571,0.365,0.968,2.0,46,122,23,1
5,13,65,2.6,0.462,0.677,4.29,30,44,7,1
9,109,981,12.111,0.219,0.779,1.67,215,764,129,1
1,9,9,9.0,0.778,1.0,7.0,7,9,1,1
12,272,3264,22.667,0.329,0.75,2.74,1075,2448,393,1
8,50,400,6.25,0.428,0.74,2.31,171,296,74,1
5,8,40,1.6,0.425,0.975,1.55,17,39,11,1
7,8,56,1.143,0.411,0.714,2.3,23,40,10,1
8,13,104,1.625,0.529,0.798,2.89,55,83,19,1
14,29,406,2.071,0.14,0.502,1.63,57,204,35,1
4,2,8,0.5,1.0,1.0,8.0,8,8,1,4
3,3,9,1.0,0.889,0.889,8.0,8,8,1,1
8,12,96,1.5,0.479,0.938,2.3,46,90,20,1
8,13,104,1.625,0.49,0.933,2.32,51,97,22,1
10,15,150,1.5,0.3,1.0,1.88,45,150,24,1
11,44,484,4.0,0.308,0.818,2.01,149,396,74,1
9,272,2448,30.222,0.137,0.532,1.33,336,1303,252,1
8,272,2176,34.0,0.359,0.848,2.7,781,1846,289,1
10,75,750,7.5,0.451,0.86,2.84,338,645,119,1
10,18,180,1.8,0.294,0.872,2.3,53,157,23,1
7,80,560,11.429,0.5,0.848,3.54,280,475,79,1
8,33,264,4.125,0.375,0.83,1.9,99,219,52,1
8,48,384,6.0,0.31,0.807,1.92,119,310,62,1
9,47,423,5.222,0.307,0.872,2.03,130,369,64,1
15,67,1005,4.467,0.293,0.607,3.59,294,610,82,1
10,122,1220,12.2,0.294,0.689,2.1,359,840,171,1
5,4,20,0.8,0.5,0.7,10.0,10,14,1,1
7,40,280,5.714,0.336,0.971,1.57,94,272,60,1
34,27,918,0.794,0.219,0.554,3.09,201,509,65,5
8,109,872,13.625,0.2,0.854,1.39,174,745,125,1
5,26,130,5.2,0.492,0.785,2.37,64,102,27,1
9,536,4824,59.556,0.154,0.602,1.36,743,2904,547,1
1,60,60,60.0,0.2,1.0,1.09,12,60,11,1
10,154,1540,15.4,0.342,0.664,2.55,527,1022,207,1
11,11,121,1.0,0.438,0.868,4.08,53,105,13,1
1,17,17,17.0,0.941,1.0,16.0,16,17,1,2
8,17,136,2.125,0.309,0.676,2.33,42,92,18,1
1,47,47,47.0,0.426,1.0,1.05,20,47,19,1
9,18,162,2.0,0.352,0.901,1.84,57,146,31,1
17,11,187,0.647,0.417,0.647,9.75,78,121,8,1
9,44,396,4.889,0.341,0.677,2.55,135,268,53,1
8,34,272,4.25,0.371,0.765,2.1,101,208,48,1
9,37,333,4.111,0.538,0.901,2.8,179,300,64,1
8,192,1536,24.0,0.316,0.746,1.74,485,1146,279,1
7,75,525,10.714,0.263,0.71,1.52,138,373,91,1
6,18,108,3.0,0.444,0.991,1.71,48,107,28,1
8,4,32,0.5,0.469,0.719,3.75,15,23,4,1
9,21,189,2.333,0.392,0.899,2.74,74,170,27,1
1,19,19,19.0,0.684,1.0,4.33,13,19,3,2
7,11,77,1.571,0.351,0.87,1.8,27,67,15,1
12,13,156,1.083,0.391,0.981,2.35,61,153,26,1
10,19,190,1.9,0.311,1.0,1.69,59,190,35,1
9,21,189,2.333,0.291,0.762,1.57,55,144,35,1
5,16,80,3.2,0.313,0.813,2.08,25,65,12,1
10,9,90,0.9,0.644,0.689,58.0,58,62,1,1
2,18,36,9.0,0.667,0.694,24.0,24,25,1,2
8,203,1624,25.375,0.149,0.767,1.27,242,1246,191,1
9,17,153,1.889,0.333,0.895,2.13,51,137,24,1
7,37,259,5.286,0.305,1.0,1.46,79,259,54,1
5,3,15,0.6,0.6,0.867,4.5,9,13,2,1
6,13,78,2.167,0.359,0.782,1.33,28,61,21,1
7,9,63,1.286,0.365,0.857,1.77,23,54,13,1
16,399,6384,24.938,0.369,0.577,5.34,2357,3685,441,1
1,47,47,47.0,1.0,1.0,47.0,47,47,1,2
8,12,96,1.5,0.438,1.0,1.91,42,96,22,1
9,20,180,2.222,0.294,0.578,1.51,53,104,35,1
9,102,918,11.333,0.183,0.804,1.27,168,738,132,1
9,98,882,10.889,0.185,0.662,1.58,163,584,103,1
6,11,66,1.833,0.394,0.955,1.53,26,63,17,1
9,43,387,4.778,0.274,0.605,1.68,106,234,63,1
13,38,494,2.923,0.312,0.955,3.42,154,472,45,1
24,170,4080,7.083,0.931,0.999,17.04,3799,4075,223,1
7,7,49,1.0,0.265,0.796,1.44,13,39,9,1
4,31,124,7.75,0.419,0.944,1.58,52,117,33,1
7,35,245,5.0,0.482,0.841,2.81,118,206,42,1
10,65,650,6.5,0.475,0.971,2.76,309,631,112,1
6,30,180,5.0,0.311,0.8,1.22,56,144,46,1
5,4,20,0.8,0.45,0.45,9.0,9,9,1,1
8,344,2752,43.0,0.216,0.838,1.22,595,2307,486,1
10,53,530,5.3,0.34,0.9,1.82,180,477,99,1
8,129,1032,16.125,0.232,0.823,1.46,239,849,164,1
12,104,1248,8.667,0.335,0.758,2.46,418,946,170,1
5,63,315,12.6,0.368,0.927,2.0,116,292,58,1
7,42,294,6.0,0.262,0.738,1.79,77,217,43,1
9,21,189,2.333,0.323,0.81,1.79,61,153,34,1
8,309,2472,38.625,0.186,0.644,1.41,459,1593,325,1
6,95,570,15.833,0.274,0.784,1.97,156,447,79,1
3,4,12,1.333,0.917,0.917,11.0,11,11,1,1
1,98,98,98.0,0.939,1.0,30.67,92,98,3,2
9,49,441,5.444,0.306,0.773,1.82,135,341,74,1
7,15,105,2.143,0.229,0.981,1.41,24,103,17,1
5,19,95,3.8,0.211,0.779,1.33,20,74,15,1
2,538,1076,269.0,0.518,0.596,29.32,557,641,19,2
9,84,756,9.333,0.25,0.955,1.83,189,722,103,1
7,38,266,5.429,0.327,0.951,1.38,87,253,63,1
8,18,144,2.25,0.215,0.813,2.38,31,117,13,1
10,21,210,2.1,0.348,0.757,3.17,73,159,23,1
7,34,238,4.857,0.286,0.756,1.36,68,180,50,1
6,83,498,13.833,0.329,0.823,1.58,164,410,104,1
8,45,360,5.625,0.297,0.564,1.88,107,203,57,1
9,36,324,4.0,0.577,0.948,3.02,187,307,62,1
17,106,1802,6.235,0.927,1.0,14.53,1671,1802,115,1
37,1,37,0.027,1.0,1.0,37.0,37,37,1,4
8,18,144,2.25,0.389,0.931,2.24,56,134,25,1
8,95,760,11.875,0.303,0.937,1.77,230,712,130,1
12,42,504,3.5,0.355,0.788,2.71,179,397,66,1
9,47,423,5.222,0.371,0.865,2.75,157,366,57,1
9,23,207,2.556,0.362,0.831,1.92,75,172,39,1
9,166,1494,18.444,0.336,0.723,2.38,502,1080,211,1
8,8,64,1.0,0.25,0.672,1.6,16,43,10,1
10,7,70,0.7,0.357,0.871,2.08,25,61,12,1
11,261,2871,23.727,0.243,0.524,1.93,698,1505,361,1
9,121,1089,13.444,0.356,0.817,2.2,388,890,176,1
5,24,120,4.8,0.342,0.808,1.32,41,97,31,1
2,537,1074,268.5,0.523,0.567,62.44,562,609,9,2
44,3,132,0.068,0.598,0.841,2.47,79,111,32,4
7,24,168,3.429,0.268,0.708,1.61,45,119,28,1
11,134,1474,12.182,0.286,0.777,2.36,422,1145,179,1
9,86,774,9.556,0.337,0.757,2.19,261,586,119,1
10,35,350,3.5,0.337,0.714,1.87,118,250,63,1
8,14,112,1.75,0.375,0.839,2.1,42,94,20,1
13,44,572,3.385,0.171,0.712,1.61,98,407,61,1
7,18,126,2.571,0.357,1.0,1.55,45,126,29,1
7,14,98,2.0,0.327,0.939,1.88,32,92,17,1
7,16,112,2.286,0.25,1.0,1.56,28,112,18,1
20,16,320,0.8,0.5,0.572,26.67,160,183,6,1
7,19,133,2.714,0.203,0.406,2.25,27,54,12,1
9,107,963,11.889,0.357,0.875,2.14,344,843,161,1
9,23,207,2.556,0.246,0.57,1.82,51,118,28,1
9,43,387,4.778,0.509,0.959,3.58,197,371,55,1
9,19,171,2.111,0.292,0.684,1.52,50,117,33,1
9,301,2709,33.444,0.178,0.694,1.3,482,1881,371,1
10,45,450,4.5,0.282,0.718,1.84,127,323,69,1
7,11,77,1.571,0.247,0.61,1.36,19,47,14,1
5,18,90,3.6,0.689,1.0,3.44,62,90,18,1
7,14,98,2.0,0.378,0.969,1.95,37,95,19,1
14,227,3178,16.214,0.237,0.839,3.34,754,2667,226,1
15,356,5340,23.733,0.398,0.738,5.32,2127,3940,400,1
10,49,490,4.9,0.165,0.649,1.35,81,318,60,1
6,46,276,7.667,0.217,0.804,2.0,60,222,30,1
2,17,34,8.5,0.588,0.971,6.67,20,33,3,2
8,12,96,1.5,0.396,0.99,1.9,38,95,20,1
6,95,570,15.833,0.256,0.768,1.78,146,438,82,1
7,14,98,2.0,0.286,0.755,1.56,28,74,18,1
9,279,2511,31.0,0.097,0.339,1.34,243,851,181,1
24,178,4272,7.417,0.483,0.933,8.0,2063,3987,258,1
7,1,7,0.143,1.0,1.0,7.0,7,7,1,2
11,190,2090,17.273,0.239,0.457,2.11,500,955,237,1
9,1,9,0.111,1.0,1.0,9.0,9,9,1,4
7,25,175,3.571,0.354,0.606,2.14,62,106,29,1
