input1,input2,input3,input4,input5,input6,input7,input8,input9,input10,input11,input12,input13,input14,input15,input16,class
30,100,0,78,56,82,44,78,75,51,100,22,72,0,15,7,9
21,90,68,100,69,67,56,47,100,37,80,3,31,0,0,28,3
26,94,67,100,100,89,66,68,92,39,84,14,41,7,0,0,3
0,74,29,100,37,94,30,62,23,30,12,0,47,10,100,12,1
85,98,17,99,21,61,66,23,15,0,0,35,61,68,100,100,8
12,88,53,100,100,94,68,69,80,39,95,10,51,0,0,6,3
0,94,59,100,86,75,72,37,61,0,37,10,28,33,100,35,7
45,100,12,82,0,41,17,4,62,0,100,21,96,60,54,66,0
0,73,48,91,62,100,56,46,71,12,100,16,42,6,15,0,1
66,100,28,84,8,50,14,14,61,0,100,21,51,36,0,28,6
56,87,91,100,81,72,61,58,100,41,87,12,38,0,0,12,3
15,66,14,100,50,89,37,51,7,18,0,12,50,8,100,0,2
0,48,26,69,64,89,100,100,80,76,61,51,48,25,56,0,1
0,99,27,100,49,83,51,55,43,29,44,3,72,0,100,2,2
0,55,20,68,65,88,100,100,76,75,51,50,28,25,11,0,1
21,76,39,100,45,67,27,29,0,0,25,2,63,1,100,2,2
96,70,76,100,46,73,98,69,100,64,98,24,52,0,0,2,9
12,100,7,80,0,60,3,39,36,23,86,34,88,20,100,0,4
0,63,36,100,81,93,66,44,30,5,0,0,47,19,100,10,2
0,53,35,76,78,98,100,100,84,75,68,50,54,25,54,0,1
44,100,2,69,0,38,71,39,100,50,60,74,56,37,58,0,4
3,96,53,100,81,68,83,28,72,0,100,34,51,41,0,43,7
55,83,100,100,88,92,40,78,24,43,68,31,48,5,0,0,5
15,83,6,48,65,46,45,0,8,20,0,74,43,94,100,100,5
2,74,5,95,70,100,100,89,66,67,31,45,0,22,2,0,7
84,90,0,91,51,56,98,19,36,0,43,40,100,75,62,100,8
100,100,55,99,20,93,23,53,67,54,80,20,43,0,0,3,5
100,100,60,89,26,65,3,36,0,4,43,0,51,26,12,31,6
99,100,61,78,37,40,41,0,99,0,100,33,47,50,0,28,6
14,100,66,86,66,57,50,28,31,0,0,9,25,29,100,30,7
48,95,94,100,100,73,75,47,41,25,0,5,41,1,94,0,2
12,91,48,100,66,77,77,63,100,42,75,15,34,0,0,15,3
80,71,59,100,18,73,44,34,50,0,0,20,46,50,100,74,8
0,99,71,100,100,77,72,48,53,18,40,0,0,27,66,33,7
24,100,25,58,64,36,45,0,13,23,0,65,44,90,100,100,5
35,100,5,72,0,40,44,18,87,30,100,58,70,30,53,0,4
100,100,21,86,64,41,71,0,13,23,73,66,74,100,0,70,8
70,97,16,84,0,49,12,14,62,0,95,29,100,65,92,100,0
100,100,61,85,25,58,0,28,23,0,77,9,85,39,30,50,6
67,86,59,66,95,26,44,0,0,30,59,63,100,98,19,100,8
18,100,22,79,0,47,28,35,94,35,98,64,100,34,91,0,4
47,100,31,76,0,45,63,50,100,64,92,61,94,28,96,0,4
100,86,12,100,0,64,67,29,39,0,35,38,94,74,92,98,8
0,82,75,56,100,12,22,0,22,41,92,73,84,100,2,80,8
100,100,63,99,28,85,27,49,67,40,88,16,46,0,0,1,5
0,37,29,60,68,82,100,100,77,75,57,51,45,25,45,0,1
50,100,20,75,2,46,0,17,43,0,100,10,73,32,16,24,6
38,100,73,98,71,69,78,46,100,20,77,0,38,0,0,6,3
100,100,39,84,0,63,37,46,90,62,68,45,46,23,41,0,4
22,80,0,35,32,0,87,22,100,69,61,100,18,65,9,19,0
44,79,69,100,99,88,69,62,100,41,97,12,47,0,0,15,3
38,100,20,61,26,20,65,0,100,27,92,67,48,85,0,79,0
23,73,60,100,54,76,40,34,22,0,0,15,50,14,100,14,1
0,88,37,100,85,90,63,46,48,0,27,18,45,37,100,38,7
0,96,21,97,79,100,100,98,67,76,48,50,33,23,31,0,7
66,100,50,86,21,56,0,26,26,0,100,16,53,33,15,7,6
11,100,0,68,22,14,66,0,100,35,78,88,34,100,13,51,0
64,89,100,100,47,87,7,64,25,53,74,43,51,14,0,0,5
32,88,21,100,66,94,45,65,69,54,100,29,64,3,0,0,3
42,90,24,55,80,48,51,10,0,0,9,48,43,85,100,100,5
28,77,62,100,100,85,67,58,96,40,92,9,41,0,0,18,3
0,90,22,62,79,45,56,0,22,40,4,93,25,99,100,100,5
8,100,0,77,0,55,29,38,71,55,71,42,71,20,100,0,4
26,80,58,100,63,61,38,26,0,6,22,18,61,0,100,18,2
49,100,24,82,0,54,20,37,82,40,82,54,80,25,100,0,4
40,88,100,100,38,91,0,64,41,52,96,38,62,11,0,0,5
70,75,92,40,84,0,0,0,35,38,100,71,90,100,13,84,8
35,80,73,100,95,84,55,62,100,44,97,14,49,0,0,9,3
56,100,46,99,14,66,0,31,36,0,100,9,58,24,32,2,6
21,75,40,100,85,94,67,63,100,43,95,11,47,0,0,13,3
36,81,36,70,80,36,52,0,0,22,29,63,35,94,100,100,5
0,0,42,11,83,34,100,68,77,100,29,99,41,69,90,61,9
30,68,63,99,76,100,65,60,44,23,0,0,46,2,100,10,1
85,100,30,84,5,54,0,22,48,0,100,21,66,47,0,37,6
88,99,18,100,0,69,75,81,100,95,86,62,73,30,76,0,9
26,100,11,78,0,51,16,28,59,36,100,51,85,26,69,0,4
26,74,54,100,70,70,49,37,18,7,0,7,49,15,100,0,2
21,100,9,96,0,68,39,51,100,59,99,57,91,29,89,0,4
5,32,36,54,71,75,100,100,71,78,43,53,17,27,0,0,1
0,64,24,78,100,100,76,96,41,72,12,47,6,23,35,0,1
86,53,90,92,36,100,0,62,0,16,52,0,100,27,100,66,0
94,100,52,78,24,50,13,21,47,0,100,15,53,30,0,18,6
60,86,55,71,0,71,42,97,100,100,96,64,62,31,38,0,9
55,89,85,100,100,81,78,60,69,35,64,9,33,0,0,3,3
10,81,44,100,57,74,32,42,0,16,16,5,58,4,100,0,2
12,93,48,62,95,96,21,100,46,70,100,64,77,7,0,0,9
100,77,64,61,9,74,54,100,100,85,91,51,59,19,0,0,9
27,76,62,100,84,76,66,41,37,11,0,3,50,1,100,0,2
32,86,49,100,100,96,73,72,67,48,89,22,52,2,0,0,3
69,65,10,59,0,88,54,100,100,80,94,49,61,22,14,0,9
27,75,64,100,100,99,79,70,45,44,6,20,0,0,64,6,2
0,53,30,82,62,100,52,61,50,21,20,3,45,0,100,3,1
34,87,70,100,100,92,83,67,73,40,77,14,41,1,0,0,3
0,79,25,100,49,80,27,48,0,19,24,1,62,0,100,2,2
30,100,15,76,0,48,55,39,96,56,100,55,76,28,58,0,4
41,100,9,70,0,30,33,0,88,15,100,54,79,92,28,88,0
26,86,20,43,37,0,87,12,100,56,74,95,22,100,0,60,0
51,80,71,100,100,86,79,64,53,44,62,19,41,0,0,1,3
6,97,63,100,95,79,48,60,67,52,100,28,56,8,0,0,3
86,100,38,93,7,62,1,28,41,0,100,12,54,28,0,7,6
41,85,77,100,92,73,66,49,100,31,78,5,37,0,0,15,3
0,91,42,100,71,75,59,37,51,0,27,34,50,54,100,56,7
0,89,45,100,77,80,72,45,70,10,59,0,48,24,100,28,7
100,100,56,95,78,84,95,83,97,54,89,26,49,8,0,0,9
0,41,40,58,74,80,100,100,88,75,75,50,65,25,65,0,1
0,95,25,72,100,84,30,100,23,81,100,66,78,30,33,0,9
81,100,50,79,23,52,17,22,70,15,100,31,44,19,0,0,6
100,74,51,73,0,79,23,100,72,95,100,66,100,32,85,0,9
44,93,0,100,32,60,85,27,61,0,41,36,100,65,72,88,8
8,98,25,100,29,64,21,29,0,2,33,2,67,3,100,0,2
20,85,3,55,0,17,38,0,79,23,100,58,83,92,35,100,0
31,96,18,51,27,100,26,67,40,17,0,0,44,6,100,7,1
17,83,57,100,87,83,61,58,27,36,0,13,51,8,100,0,2
3,76,30,100,91,98,81,65,80,45,100,22,52,0,0,12,3
48,84,38,41,20,0,0,14,37,51,89,81,100,100,36,84,8
22,100,52,98,58,62,32,33,0,13,27,9,63,5,100,0,2
60,100,32,69,0,37,42,29,100,29,85,51,68,38,60,0,4
70,100,2,50,15,1,100,36,70,79,36,56,67,51,0,0,0
34,78,39,53,100,24,49,0,44,35,77,70,76,100,0,80,8
29,100,24,75,0,48,27,33,89,37,87,51,89,22,100,0,4
0,63,16,90,100,100,90,73,53,40,22,6,11,0,48,18,7
36,100,2,70,0,43,53,42,100,43,68,70,45,35,22,0,4
100,100,74,96,45,68,28,35,32,0,63,12,38,37,0,31,6
10,86,51,100,84,78,53,48,85,40,100,14,52,0,0,0,3
18,74,29,100,100,88,73,47,31,9,0,0,14,29,96,34,7
50,90,0,89,62,47,88,0,5,4,42,51,100,95,11,100,8
37,82,57,100,53,65,30,36,0,16,30,0,66,2,100,19,2
12,97,0,100,58,98,100,84,93,62,71,41,46,21,32,0,7
0,57,50,74,82,97,100,100,89,75,75,50,64,25,61,0,1
13,94,0,51,55,45,34,0,0,16,0,71,39,98,100,100,5
0,70,19,100,65,79,59,40,12,17,3,15,59,6,100,0,2
40,71,60,100,100,85,78,46,37,20,0,4,49,3,99,0,2
8,72,0,36,26,0,74,3,100,40,85,83,43,100,14,66,0
22,88,15,37,37,0,77,12,100,51,77,92,37,100,0,78,0
100,84,63,100,39,67,86,70,93,71,85,33,58,0,0,2,9
0,67,43,74,78,91,100,100,95,74,87,49,84,23,96,0,1
0,79,40,100,78,73,61,35,31,0,30,22,31,45,100,45,7
51,85,83,100,100,90,81,66,73,40,73,16,39,2,0,0,3
0,80,25,100,61,89,51,57,28,28,0,2,50,0,100,1,2
0,34,55,65,89,100,82,58,82,17,39,1,9,0,100,1,1
40,99,51,66,79,26,39,0,0,27,8,77,46,100,100,94,5
89,83,58,100,32,68,77,64,100,74,88,29,48,4,0,0,9
3,71,38,100,45,92,42,56,38,20,0,1,32,0,100,3,1
51,91,23,71,52,35,13,0,0,30,5,81,43,100,100,95,5
100,93,34,100,0,73,64,71,87,94,74,62,64,31,62,0,9
33,73,66,88,100,100,79,80,58,60,36,41,16,20,0,0,1
0,93,52,100,94,87,80,63,53,42,23,20,42,3,100,0,2
0,100,51,85,100,74,63,37,26,0,15,12,38,31,100,37,7
0,97,90,100,81,71,52,36,37,0,16,13,7,42,100,43,7
20,100,7,84,0,50,65,50,100,67,84,68,77,34,72,0,4
89,75,77,100,0,83,38,56,100,81,91,50,74,12,2,0,9
54,70,54,100,93,96,75,58,42,24,0,0,44,12,100,11,2
19,80,45,100,49,64,29,27,0,0,25,8,63,14,100,21,2
19,60,33,88,100,100,93,70,51,48,98,27,63,0,0,0,3
18,95,6,63,16,11,65,0,100,40,84,90,31,100,0,57,0
6,100,18,89,14,54,0,21,54,21,99,38,92,34,100,0,4
0,84,41,100,86,75,33,52,54,45,100,19,51,0,2,13,3
86,85,47,64,0,76,34,100,78,88,81,58,81,28,100,0,9
36,73,12,51,25,0,76,15,100,62,63,100,15,75,0,25,0
0,82,38,100,71,79,40,51,59,41,100,20,64,0,9,5,3
13,79,31,100,73,82,59,45,17,19,0,23,53,17,100,0,2
44,100,58,57,100,88,40,95,63,62,77,60,67,10,0,0,9
86,100,0,95,32,56,100,22,30,0,5,36,80,68,52,99,8
44,100,8,62,0,14,50,0,99,31,100,78,45,90,11,49,0
62,57,100,81,75,100,23,85,0,58,55,50,90,32,84,0,9
48,84,55,58,85,83,34,100,67,65,100,28,59,0,0,0,9
80,100,31,87,78,45,87,0,0,2,33,45,100,83,36,79,8
0,59,46,83,62,100,57,64,55,27,25,0,36,3,100,1,1
100,98,60,100,29,73,10,41,6,6,46,0,46,27,0,30,6
71,95,25,88,0,43,15,0,64,11,100,50,87,95,38,100,0
89,100,48,76,18,46,8,12,55,0,100,14,51,23,0,12,6
10,66,30,100,39,90,45,54,41,17,0,0,43,4,100,3,1
63,99,25,77,0,35,22,0,73,17,100,58,79,100,33,91,0
20,65,43,94,76,100,58,64,44,27,0,1,18,4,100,0,1
0,73,46,84,87,100,100,92,86,69,76,46,69,22,67,0,1
0,66,9,89,55,100,100,92,79,68,50,46,30,22,47,0,7
30,71,43,100,44,90,38,37,56,0,100,10,42,6,0,5,1
0,51,37,61,71,79,100,100,97,80,87,53,76,25,71,0,1
41,77,70,100,100,78,67,50,76,38,93,11,44,0,0,5,3
0,56,5,14,47,0,86,25,100,66,76,100,34,80,6,45,0
67,89,25,100,33,75,51,94,85,64,100,23,56,0,0,10,9
0,81,16,59,74,39,65,0,8,6,4,50,33,88,100,100,5
77,94,31,100,52,86,92,96,94,62,100,28,71,0,0,0,9
100,98,54,100,13,83,11,49,53,55,73,27,46,0,0,5,5
46,78,59,42,51,0,0,6,47,39,100,69,90,100,21,94,8
100,100,43,95,56,56,59,17,0,0,17,34,65,65,72,95,8
32,53,41,90,100,100,94,60,56,25,0,0,30,9,99,11,2
15,76,5,33,34,0,89,9,100,50,79,91,29,100,0,64,0
7,55,45,74,86,100,100,96,71,68,41,39,14,9,0,0,1
41,82,77,98,100,100,59,90,28,69,54,42,39,13,0,0,5
29,87,92,100,94,98,34,81,36,45,100,37,64,7,0,0,5
32,74,87,95,100,100,84,73,79,46,66,18,0,0,3,0,1
11,80,37,100,83,89,50,65,100,54,97,24,54,4,0,0,3
0,72,29,100,71,82,74,43,57,5,23,0,45,28,100,35,7
100,64,98,100,51,78,52,39,48,0,0,4,31,38,95,57,8
13,100,0,62,12,21,53,0,94,19,100,60,75,96,32,97,0
100,100,21,86,45,47,86,11,3,0,0,33,65,65,99,96,8
53,100,33,77,0,55,19,35,87,41,100,46,65,24,47,0,4
93,100,53,92,60,49,56,8,0,0,11,35,62,57,100,84,8
67,100,24,79,0,51,0,20,43,0,100,6,88,28,29,30,6
14,77,34,100,52,74,30,41,0,13,25,5,66,0,100,23,2
25,98,7,67,95,78,36,100,0,79,100,71,76,33,14,0,9
96,74,47,54,0,72,25,100,82,89,100,57,84,25,41,0,9
0,75,32,100,80,99,66,69,68,44,100,20,60,0,6,1,3
14,88,62,100,97,86,70,62,34,42,0,20,45,6,100,0,2
26,93,0,54,16,2,62,0,100,34,85,86,40,100,6,65,0
4,54,55,75,97,98,100,100,69,75,40,50,13,25,0,0,1
24,88,0,46,54,45,20,0,24,55,38,95,51,94,100,100,5
18,61,51,37,44,0,0,13,33,48,84,79,100,100,35,75,8
0,62,42,79,79,100,100,98,85,73,69,48,52,23,27,0,1
38,100,6,73,0,41,71,37,100,67,80,63,49,32,21,0,4
23,74,42,38,51,0,0,7,26,42,81,69,100,97,25,100,8
0,29,21,0,63,25,100,59,100,100,52,86,13,55,2,12,0
12,67,42,36,57,4,12,0,0,38,12,73,55,87,100,100,5
100,77,98,100,41,83,5,55,0,23,42,0,66,24,11,35,6
15,82,55,100,94,82,67,45,28,17,0,6,51,13,100,0,2
77,69,97,100,28,80,53,38,78,0,0,7,30,43,100,69,8
45,86,32,66,93,87,12,100,80,79,100,46,88,13,0,0,9
66,100,35,69,23,33,43,0,98,1,100,32,43,37,0,18,6
13,52,35,92,40,100,43,57,45,13,0,0,51,1,100,0,1
0,44,41,62,78,85,100,100,87,75,70,50,55,25,41,0,1
35,100,16,80,0,45,56,45,100,53,59,81,55,40,54,0,4
32,75,59,100,88,84,72,54,100,38,89,10,39,0,0,19,3
57,70,81,100,72,71,60,35,50,0,0,4,49,6,100,9,1
0,95,3,97,69,100,100,100,52,80,23,55,16,26,34,0,7
7,100,40,89,37,48,21,9,0,0,3,40,48,58,100,65,7
41,100,11,70,0,26,33,0,76,17,100,55,88,97,43,91,0
64,86,79,100,100,87,73,63,93,41,83,13,43,0,0,5,3
39,86,78,61,100,100,33,85,83,74,83,54,75,6,0,0,9
82,73,61,100,0,80,35,55,100,77,99,61,87,23,98,0,9
9,100,9,77,0,46,2,22,81,29,100,35,56,31,59,0,4
82,100,51,89,0,62,23,43,100,43,99,66,70,33,47,0,4
32,66,87,42,73,0,0,7,37,43,100,72,92,100,30,76,8
6,79,49,100,100,97,79,67,40,43,0,18,32,1,91,0,2
0,93,35,100,84,100,100,81,85,61,70,40,55,20,52,0,7
22,84,41,100,49,69,26,40,0,11,21,0,60,6,100,12,2
100,100,49,88,20,56,7,19,46,0,95,17,51,22,0,7,6
100,100,54,92,39,76,29,61,18,46,7,30,4,15,0,0,1
42,100,41,78,18,51,0,23,60,24,94,41,89,27,100,0,4
0,100,73,99,100,83,83,51,67,20,43,0,2,27,70,28,7
0,34,16,54,51,77,89,100,86,75,73,50,70,24,100,0,1
80,95,0,84,43,48,100,16,58,0,37,36,75,73,82,100,8
0,77,42,100,75,79,34,53,60,47,100,25,57,4,6,0,3
100,100,55,91,21,65,0,34,17,3,66,0,69,25,19,25,6
0,73,43,100,44,95,38,62,37,29,16,0,22,2,100,3,1
8,69,58,95,62,100,54,61,44,23,0,0,29,3,100,8,1
93,93,44,100,26,73,53,51,100,46,86,12,38,0,0,13,5
21,91,59,100,62,66,34,36,0,11,19,13,59,0,100,9,2
27,94,55,57,61,18,15,0,0,28,5,70,46,93,100,100,5
18,82,46,100,69,73,46,42,9,16,0,1,50,3,100,0,2
12,83,50,100,85,67,63,23,16,0,0,18,52,18,100,1,2
17,78,30,100,55,80,31,50,0,23,4,0,52,1,100,5,2
9,96,13,59,76,45,60,0,3,12,0,63,24,100,100,100,5
13,79,35,100,58,77,37,41,0,12,4,13,55,0,100,12,2
5,100,45,90,41,45,36,0,3,14,0,39,49,48,100,55,7
39,88,47,100,82,81,59,54,24,32,0,7,48,0,100,1,2
85,100,68,99,19,70,0,33,27,0,100,8,87,42,19,59,6
80,94,33,100,47,57,96,85,87,92,100,44,76,0,0,19,9
79,89,100,100,41,96,0,74,53,66,95,51,74,24,39,0,9
37,100,10,92,0,56,79,50,100,71,74,86,56,42,47,0,4
41,93,32,64,32,23,0,0,0,32,51,56,100,82,58,100,8
20,91,25,67,54,32,19,0,0,32,0,80,49,92,100,100,5
36,70,68,100,67,89,57,49,36,13,0,0,50,5,100,8,1
92,75,51,67,51,98,94,100,100,63,84,28,49,0,0,2,9
40,100,0,86,7,63,100,63,68,90,46,80,52,39,40,0,4
92,69,36,74,0,87,52,100,98,86,100,56,79,28,58,0,9
0,100,39,100,52,67,50,32,41,0,21,32,55,43,100,45,7
4,61,26,97,38,100,28,60,16,21,0,2,49,2,100,0,1
100,100,89,85,74,71,59,57,41,43,24,29,9,14,0,0,1
62,98,22,72,0,29,28,0,77,15,100,57,86,100,37,97,0
0,67,47,91,78,100,64,59,49,18,2,0,37,4,100,5,1
55,40,100,64,92,100,48,81,45,40,55,0,0,4,11,38,8
77,100,28,90,0,50,15,10,72,0,100,33,48,45,21,11,6
29,100,11,85,0,65,3,45,46,39,83,39,84,19,100,0,4
34,98,58,68,75,100,10,96,67,67,100,36,50,0,0,22,9
63,100,21,81,0,51,7,19,56,0,100,17,54,33,0,19,6
46,90,41,60,99,87,54,100,89,98,100,58,67,20,0,0,9
9,100,1,82,0,48,66,46,100,77,81,58,59,23,48,0,4
63,100,23,87,0,67,28,51,85,54,100,41,77,21,60,0,4
25,72,0,36,21,0,65,6,99,35,100,80,62,100,25,81,0
42,63,100,85,54,100,42,62,62,22,0,0,0,27,73,51,8
23,84,28,57,71,22,0,0,6,33,69,66,100,100,2,90,8
20,87,60,100,69,75,50,52,100,44,96,18,51,1,0,0,3
0,82,10,99,54,99,98,100,100,80,78,55,62,28,57,0,7
5,75,0,46,16,5,67,0,100,34,92,75,47,100,6,77,0
31,87,20,59,92,56,73,15,0,0,6,44,25,90,100,100,5
0,92,27,100,77,97,70,70,37,46,12,20,49,2,100,0,2
49,90,81,100,96,69,74,38,24,20,0,32,58,21,100,0,2
26,77,49,100,100,94,76,67,73,43,94,16,51,0,0,13,3
69,100,31,77,8,53,0,27,27,3,92,0,100,20,39,12,6
38,95,53,100,19,80,0,59,61,65,100,89,75,47,49,0,4
100,100,46,82,13,54,0,23,38,0,99,11,68,35,1,30,6
33,100,14,97,0,80,9,61,39,48,74,36,92,18,100,0,4
19,92,58,100,100,100,94,79,73,55,69,25,40,5,0,0,3
10,71,44,100,67,76,52,37,24,4,0,5,49,9,100,0,2
0,85,21,100,66,98,83,77,90,53,100,30,75,10,35,0,3
5,39,0,61,55,84,100,100,73,75,55,50,45,25,59,0,1
76,67,75,100,0,77,49,40,83,0,5,12,36,52,100,87,8
17,74,2,33,25,0,75,22,100,59,96,99,40,100,0,71,0
62,57,100,85,52,100,0,76,39,64,79,57,52,24,5,0,9
0,76,24,100,65,97,61,63,40,31,6,5,51,2,100,0,2
0,88,43,100,78,81,78,43,79,5,60,0,50,24,100,31,7
8,90,4,58,66,36,44,0,2,19,0,63,25,99,100,100,5
0,88,31,100,65,90,62,68,45,48,38,26,62,9,100,0,2
18,84,6,71,67,37,38,0,0,27,51,64,100,100,17,79,8
100,94,63,100,30,71,8,39,6,6,57,0,54,19,0,10,6
0,45,53,36,62,0,7,6,52,38,100,70,71,100,11,84,8
38,100,14,74,0,46,39,35,93,35,100,53,86,27,70,0,4
87,96,62,81,99,100,66,92,99,61,100,26,55,2,0,0,9
64,100,38,67,2,38,0,28,62,32,100,53,88,34,79,0,4
0,32,29,55,63,78,100,100,90,75,88,50,84,25,80,0,1
5,65,2,25,41,0,89,11,100,54,70,92,23,100,0,64,0
5,70,34,100,85,83,56,52,75,43,100,12,41,0,0,20,3
88,100,25,87,61,58,92,89,89,63,100,23,47,0,0,23,9
81,100,42,70,0,41,32,36,100,38,98,51,78,34,72,0,4
36,96,29,73,71,46,47,0,0,7,15,60,41,99,100,100,5
81,85,34,100,40,66,60,30,26,0,0,22,47,51,100,78,8
16,75,41,100,52,64,32,27,0,0,21,9,62,2,100,14,2
20,79,58,100,80,76,46,50,0,33,4,21,50,5,100,0,2
36,100,8,70,0,27,28,0,68,10,96,44,100,84,61,86,0
25,100,11,86,0,60,51,57,100,71,92,51,72,26,57,0,4
100,100,52,80,20,52,6,20,45,0,99,12,59,30,0,25,6
30,100,10,85,0,66,0,48,27,34,65,28,96,18,100,0,4
49,89,71,59,98,23,38,0,18,33,60,67,100,100,0,94,8
35,84,63,100,92,81,65,54,32,30,0,6,48,1,100,0,2
0,87,55,100,100,81,74,41,49,0,20,10,32,32,99,35,7
36,70,53,99,100,100,88,68,85,43,91,13,47,0,0,12,3
12,76,47,100,100,98,97,72,52,54,74,30,52,5,0,0,3
43,89,15,49,22,0,72,3,100,46,83,92,30,100,0,66,0
63,77,95,100,92,63,64,28,26,2,0,0,50,4,100,7,2
33,86,9,65,75,71,72,25,3,0,0,46,12,93,100,100,5
3,100,0,81,3,55,33,34,84,36,100,50,86,25,97,0,4
0,100,50,93,100,93,91,64,74,31,54,0,18,23,66,29,7
58,96,100,100,63,90,37,61,61,54,66,24,36,0,0,11,5
85,52,85,98,0,79,65,39,100,0,9,13,62,56,100,100,8
44,83,18,61,60,35,35,0,0,15,26,56,51,90,100,100,5
0,46,49,68,72,100,68,88,64,55,55,22,9,1,100,0,1
24,99,77,100,95,70,44,51,73,47,100,18,55,0,0,8,3
90,100,52,82,22,54,0,24,24,0,82,5,100,23,42,22,6
0,72,49,84,98,100,100,80,93,60,88,39,76,20,59,0,1
34,84,9,64,0,25,41,0,88,27,100,67,68,100,12,85,0
71,100,29,69,0,32,24,0,76,18,100,56,85,95,31,98,0
0,87,56,98,100,100,84,80,67,60,56,40,51,20,44,0,1
0,42,21,66,33,91,64,100,70,74,73,49,73,23,100,0,1
65,67,72,100,1,75,32,37,61,0,0,4,32,44,100,74,8
0,96,47,95,100,100,71,73,52,37,41,0,26,20,52,33,7
24,82,62,100,76,71,52,40,13,16,0,13,52,13,100,0,2
100,100,62,86,35,55,22,19,55,0,85,27,47,48,0,40,6
17,100,0,75,1,49,67,46,100,61,88,54,89,27,94,0,4
75,100,26,84,0,42,13,0,69,7,100,46,84,89,33,85,0
56,100,17,71,0,31,28,0,80,16,100,56,80,93,28,89,0
32,100,12,77,0,48,53,38,100,55,94,57,81,28,65,0,4
35,100,0,74,1,45,68,36,100,58,88,54,79,24,72,0,4
0,25,35,48,64,75,97,100,100,88,81,59,61,29,43,0,1
63,89,100,100,85,96,39,88,43,64,70,32,40,0,0,9,5
31,74,71,100,74,79,62,35,44,0,0,4,50,4,100,7,1
0,68,16,97,56,100,62,66,43,33,23,2,61,0,100,0,2
0,64,56,81,100,100,96,85,80,64,68,42,44,21,36,0,1
45,99,9,100,0,75,36,56,100,63,98,49,80,25,82,0,4
85,100,44,87,11,54,0,16,50,0,100,20,68,46,8,41,6
12,77,36,90,44,100,37,63,46,27,100,21,47,8,0,0,1
32,100,0,58,5,7,60,0,100,38,85,85,27,86,5,42,0
46,79,37,60,59,22,0,0,19,35,78,64,100,97,29,100,8
0,8,35,30,68,61,95,92,100,100,81,67,62,34,47,0,1
21,100,1,76,0,47,65,41,100,58,83,61,75,30,75,0,4
0,88,29,100,65,86,62,40,52,0,35,43,61,53,100,52,7
72,85,40,100,61,68,100,90,85,87,88,54,63,16,0,0,9
0,94,52,100,100,96,93,52,85,8,62,0,36,24,91,30,7
11,78,0,56,53,41,46,0,3,10,4,70,46,100,100,94,5
21,100,14,74,0,41,35,25,100,28,98,49,61,32,48,0,4
38,100,4,85,0,53,58,46,100,52,88,64,78,32,73,0,4
50,100,19,86,0,71,11,55,43,42,80,31,100,16,89,0,4
100,100,51,96,18,67,0,35,12,4,79,0,94,25,32,24,6
0,93,54,100,80,69,70,35,66,0,28,27,19,47,100,52,7
100,100,85,97,65,65,49,33,46,0,86,10,47,24,0,19,6
100,98,53,100,18,70,0,32,21,0,66,17,47,47,18,24,6
0,39,47,63,88,87,100,100,76,75,53,50,29,25,29,0,1
83,100,14,75,0,42,97,44,100,67,64,81,60,40,58,0,4
0,91,59,100,85,94,54,53,37,7,21,0,34,35,100,42,7
68,84,0,100,2,65,97,35,100,0,11,16,52,58,74,98,8
40,100,11,87,0,57,11,29,66,40,100,58,82,29,78,0,4
41,69,71,100,67,71,54,31,41,1,0,0,50,1,100,3,1
92,100,45,88,19,53,20,14,69,0,100,31,48,37,0,13,6
38,100,1,75,0,29,36,0,80,14,100,56,79,97,37,94,0
38,100,28,70,0,41,36,40,100,38,87,61,89,28,93,0,4
0,31,35,50,69,75,100,100,91,79,69,52,49,26,34,0,1
13,68,27,100,56,86,34,44,0,9,0,0,50,0,100,8,2
0,85,42,97,30,75,23,21,72,0,100,47,87,100,36,99,0
11,85,44,59,47,21,7,0,0,38,5,75,50,92,100,100,5
78,100,0,92,22,75,100,89,90,80,62,53,38,27,32,0,9
1,88,0,54,59,31,36,0,11,28,4,68,28,97,100,100,5
35,75,55,100,86,85,66,55,100,36,87,7,37,0,0,22,3
33,75,46,100,78,86,57,56,100,40,96,11,46,0,0,13,3
25,100,75,99,78,57,63,13,42,0,0,29,47,41,100,36,7
0,75,28,92,64,100,93,91,93,62,100,35,78,13,46,0,3
81,100,6,97,38,62,100,30,58,0,0,22,42,61,96,96,8
11,81,60,100,100,89,69,55,31,24,0,0,7,39,64,43,7
20,69,35,100,68,82,59,44,30,12,0,0,50,6,100,6,2
26,93,70,100,75,55,44,17,0,0,6,24,54,24,100,12,2
15,100,0,68,39,37,19,0,1,45,6,89,53,97,100,99,5
0,51,37,81,47,100,37,66,33,32,4,3,18,0,100,3,1
15,76,23,100,81,95,78,62,43,35,0,10,38,0,100,3,2
0,76,49,100,100,82,58,41,28,0,82,15,28,51,34,88,8
13,71,30,100,60,79,40,42,6,13,0,9,51,11,100,0,2
0,12,50,48,84,87,24,100,29,65,100,35,84,0,9,11,8
23,93,0,70,15,100,70,99,100,93,87,60,76,27,65,0,7
21,71,0,33,22,0,72,10,100,44,93,84,47,100,1,82,0
45,75,22,99,70,100,100,80,62,50,88,23,48,0,0,8,3
100,100,54,77,20,49,0,19,41,0,100,11,76,38,11,35,6
0,92,46,100,90,89,52,67,89,44,100,16,53,4,3,0,3
15,79,8,36,37,0,89,21,100,63,73,100,21,82,0,43,0
19,100,0,73,9,46,72,47,100,61,82,69,75,34,60,0,4
34,100,24,84,0,51,28,36,93,35,100,66,91,32,84,0,4
0,98,60,100,94,82,69,42,50,0,26,5,18,31,100,28,7
31,87,22,49,83,100,0,74,45,67,23,0,100,37,15,38,8
100,100,57,84,24,58,0,27,18,0,69,10,57,38,4,42,6
100,100,62,85,30,61,7,32,0,0,40,0,34,25,1,11,6
36,70,42,100,69,70,55,32,19,3,0,8,50,9,100,0,2
91,69,48,57,9,79,60,100,100,75,95,40,64,8,0,0,9
9,86,53,100,96,81,64,55,93,48,100,18,51,0,0,11,3
0,72,1,100,49,100,72,71,43,39,10,10,51,0,100,1,2
13,65,73,34,94,0,0,0,27,34,82,65,100,100,27,77,8
100,100,57,94,29,76,48,63,83,49,71,19,36,0,0,4,5
19,93,66,100,78,78,41,58,63,41,100,23,53,9,0,0,3
7,64,39,98,47,100,47,59,44,18,0,0,37,4,100,4,1
100,100,51,82,17,55,0,24,32,0,83,14,77,43,25,39,6
81,100,60,89,22,66,0,40,42,25,100,36,94,27,75,0,4
0,100,56,96,100,77,73,43,45,10,53,0,85,31,30,33,7
27,94,15,45,36,0,82,7,100,52,81,98,32,100,0,62,0
4,98,10,100,0,69,4,40,62,43,56,55,63,24,100,0,4
17,72,16,36,40,0,86,12,100,53,79,92,31,100,0,67,0
100,66,74,100,24,88,43,63,94,77,89,36,52,1,0,0,9
98,76,59,100,16,76,74,42,77,0,0,9,31,48,100,76,8
31,100,17,75,0,44,2,15,60,20,100,43,80,31,80,0,4
97,87,56,74,34,95,83,100,100,68,88,36,53,8,0,0,9
0,93,41,100,61,77,34,52,0,30,4,10,51,3,100,0,2
48,100,20,80,0,51,55,43,100,56,90,62,86,30,73,0,4
63,67,74,100,99,80,73,39,35,7,0,3,51,4,100,0,2
9,96,62,100,81,67,53,31,19,0,0,37,29,47,100,47,7
34,87,63,100,100,93,69,64,69,37,86,13,44,0,0,0,3
41,100,1,61,0,33,67,36,100,46,85,91,64,46,43,0,4
0,90,31,100,74,82,68,39,46,0,36,6,49,41,100,54,7
53,80,78,100,14,80,55,65,92,64,100,24,50,0,0,20,9
83,100,35,96,65,77,94,94,100,58,95,22,53,3,0,0,9
0,75,14,31,47,0,89,10,100,54,76,93,35,100,13,62,0
29,100,4,77,0,54,64,53,100,69,71,47,46,24,32,0,4
53,86,14,64,0,29,26,0,76,18,100,52,98,87,49,100,0
51,81,86,100,81,85,81,58,88,31,56,6,0,0,100,2,1
0,74,28,100,50,76,29,38,1,8,26,0,63,0,100,3,2
100,100,52,86,74,68,96,94,100,59,95,23,54,0,0,0,9
82,73,74,100,32,75,73,38,78,0,0,2,34,33,100,60,8
0,72,32,100,45,99,42,68,39,37,20,7,26,2,100,0,1
23,71,61,100,70,92,52,46,41,0,0,8,50,11,100,14,1
0,73,26,62,99,96,12,100,21,66,100,71,96,29,49,0,9
27,96,0,65,4,24,53,0,94,29,100,71,62,100,9,83,0
14,84,0,53,79,83,9,100,8,66,100,80,67,38,14,0,9
41,80,60,100,100,97,98,73,94,48,75,26,42,9,0,0,3
100,100,54,91,22,66,0,40,3,13,54,0,81,23,24,31,6
29,100,9,82,0,63,6,44,39,35,77,33,100,19,96,0,4
21,61,65,78,100,100,85,83,79,57,77,30,60,6,0,0,1
70,100,35,59,96,65,56,93,67,71,100,53,66,3,0,0,9
0,79,28,100,48,75,38,54,92,54,100,28,61,8,9,0,3
27,85,57,50,64,11,15,0,0,33,2,75,46,96,100,100,5
49,61,95,87,52,100,41,69,100,83,78,53,54,18,0,0,9
95,68,75,100,43,74,84,66,100,52,87,12,39,0,0,21,9
99,100,46,97,19,76,33,55,84,50,100,12,49,0,0,7,5
22,98,0,60,17,19,62,0,100,25,96,68,62,100,21,86,0
0,100,19,85,19,63,98,65,100,67,62,46,33,23,12,0,4
0,54,50,76,80,100,60,82,52,57,60,33,88,9,100,0,1
15,84,0,57,5,17,52,0,95,28,100,67,70,100,20,87,0
0,59,55,87,100,100,88,56,89,12,32,3,5,2,88,0,1
0,96,64,100,100,73,90,41,77,8,53,0,25,26,100,30,7
100,83,62,100,22,73,0,44,3,13,70,0,95,22,8,21,6
18,60,39,100,45,82,46,32,20,0,0,1,50,4,100,11,1
92,70,34,59,0,75,39,100,89,97,98,65,93,32,100,0,9
65,87,100,100,73,87,37,74,64,58,67,21,36,0,0,12,5
100,100,52,94,22,70,1,44,0,15,39,0,70,19,29,28,6
32,82,63,100,100,89,65,63,91,54,94,24,51,5,0,0,3
31,95,24,52,49,23,14,0,0,40,19,78,56,99,100,100,5
35,100,32,97,0,73,4,46,51,42,100,48,88,29,72,0,4
36,82,0,68,4,21,48,0,92,24,100,70,61,100,23,76,0
45,81,54,100,100,90,85,59,87,31,83,2,35,0,0,19,3
0,39,42,52,76,74,100,100,92,87,82,58,71,29,68,0,1
80,100,32,85,63,72,61,81,86,48,100,16,53,0,0,5,9
30,93,34,78,75,100,18,95,79,75,100,37,72,5,0,0,9
90,100,53,76,29,46,26,13,67,0,100,24,51,37,0,28,6
100,92,55,100,33,70,77,69,78,66,83,21,46,0,0,9,9
15,77,75,100,100,100,91,58,91,16,49,0,0,6,78,4,1
0,77,25,100,53,86,43,52,17,21,1,0,51,0,100,0,2
100,98,51,100,11,72,44,35,43,0,0,20,22,61,65,92,8
100,100,46,88,23,59,12,30,28,0,96,6,77,31,0,25,6
0,45,46,68,77,93,100,100,92,74,92,48,95,23,74,0,1
19,92,38,100,59,68,44,31,18,0,0,35,50,39,100,45,7
0,87,36,100,56,71,37,40,1,19,15,19,61,16,100,0,2
63,85,26,59,64,42,53,0,0,1,22,44,46,87,100,100,5
59,100,38,81,14,54,0,26,51,13,100,32,84,28,70,0,4
0,100,53,99,66,67,59,33,53,0,36,18,38,42,100,42,7
100,100,47,79,14,53,0,26,24,0,93,2,95,25,14,25,6
18,100,16,91,0,64,22,39,100,41,86,55,61,28,61,0,4
95,100,46,79,14,50,0,18,42,0,88,20,100,53,83,85,0
22,100,25,63,54,26,22,0,0,37,2,82,49,96,100,95,5
4,91,47,100,100,87,68,44,45,0,25,5,0,36,76,35,7
0,60,39,74,73,91,100,100,80,75,67,51,51,25,39,0,1
0,88,37,100,59,63,57,17,44,0,17,37,55,49,100,50,7
34,100,18,68,0,35,35,29,100,29,81,60,65,32,75,0,4
71,100,50,95,16,66,0,34,16,5,92,0,100,26,21,32,6
20,95,27,64,54,30,34,0,14,33,0,71,41,95,100,100,5
72,72,90,100,0,94,5,59,91,65,100,68,60,34,25,0,9
100,100,64,78,33,56,13,32,3,8,54,0,54,17,0,9,6
79,84,17,62,100,80,67,100,0,75,88,79,70,38,36,0,9
84,100,34,84,69,76,91,80,90,55,100,29,60,11,0,0,9
26,88,33,56,93,36,64,0,11,10,0,55,31,88,100,100,5
0,99,40,100,66,66,58,24,38,0,11,37,42,51,100,53,7
38,100,27,89,8,67,0,44,40,32,100,41,83,22,81,0,4
32,100,13,85,0,40,27,0,88,10,100,55,74,96,14,99,0
31,83,0,53,1,8,57,0,100,30,98,75,51,100,7,72,0
0,74,28,100,69,99,79,63,59,28,28,0,57,0,100,2,2
0,100,59,97,81,66,63,32,44,0,3,25,37,34,100,39,7
34,100,9,68,61,65,67,24,0,0,3,45,20,92,100,99,5
40,100,25,83,3,51,2,17,49,0,100,17,60,38,0,35,6
62,96,24,99,0,59,19,17,61,0,97,24,100,71,65,100,0
62,100,36,92,12,57,12,19,61,0,100,22,51,41,0,27,6
100,83,37,70,0,84,52,100,94,82,95,55,91,27,92,0,9
100,98,71,100,42,88,35,55,59,41,61,16,31,3,0,0,5
100,100,50,97,21,75,44,71,82,56,76,25,47,0,0,5,5
2,55,18,86,70,100,98,79,75,50,100,15,52,0,0,15,3
27,84,20,51,38,11,0,0,2,47,9,93,54,100,100,99,5
80,100,30,86,5,55,1,21,49,0,100,22,55,35,0,15,6
0,91,36,100,62,83,57,60,70,39,100,22,78,4,39,0,3
6,100,54,96,81,56,64,6,36,0,0,38,51,35,100,32,7
100,100,78,83,56,57,40,31,44,3,92,8,46,14,0,0,6
0,20,57,51,94,89,38,100,44,61,100,30,76,0,12,14,8
70,98,0,99,36,48,93,0,4,0,16,46,100,79,48,100,8
20,100,13,72,0,43,29,26,88,28,100,45,68,29,69,0,4
32,100,0,74,9,46,73,52,100,83,77,64,53,32,32,0,4
0,36,29,54,67,76,100,100,80,76,58,50,36,25,18,0,1
18,75,51,100,100,96,79,65,41,40,0,17,9,0,63,2,2
23,63,31,100,64,84,54,45,28,10,0,5,50,3,100,0,2
0,71,7,96,53,100,100,94,78,70,52,47,29,24,14,0,7
100,100,50,100,34,60,69,25,43,0,0,18,27,58,65,92,8
11,100,49,67,100,35,93,0,49,16,69,53,78,90,0,89,8
68,92,22,71,0,27,36,0,84,22,100,66,67,100,17,83,0
89,90,49,100,14,73,11,41,49,17,100,28,41,24,0,0,6
8,84,37,100,54,72,32,42,0,18,15,10,58,5,100,0,2
23,93,5,56,19,13,68,0,100,35,92,79,45,100,0,78,0
44,68,79,100,26,93,59,67,100,71,95,25,56,0,0,12,9
32,71,55,100,72,77,56,44,32,12,0,4,43,13,100,0,2
0,63,23,100,56,78,48,34,19,0,11,13,55,23,100,11,2
0,42,29,62,66,82,100,100,77,76,55,51,38,25,23,0,1
19,89,64,100,70,61,41,27,0,4,4,3,52,4,100,0,2
0,83,43,100,77,78,45,49,61,44,100,21,58,0,4,6,3
51,67,81,100,0,89,33,50,83,13,13,0,41,34,100,62,8
36,83,76,100,100,76,62,49,61,43,93,17,43,0,0,17,3
49,100,0,30,39,0,100,59,49,79,19,44,85,80,23,21,0
78,97,44,68,100,30,65,0,38,35,84,77,76,100,0,72,8
0,96,58,100,86,86,65,44,55,0,38,11,38,39,100,42,7
59,93,14,69,0,33,24,0,78,12,100,47,85,83,36,100,0
56,100,42,78,0,52,29,33,100,37,90,59,70,30,59,0,4
0,92,22,99,68,100,100,87,83,64,56,44,32,23,16,0,7
0,63,55,75,84,97,100,100,91,75,81,50,77,25,81,0,1
0,83,52,100,100,82,80,41,53,0,30,3,33,40,99,45,7
100,100,52,92,20,65,0,36,12,6,71,0,90,24,34,25,6
0,35,37,50,73,74,100,100,90,81,77,53,63,26,61,0,1
100,89,68,100,22,89,0,55,49,66,83,43,63,9,14,0,5
100,100,67,90,39,70,14,47,0,19,22,0,37,21,3,30,6
27,100,18,65,52,36,20,0,0,27,6,77,45,95,100,96,5
0,53,45,75,79,100,93,99,93,73,97,46,100,19,93,0,1
86,70,70,100,28,79,42,39,30,0,0,16,41,46,100,62,8
38,100,1,70,0,27,40,0,88,17,100,59,66,90,17,76,0
100,85,59,100,17,76,0,39,20,2,68,0,49,29,1,21,6
25,76,75,100,17,68,61,54,89,90,100,44,87,10,0,0,9
15,85,9,47,70,44,54,0,9,12,0,68,37,97,100,100,5
8,97,14,72,0,35,10,0,69,18,100,53,90,90,25,100,0
75,93,46,87,10,49,0,8,58,0,100,31,66,66,22,100,0
28,72,60,100,88,73,56,37,9,14,0,14,52,0,100,5,2
0,87,31,100,59,74,57,33,44,0,27,37,57,47,100,49,7
100,96,76,100,43,78,16,53,0,23,20,0,51,18,12,25,6
39,84,0,86,40,42,76,0,20,9,57,54,100,96,44,100,8
60,63,100,84,55,100,0,78,40,68,98,60,73,28,32,0,9
34,100,32,100,8,64,0,27,41,0,100,10,76,42,19,60,6
0,77,30,100,84,98,76,65,44,36,5,10,46,2,100,0,2
43,93,23,65,55,27,21,0,0,33,48,64,100,93,45,100,8
0,92,38,100,80,86,66,44,60,0,45,4,53,31,100,29,7
5,89,0,54,40,35,45,0,11,22,9,70,44,96,100,100,5
23,72,0,35,16,0,69,8,100,40,93,78,49,100,14,75,0
51,100,21,73,0,43,48,40,93,52,100,59,76,30,56,0,4
29,97,0,57,22,10,68,0,100,40,83,90,37,100,12,57,0
32,83,12,92,5,41,38,0,100,28,98,76,36,100,0,60,0
2,78,35,100,56,78,35,40,0,11,5,4,53,2,100,0,2
22,82,17,46,42,10,1,0,0,42,14,82,56,94,100,100,5
16,38,67,29,43,0,22,25,66,57,100,94,50,100,0,74,8
98,100,36,99,0,69,30,52,89,49,100,4,42,0,9,36,5
25,100,82,99,81,65,51,32,14,0,0,1,14,35,100,42,7
100,100,57,90,28,67,6,43,0,15,37,0,70,16,28,27,6
0,80,22,100,24,66,7,34,0,14,34,9,69,4,100,0,2
43,100,31,73,0,45,20,25,79,24,100,46,91,31,98,0,4
47,100,14,69,0,31,27,0,77,13,100,48,86,86,38,98,0
100,100,57,97,21,66,0,32,17,0,85,3,64,23,4,3,6
18,100,8,81,0,51,56,40,100,60,87,61,85,30,88,0,4
100,100,60,87,30,59,0,38,51,31,84,54,71,32,74,0,4
55,100,7,78,0,47,83,43,100,77,84,64,48,32,13,0,4
31,100,0,85,0,52,31,29,100,35,74,65,60,33,52,0,4
0,52,38,73,72,95,100,100,94,75,91,50,87,25,87,0,1
25,100,1,63,0,21,41,0,87,16,100,57,74,93,25,89,0
19,87,61,100,96,77,72,50,64,39,100,15,51,0,0,14,3
0,74,18,100,50,94,45,62,32,32,24,4,62,0,100,1,2
70,77,30,69,0,81,44,100,79,82,80,54,80,26,100,0,9
31,100,17,68,64,37,43,0,10,21,0,74,39,100,100,98,5
0,85,31,100,60,91,54,51,33,18,33,0,66,3,100,6,2
0,92,44,100,88,91,82,66,55,44,26,23,51,6,100,0,2
100,100,62,81,35,58,18,33,31,7,76,0,49,18,0,17,6
88,82,44,100,49,68,100,84,93,63,98,23,57,0,0,12,9
25,40,21,0,60,4,89,35,100,75,71,100,30,90,0,63,0
91,100,38,97,6,65,0,28,44,3,100,15,50,24,3,0,6
15,94,58,100,100,70,71,34,31,0,14,30,0,57,91,57,7
0,84,47,100,100,88,82,61,47,38,5,16,28,0,98,1,2
31,76,62,100,89,82,61,52,24,26,0,10,50,7,100,0,2
100,97,69,100,39,86,59,62,78,36,63,9,30,2,0,0,5
0,82,43,100,100,91,83,65,48,42,9,18,5,0,72,4,2
0,20,23,43,50,65,76,87,100,100,88,66,77,34,79,0,1
88,88,53,78,100,40,91,0,0,1,5,39,57,76,18,100,8
54,64,30,96,15,61,69,27,52,0,0,30,48,66,100,100,8
70,100,54,86,29,53,23,16,69,0,100,23,50,36,0,21,6
78,99,0,100,17,63,57,28,47,0,7,31,45,65,100,95,8
0,45,19,64,59,83,100,100,89,77,67,51,46,25,26,0,1
71,100,28,74,0,45,66,50,100,70,75,85,62,42,51,0,4
26,92,64,100,100,94,79,73,61,50,64,25,37,7,0,0,3
0,38,30,62,48,87,76,100,79,74,76,49,76,24,100,0,1
91,93,80,100,43,77,0,55,54,47,100,50,69,25,38,0,4
55,88,83,100,71,70,89,68,100,31,74,1,33,0,0,24,3
11,80,0,34,31,0,77,17,100,60,72,100,24,94,3,51,0
15,89,34,53,50,13,4,0,0,43,0,87,48,98,100,100,5
0,99,59,100,72,82,47,42,49,0,6,30,35,39,100,45,7
38,100,23,84,6,59,0,35,45,21,100,35,85,24,98,0,4
100,100,58,92,22,68,0,39,8,7,55,0,74,28,34,48,6
95,67,69,100,26,94,0,51,11,7,60,0,100,28,94,75,0
6,43,16,2,68,0,100,35,81,75,38,100,7,63,0,22,0
87,75,53,100,0,81,40,61,81,78,100,41,77,5,16,0,9
100,100,62,92,58,59,84,89,93,70,79,30,46,0,0,3,9
39,90,0,69,72,55,69,12,2,0,7,47,22,91,100,100,5
78,100,31,86,57,71,88,89,100,53,94,17,50,1,0,0,9
35,86,0,57,52,55,64,11,14,0,20,57,43,100,100,94,5
43,87,43,51,47,14,0,0,29,33,71,63,100,96,45,100,8
0,99,57,100,79,89,63,45,59,0,32,6,33,27,100,32,7
100,100,67,77,44,53,31,26,38,0,88,4,44,15,0,4,6
29,100,12,82,0,62,1,41,31,32,64,29,93,20,100,0,4
57,53,100,85,62,100,51,61,79,24,29,0,0,30,61,56,8
0,80,35,100,99,82,100,45,61,12,20,0,18,34,92,31,7
7,100,8,75,0,45,13,23,64,26,70,36,84,28,100,0,4
5,96,66,100,72,65,54,24,31,0,0,38,41,53,100,51,7
0,40,29,56,67,77,100,100,100,82,82,53,64,25,45,0,1
25,81,35,52,74,23,28,0,12,35,0,71,25,96,100,100,5
78,100,23,83,59,64,100,83,76,74,77,46,55,20,0,0,9
31,100,2,56,12,3,60,0,100,35,91,85,42,90,0,60,0
0,54,31,65,69,87,100,100,83,75,79,50,81,24,100,0,1
0,67,17,100,56,99,49,55,25,16,14,0,56,13,100,13,2
0,78,27,100,42,70,29,33,1,4,14,5,57,0,100,4,2
73,96,50,70,38,24,0,0,29,41,70,77,100,100,46,78,8
6,92,45,100,54,59,47,16,32,0,0,36,43,52,100,56,7
13,96,56,100,56,75,30,53,0,32,3,11,51,5,100,0,2
69,100,27,87,1,57,0,25,35,1,91,0,100,21,45,27,6
80,100,22,76,58,36,100,0,0,7,12,38,96,65,44,91,8
17,74,20,40,39,0,84,5,100,46,83,86,35,100,0,71,0
100,75,79,100,47,82,79,84,66,64,62,23,36,0,0,5,9
1,90,42,100,76,89,59,61,100,44,100,18,55,2,0,0,3
0,91,38,100,81,91,67,62,100,40,98,16,51,5,0,0,3
30,78,62,100,81,77,59,46,25,19,0,11,50,5,100,0,2
0,80,53,100,100,77,70,38,32,2,9,0,19,27,89,34,7
34,84,83,100,100,99,28,82,0,53,65,39,84,1,13,0,5
0,26,31,43,61,67,91,94,100,100,84,67,68,34,56,0,1
7,79,40,100,47,66,34,30,6,0,0,8,49,9,100,9,2
0,64,43,78,81,100,100,98,95,73,88,49,81,24,83,0,1
0,82,26,100,51,80,43,50,24,22,12,2,57,1,100,0,2
36,90,77,100,100,88,66,68,47,49,73,27,42,6,0,0,3
17,100,36,93,0,59,50,48,98,63,100,63,84,25,76,0,4
100,77,53,73,18,92,60,100,84,74,71,42,41,16,0,0,9
36,91,62,98,100,100,44,94,1,65,46,44,51,0,0,2,5
0,65,61,80,100,100,94,88,86,65,84,43,86,20,92,0,1
74,100,25,92,0,63,3,32,39,6,100,9,74,25,38,0,6
26,71,48,100,74,74,46,37,5,12,0,11,50,8,100,0,2
81,76,15,100,0,65,100,33,65,0,10,28,90,64,73,94,8
0,40,10,60,61,78,100,100,88,81,71,54,61,27,73,0,1
27,94,1,63,56,67,64,19,0,0,0,55,21,100,100,100,5
57,100,35,87,9,58,0,28,29,2,100,0,71,16,5,5,6
25,100,58,96,81,69,54,34,29,0,0,34,48,44,100,48,7
100,100,73,90,55,75,55,60,36,45,18,30,0,15,0,0,1
100,88,77,100,43,80,17,54,6,24,24,0,40,22,0,26,6
25,75,37,98,92,100,100,75,68,51,97,27,51,9,0,0,3
0,91,27,100,69,83,60,42,54,0,100,22,76,44,23,49,7
55,92,100,100,73,86,43,59,72,40,89,12,46,0,0,0,5
20,71,0,29,31,0,78,12,100,51,84,93,37,100,8,66,0
70,100,23,82,0,51,8,18,71,1,100,28,29,29,11,0,6
0,100,50,97,100,91,74,63,55,29,42,0,20,31,68,36,7
0,100,0,86,18,72,36,57,55,43,82,28,100,14,73,0,1
0,94,30,100,66,78,33,52,88,46,100,17,52,0,8,11,3
0,67,44,80,88,100,100,88,88,66,69,44,50,22,50,0,1
26,100,1,96,0,57,68,43,100,61,73,78,45,40,29,0,4
81,100,50,80,23,60,4,40,0,19,31,0,100,13,42,23,6
72,70,100,100,25,94,0,63,72,74,92,57,66,23,9,0,9
32,100,39,76,0,48,11,38,91,39,100,64,86,31,71,0,4
70,100,17,88,36,66,89,90,88,78,100,42,68,9,0,0,9
0,93,43,99,92,100,68,52,64,0,47,0,40,36,100,42,7
0,88,39,100,79,89,76,62,55,36,27,15,54,3,100,0,2
88,76,52,100,33,78,82,79,93,49,100,12,53,0,0,0,9
0,100,46,96,91,94,100,82,72,59,53,33,49,5,66,0,7
12,100,0,62,11,19,49,0,88,19,100,60,72,93,30,92,0
23,100,3,69,0,38,58,26,100,45,97,60,76,30,60,0,4
100,83,29,71,0,85,63,100,100,79,96,52,92,26,100,0,9
100,86,70,100,45,64,83,64,98,70,96,30,62,1,0,0,9
39,90,79,100,100,77,80,52,43,30,0,11,28,0,89,5,2
28,100,0,56,15,6,65,0,100,38,92,90,43,99,7,63,0
55,100,30,74,0,45,37,38,85,55,100,62,81,30,64,0,4
45,100,7,61,0,10,60,0,100,43,96,93,38,96,15,48,0
20,96,18,65,53,30,27,0,0,32,0,75,44,100,100,96,5
86,100,47,81,14,55,0,27,22,0,88,0,100,26,34,28,6
0,59,18,94,52,100,52,61,32,26,24,0,62,7,100,14,2
100,95,52,99,0,100,18,68,70,65,82,28,42,0,1,7,5
40,99,100,87,43,100,30,56,73,44,98,9,38,0,0,31,5
17,81,46,90,100,100,83,80,59,60,37,40,13,20,0,0,1
53,81,99,100,97,65,61,32,22,0,0,20,36,39,100,48,7
30,74,60,100,77,74,54,43,19,16,0,12,52,9,100,0,2
29,90,77,100,92,80,44,59,64,45,100,19,53,2,0,0,3
0,66,16,93,83,100,91,73,62,46,22,21,28,0,100,3,2
62,91,17,92,0,42,30,0,82,6,100,56,70,100,22,95,0
0,95,51,100,91,86,81,45,68,5,55,0,46,34,100,33,7
42,96,10,64,0,22,44,0,92,23,100,65,64,99,8,100,0
25,83,12,54,62,29,37,0,6,20,0,62,37,92,100,100,5
70,74,6,84,57,60,100,96,62,100,100,59,79,15,0,0,9
0,51,21,56,62,78,100,100,77,79,52,53,32,26,24,0,1
51,100,14,75,0,46,52,34,100,45,82,59,67,29,55,0,4
40,100,7,84,72,47,100,5,22,0,52,45,84,90,0,94,8
40,92,100,100,97,94,43,77,57,54,89,27,55,0,0,8,5
100,91,49,100,28,66,55,30,26,0,0,30,50,61,95,90,8
24,70,0,74,48,97,100,100,95,76,86,50,81,24,81,0,1
26,71,54,100,77,81,52,49,17,21,0,12,50,12,100,0,2
94,97,0,90,60,56,100,18,29,0,32,38,85,74,51,100,8
33,45,75,70,79,100,72,44,100,10,94,9,37,8,0,0,1
16,100,18,77,0,47,26,29,88,35,100,58,74,30,59,0,4
13,93,79,100,87,72,50,36,21,0,10,14,0,46,100,49,7
29,84,0,54,15,8,63,0,100,32,91,79,48,100,3,81,0
77,83,42,100,13,69,62,57,100,74,91,27,53,0,0,9,9
77,100,43,84,18,59,0,35,48,17,91,32,82,24,100,0,4
76,80,80,100,19,88,74,79,100,78,98,40,55,12,0,0,9
43,61,10,23,46,0,88,31,100,76,64,100,24,67,0,25,0
27,91,37,99,100,100,78,77,63,53,75,29,57,5,0,0,3
73,98,0,95,16,60,84,29,70,0,45,35,100,69,88,100,8
61,80,97,90,60,100,67,80,100,58,83,24,44,4,0,0,9
0,93,45,100,75,73,73,36,61,0,34,29,49,45,100,51,7
100,71,29,72,0,90,59,100,98,79,98,51,83,25,59,0,9
24,96,0,68,11,23,49,0,86,23,100,68,74,100,42,72,0
52,80,84,100,100,75,58,53,91,48,89,10,44,0,0,16,3
0,94,62,100,92,71,80,34,52,0,21,23,34,48,100,51,7
100,95,63,100,37,91,31,63,81,55,89,32,46,14,0,0,5
0,96,40,100,60,66,58,27,41,0,20,35,54,42,100,46,7
9,74,32,100,63,84,48,48,12,19,0,13,49,4,100,0,2
40,100,21,86,0,49,2,10,53,0,100,19,61,33,14,16,6
10,99,34,69,100,36,83,0,7,19,31,56,72,92,0,100,8
44,86,62,100,74,75,63,47,100,30,81,5,37,0,0,12,3
100,100,46,88,13,61,0,32,16,4,90,0,81,20,20,3,6
4,87,64,61,56,21,0,0,47,36,100,70,99,100,19,78,8
0,63,15,63,58,81,100,100,94,81,67,54,41,28,16,0,1
8,91,12,53,59,36,26,0,5,32,0,79,42,98,100,100,5
24,100,24,99,0,64,38,41,99,39,100,78,89,39,85,0,4
31,74,88,100,100,95,98,55,96,16,25,2,0,0,100,2,1
0,70,33,100,100,94,100,59,75,25,47,0,69,34,14,61,8
4,71,29,40,44,0,17,1,0,42,9,80,50,99,100,100,5
19,74,52,85,100,100,95,82,70,60,41,39,14,17,0,0,1
9,100,0,81,0,58,14,35,62,33,79,44,81,21,100,0,4
28,71,68,100,61,63,29,91,82,81,100,34,57,0,0,17,9
0,85,31,100,59,73,55,36,46,0,27,26,47,40,100,39,7
68,90,62,80,100,34,54,0,0,21,55,58,97,100,29,96,8
0,65,38,79,62,100,72,86,77,65,79,43,83,21,100,0,1
30,100,19,80,0,53,11,32,74,40,100,56,89,28,85,0,4
0,96,45,98,100,100,97,83,77,62,60,39,52,17,55,0,7
100,83,65,100,24,79,0,48,4,14,46,0,67,26,24,40,6
97,100,53,77,32,44,39,9,90,0,100,31,51,49,0,36,6
100,100,55,80,21,54,0,26,28,0,98,5,79,26,7,19,6
0,78,38,100,100,96,93,69,57,45,15,21,18,3,85,0,2
11,72,38,100,53,72,34,35,5,3,0,1,52,0,100,1,2
33,93,8,58,0,20,35,0,78,21,100,55,94,93,48,100,0
14,81,0,56,48,60,100,30,50,0,18,52,18,97,97,100,5
0,59,46,76,100,100,100,100,79,76,57,50,46,24,50,0,1
28,71,43,100,76,79,49,47,11,21,0,0,50,1,100,4,2
0,89,56,100,95,76,72,37,47,0,10,3,32,16,100,22,7
0,69,20,100,56,86,41,49,10,19,10,5,57,0,100,16,2
39,100,21,77,0,47,27,37,84,36,100,60,88,29,86,0,4
100,100,67,99,37,69,14,35,8,0,50,9,36,31,0,6,6
6,100,4,95,0,71,2,47,45,30,100,44,78,24,82,0,4
17,100,0,60,12,16,59,0,100,27,95,70,51,93,15,63,0
33,80,67,100,100,76,80,38,42,12,0,6,42,19,87,0,2
18,100,5,72,45,55,51,5,0,0,8,60,40,99,100,95,5
22,92,17,53,63,30,27,0,0,17,14,64,46,98,100,100,5
100,100,72,90,41,62,12,31,9,0,57,10,47,33,0,23,6
38,67,44,100,85,96,71,58,40,24,0,7,43,17,100,0,2
0,96,41,100,79,85,84,43,78,0,56,8,58,29,100,28,7
63,100,6,82,83,55,100,20,24,0,0,34,22,70,13,95,8
100,95,83,100,29,98,0,66,27,57,75,46,64,12,17,0,5
12,88,4,47,15,8,68,0,100,34,99,73,54,100,0,90,0
74,100,38,79,0,49,53,53,100,62,73,84,56,42,42,0,4
58,58,100,91,25,100,0,67,86,63,88,70,47,35,8,0,9
15,82,42,100,70,85,63,63,100,48,82,17,39,0,0,13,3
100,98,85,99,38,100,26,71,66,56,79,36,40,18,0,0,5
0,49,52,62,95,82,100,100,84,75,71,50,59,25,57,0,1
11,91,57,100,100,93,66,62,33,29,5,0,0,35,60,37,7
0,73,63,78,100,100,97,97,88,73,77,47,65,23,55,0,1
82,96,63,62,100,25,45,0,18,32,77,65,97,100,0,98,8
100,100,55,89,21,59,0,27,29,0,88,11,70,39,4,37,6
40,92,77,100,90,85,75,56,100,29,79,6,40,1,0,0,3
32,96,0,67,61,58,74,14,24,0,20,50,38,91,100,100,5
100,100,74,98,45,76,46,52,83,42,76,12,38,0,0,1,5
42,79,53,100,68,75,48,48,17,24,0,10,50,7,100,0,2
93,77,49,100,19,73,72,68,90,63,100,20,58,0,0,10,9
0,66,27,100,100,92,99,51,55,15,13,0,20,35,98,30,7
50,98,10,61,0,10,49,0,95,27,100,76,52,100,2,86,0
72,100,16,89,52,60,100,86,92,72,93,28,55,0,0,19,9
20,91,27,61,66,35,47,0,0,21,11,66,44,95,100,100,5
100,77,77,100,29,86,0,57,3,24,39,0,56,21,11,39,6
84,81,39,100,0,66,9,18,60,0,100,33,89,80,36,92,0
100,53,95,92,46,100,11,69,0,26,34,0,76,25,88,62,0
47,86,87,100,100,74,67,51,97,32,96,7,48,0,0,7,3
37,100,0,87,6,57,100,57,95,85,61,85,50,42,49,0,4
0,100,46,100,86,84,68,43,56,0,40,9,50,34,100,34,7
52,100,20,70,0,29,34,0,82,18,100,60,69,94,16,86,0
16,100,0,83,0,65,18,50,50,41,82,34,99,18,100,0,4
0,88,49,100,87,83,78,48,74,14,72,0,48,31,100,40,7
24,100,100,99,93,78,64,48,39,17,19,0,0,31,72,38,7
55,100,0,89,28,57,69,28,35,0,24,26,59,59,100,89,8
26,100,0,58,5,11,55,0,97,28,100,75,56,97,17,68,0
27,51,0,22,43,0,90,13,100,54,75,93,27,100,12,61,0
64,97,32,67,19,26,0,0,30,36,67,67,100,100,47,88,8
35,84,71,100,100,79,72,52,35,31,0,9,39,0,88,0,2
17,85,18,100,46,70,39,35,0,14,34,8,88,0,100,23,2
0,69,27,95,66,100,76,66,61,31,37,1,58,0,100,6,2
91,90,59,64,50,16,0,0,21,44,94,73,100,100,11,92,8
98,68,72,100,25,83,0,39,27,0,77,4,100,47,95,83,0
44,100,11,69,0,30,27,0,79,17,100,53,80,89,24,91,0
52,100,18,79,0,35,23,0,72,18,100,57,72,92,21,85,0
100,74,51,62,0,73,25,100,76,96,78,63,68,31,59,0,9
0,23,63,46,100,87,50,100,34,57,86,23,57,0,9,22,8
100,100,63,100,32,78,8,53,0,23,23,0,63,8,44,32,6
29,38,61,60,92,83,100,100,73,76,49,50,25,25,0,0,1
62,79,70,100,87,73,61,41,20,16,0,26,54,22,100,0,2
55,76,70,100,95,78,72,50,40,25,0,3,40,0,100,2,2
0,68,27,100,73,93,73,52,54,12,50,0,49,34,100,38,7
32,100,7,55,32,98,37,58,54,10,0,0,36,2,100,8,1
6,81,40,100,57,78,38,50,11,24,0,5,51,8,100,0,2
76,54,73,95,27,100,0,60,8,15,53,0,91,29,100,72,0
54,100,0,79,17,60,100,60,85,86,50,82,38,36,33,0,4
14,85,0,48,25,10,73,0,100,35,85,76,43,100,0,84,0
48,91,91,99,100,100,55,93,25,63,57,34,44,2,0,0,5
20,91,61,100,71,78,59,51,100,34,86,11,37,0,0,1,3
0,0,29,19,53,46,78,74,100,100,81,67,65,34,50,0,1
84,100,42,72,2,45,0,39,59,35,100,49,84,36,75,0,4
82,100,30,90,0,59,0,25,45,0,100,15,71,40,10,33,6
63,100,0,72,5,52,93,55,100,73,60,77,34,38,9,0,4
100,100,63,85,33,62,8,37,0,7,39,0,60,25,25,41,6
9,83,66,72,95,100,0,91,44,74,100,73,82,37,78,0,9
16,86,70,100,85,71,51,43,100,40,97,7,37,0,0,26,3
0,53,39,62,72,80,100,100,93,77,82,51,73,25,68,0,1
0,85,33,100,82,80,51,56,67,45,100,17,53,0,11,20,3
0,58,38,78,73,98,100,100,92,74,84,49,77,23,80,0,1
100,100,73,96,45,68,28,37,27,4,76,0,58,24,0,22,6
88,83,71,100,44,78,86,77,100,64,87,21,46,1,0,0,9
21,100,0,79,0,54,42,37,83,52,79,49,81,24,100,0,4
0,9,42,38,73,69,100,100,88,94,73,63,73,31,81,0,1
0,69,49,35,63,0,1,6,41,41,100,72,99,100,19,76,8
100,89,62,100,47,67,91,79,94,67,91,31,63,0,0,3,9
37,100,14,55,84,61,100,20,38,0,2,43,0,83,72,87,5
0,63,22,89,83,100,84,67,57,35,14,8,33,0,100,7,2
0,78,44,100,68,85,66,46,80,8,100,0,38,2,1,7,1
42,100,15,73,0,45,4,17,51,0,100,16,92,43,34,39,6
100,89,39,75,0,78,55,100,93,85,70,54,35,24,23,0,9
0,5,53,33,90,65,100,98,83,100,73,67,73,33,77,0,1
0,91,27,100,31,62,16,26,10,0,40,3,70,7,100,8,2
0,55,37,80,62,100,46,67,27,36,4,5,37,2,100,0,1
100,100,66,98,34,75,10,48,0,17,32,0,57,23,22,40,6
93,100,46,78,13,51,0,21,38,0,100,8,78,28,15,22,6
31,100,4,70,0,37,66,36,100,50,66,68,36,34,14,0,4
16,68,0,37,28,0,80,23,100,67,69,100,16,78,3,35,0
39,79,8,71,0,24,40,0,87,24,100,69,62,100,16,80,0
29,100,0,77,0,53,75,44,100,63,72,51,73,25,67,0,4
92,72,36,59,1,82,54,100,100,82,80,48,40,19,0,0,9
40,100,0,96,1,72,44,91,63,58,100,29,96,0,39,9,9
0,87,35,100,71,87,61,53,33,28,21,3,60,0,100,0,2
45,85,93,100,100,98,48,88,7,62,48,48,48,18,0,0,5
0,63,24,100,62,81,42,37,3,6,1,9,51,2,100,0,2
0,79,27,99,66,100,81,75,58,49,34,22,61,4,100,0,2
100,100,56,83,22,57,0,29,11,0,68,0,62,24,6,11,6
100,51,72,100,0,88,28,42,77,0,2,11,5,55,78,82,8
0,89,9,71,41,41,28,0,20,24,23,69,53,95,100,100,5
0,36,35,56,68,78,100,100,94,76,80,51,70,25,70,0,1
82,83,100,100,54,76,17,47,0,13,46,0,50,30,0,27,6
100,100,54,80,24,55,0,28,0,0,57,1,61,22,0,15,6
28,100,11,66,0,33,50,38,100,42,75,71,57,39,50,0,4
0,61,42,81,100,100,67,80,50,60,25,40,17,20,50,0,1
71,64,100,79,63,100,0,85,29,61,100,66,94,33,95,0,9
19,74,43,100,70,80,53,53,100,42,98,12,50,0,0,4,3
0,56,43,77,75,99,100,100,98,75,94,50,92,25,100,0,1
0,96,10,100,59,99,100,87,93,64,69,43,44,22,25,0,7
27,82,68,100,100,89,65,65,88,41,97,17,49,5,0,0,3
25,67,41,100,80,91,61,53,24,26,0,15,49,6,100,0,2
0,40,37,61,68,85,98,100,100,75,95,50,85,24,80,0,1
87,67,66,100,0,79,49,45,100,10,40,0,37,40,81,78,8
25,76,0,47,20,0,83,22,100,69,49,100,3,65,13,17,0
0,32,24,56,62,77,100,100,100,91,77,62,62,32,54,0,1
100,100,57,88,38,72,19,58,5,44,0,29,0,14,5,0,1
12,87,0,44,20,4,66,0,100,30,89,75,49,100,13,77,0
21,87,61,100,71,66,38,36,0,12,15,1,60,1,100,0,2
31,92,5,50,59,42,43,0,1,3,0,63,45,92,100,100,5
35,60,76,44,56,0,0,3,40,44,100,80,91,100,25,68,8
93,73,57,100,0,81,36,55,100,71,99,43,91,6,26,0,9
13,73,46,100,56,67,40,32,13,0,0,7,49,8,100,6,2
29,91,100,100,79,100,4,95,21,68,68,42,68,14,0,0,5
62,86,97,100,94,71,69,46,37,22,0,2,47,0,100,1,2
51,100,85,98,100,80,67,67,59,43,67,17,37,1,0,0,3
8,100,0,57,22,9,72,0,100,43,78,94,32,95,7,48,0
100,100,49,80,17,51,0,19,34,0,91,15,77,44,23,39,6
0,95,51,100,73,92,64,47,62,0,39,17,52,33,100,36,7
100,65,92,100,39,93,9,62,0,27,31,0,60,26,19,28,6
23,100,9,68,0,36,49,25,100,36,99,65,93,32,83,0,4
15,95,69,100,75,66,51,33,22,0,0,9,30,29,100,33,7
62,87,41,63,100,100,22,72,8,41,30,0,93,42,0,34,8
41,94,71,72,95,33,34,0,0,27,51,63,100,100,41,94,8
62,83,27,69,70,26,47,0,0,34,63,66,100,98,19,100,8
97,100,43,77,13,42,7,2,68,0,100,34,43,36,0,5,6
77,81,14,100,23,66,79,34,67,0,0,14,47,48,100,80,8
27,93,7,49,15,0,66,1,100,41,91,87,39,100,0,68,0
46,85,42,100,52,73,32,41,0,16,21,7,62,0,100,17,2
16,83,0,47,66,62,86,23,19,0,8,48,12,94,100,100,5
0,53,31,81,51,100,50,62,46,25,15,0,59,1,100,3,1
59,73,48,100,99,95,81,63,93,44,100,13,50,0,0,11,3
55,100,23,73,0,41,4,7,55,0,100,19,68,36,31,15,6
0,55,40,63,77,79,100,100,91,76,88,50,88,24,94,0,1
0,59,33,67,67,92,88,100,71,75,67,50,67,23,100,0,1
47,82,83,100,100,67,67,33,28,0,1,14,0,41,78,35,7
0,93,60,100,70,83,70,67,70,50,80,33,80,16,100,0,1
98,100,50,84,12,55,0,21,48,0,100,22,43,32,14,15,6
41,100,20,80,0,57,39,42,100,55,98,45,72,23,57,0,4
22,100,1,55,10,10,60,0,100,31,97,77,51,99,0,83,0
14,66,23,100,41,74,24,34,0,0,22,15,61,9,100,3,2
40,83,76,100,86,75,56,50,20,29,0,6,49,1,100,0,2
89,100,52,79,19,51,0,27,59,39,100,62,82,31,63,0,4
79,100,33,72,0,41,34,20,100,32,92,63,60,32,31,0,4
0,55,34,87,53,100,49,63,47,26,12,0,34,5,100,5,1
0,86,39,100,89,95,73,74,70,52,100,33,100,13,50,0,3
32,94,0,57,56,47,59,0,17,4,12,64,42,100,100,95,5
73,83,27,87,22,41,0,0,8,36,55,68,100,100,42,85,8
0,81,30,100,100,94,85,68,49,33,30,0,20,40,80,49,7
32,100,0,70,77,67,60,95,60,86,97,52,100,13,19,0,9
99,79,59,100,18,78,0,35,30,0,77,4,100,45,94,88,0
0,97,51,100,82,86,84,65,90,45,100,25,82,8,35,0,3
0,41,30,60,43,85,67,100,74,75,76,49,78,24,100,0,1
92,100,61,85,31,57,10,29,21,0,100,7,69,27,0,13,6
46,100,7,83,0,51,66,52,100,82,76,63,47,32,22,0,4
0,86,22,100,58,82,38,40,16,0,5,44,51,56,100,63,7
65,100,45,90,14,57,0,23,43,0,100,16,80,45,35,27,6
37,100,11,72,0,33,26,0,74,7,100,42,81,79,36,99,0
0,86,47,100,100,91,68,72,58,51,74,31,76,10,11,0,3
0,85,35,100,77,91,65,65,68,40,100,19,73,1,24,0,3
16,72,46,100,85,97,72,60,100,46,86,13,43,0,0,9,3
70,61,65,100,15,70,72,34,87,0,0,10,23,50,100,76,8
0,51,47,70,79,100,75,82,67,46,56,11,42,2,100,0,1
49,73,61,100,0,84,42,42,81,0,26,10,43,56,100,86,8
100,100,63,94,30,68,7,38,7,6,52,0,45,23,0,16,6
0,90,46,100,88,92,79,69,60,48,39,27,47,6,100,0,2
0,87,56,100,80,70,62,35,56,0,11,28,11,43,100,49,7
31,100,17,68,41,36,5,0,0,35,7,81,43,99,100,97,5
56,100,31,68,0,38,27,25,83,22,100,50,91,34,76,0,4
100,100,47,96,10,69,0,37,32,8,88,0,84,25,26,25,6
100,100,46,91,14,64,0,32,8,0,62,0,55,27,6,27,6
41,84,59,100,53,69,28,40,0,14,32,16,67,0,100,21,2
76,98,35,100,58,73,83,91,100,47,97,4,47,0,0,14,9
74,100,50,99,13,67,0,31,35,0,100,10,79,43,10,52,6
10,79,18,48,39,17,0,0,3,38,10,71,54,87,100,100,5
64,100,10,99,0,71,56,77,72,71,100,37,75,8,19,0,9
33,100,19,85,0,68,0,49,24,34,57,25,90,18,100,0,4
49,100,20,81,0,44,17,8,71,0,100,31,85,69,41,94,0
14,73,0,51,9,12,54,0,92,27,100,67,74,100,27,95,0
53,100,7,98,21,69,56,92,63,59,100,25,64,0,0,9,9
16,90,9,61,50,35,23,0,5,35,0,81,48,97,100,100,5
0,58,62,82,78,100,41,75,30,50,32,24,30,2,100,0,1
100,89,74,100,34,76,6,45,0,11,41,0,57,32,12,45,6
100,100,56,87,24,59,5,27,29,0,79,9,38,24,0,2,6
5,66,16,100,100,98,69,58,29,20,75,0,21,32,0,71,8
35,89,3,61,8,8,62,0,100,40,82,89,27,100,0,54,0
17,92,55,100,69,71,38,50,0,38,23,25,61,13,100,0,2
0,91,44,100,58,77,48,39,47,0,25,19,53,39,100,47,7
100,86,63,100,20,78,22,43,76,47,90,13,36,0,0,24,5
10,60,31,100,61,82,37,36,2,0,0,0,50,2,100,3,2
97,72,100,100,44,81,13,53,0,23,41,0,85,22,18,32,6
25,70,54,100,60,66,35,27,0,1,19,10,61,0,100,0,2
0,96,38,100,75,92,70,46,62,0,49,15,63,34,100,38,7
100,89,40,83,63,40,84,0,0,7,53,53,80,100,3,78,8
31,69,49,100,60,70,34,36,0,13,29,21,65,0,100,16,2
100,96,50,100,45,61,91,75,94,78,93,35,57,0,0,1,9
0,93,44,100,78,72,68,33,39,0,20,24,52,44,100,46,7
100,52,40,48,0,71,26,100,78,91,88,57,73,22,33,0,9
0,86,7,95,64,100,100,87,86,65,66,43,48,22,51,0,7
100,80,67,100,42,73,80,70,89,64,79,25,45,1,0,0,9
0,93,36,100,79,98,94,79,72,57,100,33,79,11,38,0,3
48,88,28,58,34,9,0,0,25,42,66,77,100,100,49,78,8
18,64,37,100,40,99,39,59,38,19,0,0,47,0,100,1,1
100,82,51,100,0,72,56,37,78,0,36,12,68,51,92,85,8
0,95,56,100,61,80,51,40,44,0,17,27,41,39,100,47,7
92,78,42,100,0,70,41,36,86,2,19,0,28,34,100,63,8
24,86,22,100,76,90,49,64,57,50,100,27,70,1,0,0,3
91,100,77,80,11,58,0,37,97,45,100,50,51,26,29,0,4
0,82,33,100,77,93,50,66,71,47,100,24,58,7,11,0,3
33,69,57,100,87,75,66,39,24,15,0,15,51,14,100,0,2
29,96,5,100,0,72,4,45,47,36,77,51,75,23,100,0,4
58,94,80,100,81,71,73,44,100,21,75,1,31,0,0,13,3
20,98,49,100,51,65,31,36,0,16,28,10,64,5,100,0,2
17,88,56,100,100,99,92,75,61,55,70,29,42,9,0,0,3
24,78,43,100,54,75,30,43,0,16,27,4,66,0,100,22,2
0,42,44,55,76,78,100,100,80,74,61,47,43,21,27,0,1
48,86,92,100,100,79,58,62,80,48,75,17,33,0,0,15,3
0,69,2,99,41,100,56,72,35,42,23,11,60,0,100,1,2
13,98,0,74,51,57,32,0,2,22,4,85,41,100,100,100,5
0,83,37,100,81,90,65,61,100,45,97,15,54,0,14,7,3
83,61,96,97,50,100,54,66,100,62,92,21,49,0,0,3,9
0,4,74,29,100,62,88,95,74,100,74,67,74,33,76,0,1
26,100,7,77,0,44,43,35,86,46,100,67,91,33,79,0,4
17,84,18,59,48,36,17,0,0,38,6,87,52,93,100,100,5
60,100,25,76,1,49,0,21,42,0,100,7,62,18,5,6,6
68,98,70,100,36,79,0,59,60,49,100,47,73,23,51,0,4
54,100,14,71,0,38,68,33,100,47,61,76,50,38,54,0,4
95,83,17,87,51,48,92,10,0,0,25,37,100,69,94,100,8
100,100,58,82,26,53,6,21,38,0,88,15,57,36,0,29,6
0,79,65,71,100,100,27,90,3,62,78,68,70,41,35,0,9
32,100,0,80,6,56,100,56,57,88,47,84,55,38,60,0,4
35,95,96,100,100,97,27,87,28,66,96,48,72,13,0,0,5
8,100,80,98,100,68,66,35,44,0,0,29,21,40,98,41,7
78,71,36,71,20,95,75,100,100,74,78,46,40,21,0,0,9
43,100,30,87,0,57,51,61,100,75,80,62,50,31,23,0,4
54,100,34,75,6,43,0,11,70,0,100,28,44,46,36,21,6
50,100,35,71,17,42,12,12,56,0,100,20,54,31,0,19,6
33,66,50,100,58,57,36,18,0,0,21,17,61,13,100,4,2
100,100,81,81,39,55,0,28,8,0,75,4,66,31,12,25,6
0,97,67,100,76,73,62,40,51,7,38,0,24,25,100,34,7
23,100,14,76,11,41,94,35,100,51,52,71,24,35,0,0,4
93,97,65,100,65,67,95,98,100,62,82,21,41,0,0,15,9
35,100,9,71,0,26,41,0,93,11,100,53,63,87,11,100,0
88,87,0,82,3,95,97,100,100,75,91,50,91,25,100,0,9
2,66,0,30,18,0,58,6,88,32,100,65,83,95,43,100,0
12,100,0,74,4,42,74,44,100,58,77,65,74,32,65,0,4
27,100,34,93,0,62,25,44,100,44,91,65,68,32,51,0,4
100,92,62,100,21,75,51,73,87,85,63,51,36,17,0,0,9
100,97,76,100,29,72,0,39,15,8,95,0,78,22,0,16,6
36,97,0,59,9,14,61,0,99,34,100,81,53,100,5,73,0
91,74,54,100,0,87,23,59,81,67,100,39,79,4,21,0,9
6,98,50,100,76,67,64,24,67,0,100,25,52,46,0,58,7
27,85,4,57,60,58,65,18,1,0,0,50,24,95,100,100,5
0,88,5,100,67,98,50,67,63,60,100,36,70,7,5,0,3
68,74,10,76,48,100,86,81,97,46,100,12,55,0,0,18,9
0,100,5,86,2,66,3,45,38,34,68,39,81,19,100,0,4
0,83,42,100,100,86,75,43,50,0,11,15,2,27,69,29,7
0,48,30,67,65,85,100,100,84,75,65,51,47,25,34,0,1
8,67,51,37,22,0,9,24,53,58,100,92,59,100,0,74,8
4,85,64,100,96,72,68,34,44,0,100,31,87,44,0,41,7
25,96,76,100,84,73,43,51,80,39,100,13,52,1,0,0,3
0,87,45,72,100,100,27,100,30,73,97,83,89,41,91,0,9
100,60,82,100,22,89,33,44,47,0,0,1,26,42,93,62,8
69,67,100,100,42,94,31,57,86,69,90,43,58,7,0,0,9
1,85,40,100,91,78,41,52,47,45,100,20,56,0,0,15,3
65,90,24,90,0,44,19,0,67,6,100,44,91,91,44,100,0
42,91,48,52,52,15,8,0,0,31,11,70,53,90,100,100,5
20,100,6,54,59,38,49,0,11,4,0,48,41,79,100,93,5
8,96,0,50,12,6,58,0,96,28,100,71,59,95,11,100,0
81,79,38,57,13,88,61,100,84,65,100,28,75,0,0,5,9
22,100,66,50,100,94,45,95,5,41,58,0,78,42,0,46,8
32,85,67,55,95,10,4,0,12,40,95,71,100,100,0,87,8
76,100,59,66,89,23,9,0,0,31,80,62,100,96,2,86,8
12,67,34,92,100,100,77,71,77,51,89,22,40,0,0,17,3
22,100,65,96,82,55,65,14,38,0,0,29,48,33,100,33,7
25,89,62,100,65,78,66,52,100,33,81,7,41,0,0,3,3
51,99,28,60,40,9,79,0,100,44,81,90,40,100,0,87,0
100,100,86,86,72,71,58,57,42,43,25,28,8,14,0,0,1
20,81,0,39,22,0,68,5,100,37,89,83,47,100,14,68,0
0,77,15,100,46,100,45,64,31,31,35,0,67,1,100,8,2
25,79,57,100,85,78,56,45,84,42,100,11,52,0,0,2,3
42,99,10,59,15,12,66,0,100,38,98,84,49,100,0,75,0
49,97,77,100,79,60,47,28,0,11,8,24,58,14,100,0,2
51,82,100,100,54,76,0,54,8,32,84,45,49,25,27,0,4
87,100,54,64,0,31,9,25,96,33,100,65,70,38,41,0,4
100,95,55,100,13,88,4,62,46,47,70,20,39,0,0,10,5
100,81,52,62,17,77,57,100,79,68,75,31,52,0,0,12,9
50,100,44,93,10,69,0,45,75,49,100,46,60,23,33,0,4
3,74,31,100,45,72,28,36,0,6,9,2,57,0,100,13,2
97,100,61,95,34,60,25,23,65,0,100,25,53,44,0,31,6
34,77,79,59,100,23,28,0,0,32,38,68,93,100,31,87,8
0,95,46,100,14,63,30,49,100,63,94,67,80,29,72,0,4
9,32,60,62,80,100,6,93,36,56,100,27,57,0,0,25,8
0,30,30,53,65,76,100,100,93,79,73,52,50,26,31,0,1
0,64,32,68,73,84,100,100,88,75,81,50,75,25,71,0,1
4,74,38,100,55,71,37,35,6,5,0,7,50,6,100,0,2
0,78,28,100,58,88,45,56,24,28,12,1,55,0,100,2,2
39,84,17,56,31,11,74,0,100,38,87,81,44,100,0,87,0
49,83,8,57,0,17,51,0,93,28,100,70,61,100,8,86,0
36,84,9,86,0,38,27,0,72,9,100,47,88,94,46,100,0
14,81,23,100,81,97,61,66,60,50,100,33,60,7,0,0,3
71,93,85,82,65,100,79,77,100,48,79,18,40,4,0,0,9
48,80,50,100,100,99,78,69,76,49,91,18,45,0,0,9,3
67,100,25,81,0,49,0,15,51,0,100,20,63,40,9,26,6
86,95,9,96,27,61,100,31,64,0,0,24,55,61,93,100,8
3,65,37,55,100,81,54,100,0,75,85,68,69,34,58,0,9
22,71,44,100,56,74,32,32,0,0,18,15,59,24,100,38,2
15,98,0,58,13,17,57,0,96,24,100,67,70,100,29,83,0
3,62,28,94,39,100,41,60,36,22,0,0,50,7,100,13,1
100,67,75,100,0,95,17,64,92,72,100,69,92,33,56,0,9
32,76,51,100,70,73,39,41,0,17,10,18,54,0,100,6,2
6,73,36,100,45,66,31,30,0,0,5,10,52,7,100,9,2
36,100,31,82,0,50,20,26,85,39,100,63,69,32,43,0,4
38,100,24,68,0,35,71,40,100,60,96,50,95,15,100,0,4
45,79,73,100,83,83,89,55,100,27,76,4,38,0,0,5,3
0,84,43,100,55,78,26,51,70,45,100,20,66,0,14,1,3
89,81,49,100,0,84,39,68,100,75,94,54,84,24,51,0,9
44,72,69,100,100,86,67,61,76,49,77,13,37,0,0,19,3
35,77,6,50,3,8,58,0,100,29,94,70,52,100,0,84,0
0,71,28,100,65,83,55,40,20,12,13,16,57,11,100,0,2
15,67,44,100,51,91,44,44,29,0,0,1,50,4,100,2,1
75,61,85,100,22,82,37,42,55,2,0,0,31,36,100,60,8
4,90,53,100,100,91,66,68,78,39,97,9,51,0,0,4,3
54,100,0,78,47,62,63,20,13,0,18,49,40,95,100,95,5
100,100,90,96,45,71,14,43,16,12,78,0,72,16,0,18,6
86,100,36,80,1,49,0,14,56,0,100,23,51,37,2,16,6
73,100,48,70,23,41,21,9,69,1,100,22,46,17,0,0,6
0,46,44,72,86,100,68,93,56,64,56,34,61,5,100,0,1
61,100,19,87,0,51,94,47,100,75,61,94,52,47,58,0,4
31,67,35,99,81,100,73,56,37,23,0,2,50,0,100,3,2
59,85,25,71,88,35,79,0,7,29,62,64,100,100,0,99,8
0,84,25,100,58,74,51,37,38,0,15,20,43,33,100,32,7
14,100,52,100,72,63,62,23,33,0,0,23,50,25,100,27,7
4,76,0,33,34,0,84,17,100,61,72,100,25,90,14,45,0
16,81,54,100,100,89,60,61,58,48,97,28,57,0,0,5,3
27,95,39,62,75,32,39,0,0,19,12,65,45,97,100,100,5
0,60,39,49,100,78,57,100,10,68,88,58,80,20,11,0,9
100,83,54,100,23,73,70,65,89,68,89,26,51,0,0,12,9
43,62,33,100,79,92,74,47,39,14,0,0,49,10,100,8,2
60,73,59,100,19,73,53,36,51,0,0,20,50,52,100,80,8
59,100,11,75,0,43,100,49,66,80,70,83,73,32,74,0,4
16,83,60,100,100,80,71,53,72,45,96,22,49,0,0,3,3
2,79,48,100,81,75,59,33,22,0,0,3,49,13,100,6,2
31,96,0,55,57,54,64,6,20,0,22,61,39,99,100,100,5
25,91,23,61,75,55,57,3,0,0,13,55,28,99,100,100,5
75,77,41,100,19,68,65,36,59,0,0,5,43,38,100,66,8
18,100,16,90,0,63,28,44,88,52,100,53,89,27,88,0,4
14,77,37,100,51,74,32,41,0,18,33,16,68,0,100,18,2
0,65,46,80,88,100,100,94,76,69,53,45,29,20,26,0,1
0,98,42,100,73,70,60,31,35,0,5,27,52,32,100,24,7
81,100,27,92,0,59,2,22,47,0,95,23,100,61,88,97,0
0,95,5,58,87,60,85,16,19,0,12,48,13,93,100,100,5
65,100,36,87,0,59,87,63,100,82,75,83,51,41,29,0,4
45,100,30,79,0,47,8,41,68,38,100,52,96,35,91,0,4
82,100,64,75,16,46,0,13,73,1,100,20,27,27,47,0,6
10,86,69,100,39,91,3,66,44,47,100,36,61,11,0,0,5
17,91,50,100,76,77,63,59,100,38,84,10,35,0,0,12,3
18,82,22,100,39,68,27,30,0,1,23,8,67,0,100,20,2
44,78,73,100,100,86,81,60,98,38,94,12,48,0,0,3,3
0,82,38,100,74,76,49,36,15,0,6,11,35,38,100,43,7
39,100,0,74,19,51,81,52,100,70,70,63,52,32,44,0,4
46,85,36,68,84,79,42,100,79,65,100,23,53,0,0,8,9
100,85,32,100,0,67,56,34,68,0,23,24,71,59,61,84,8
78,64,54,53,23,76,66,100,100,72,87,31,49,0,0,6,9
86,71,70,100,0,87,13,60,86,71,100,60,87,27,88,0,9
9,79,81,99,100,100,81,73,77,45,74,17,0,0,15,3,1
0,42,30,56,59,72,86,94,100,100,80,68,62,35,53,0,1
0,100,44,97,54,61,41,23,23,0,9,38,52,44,100,41,7
100,100,71,95,30,64,1,27,32,0,82,19,54,51,0,48,6
100,100,58,94,21,66,5,35,17,4,74,0,62,29,0,37,6
0,100,30,99,67,97,100,93,72,75,53,51,44,23,52,0,7
46,100,20,73,0,43,46,30,100,45,93,58,63,30,52,0,4
1,63,3,27,37,0,79,18,100,54,89,90,41,100,0,80,0
16,97,76,100,80,61,56,22,34,0,0,37,37,45,100,42,7
11,71,16,100,53,79,44,41,9,14,0,6,50,3,100,0,2
54,81,46,98,86,100,75,58,43,24,0,0,48,2,100,8,2
100,71,44,70,53,100,85,86,86,51,90,16,50,0,0,19,9
63,79,67,100,100,100,84,73,69,50,73,23,41,4,0,0,3
98,76,67,100,0,92,23,66,90,74,100,53,72,22,19,0,9
38,92,100,100,52,94,15,58,69,72,94,35,58,0,0,2,5
76,100,37,76,8,50,0,21,41,0,100,8,95,29,34,21,6
100,80,48,72,0,81,34,100,66,83,63,55,54,27,54,0,9
0,77,20,100,50,86,34,51,6,23,20,7,60,4,100,0,2
13,77,21,58,46,25,11,0,0,42,2,88,49,98,100,100,5
96,98,44,100,5,72,0,36,38,8,100,6,61,21,11,0,6
2,63,0,92,39,96,83,100,100,87,81,59,68,30,60,0,7
89,100,52,74,30,43,19,11,63,0,100,23,56,44,0,41,6
63,48,100,75,75,100,20,87,0,58,57,51,82,33,62,0,9
21,87,49,100,96,87,53,63,65,48,100,21,55,0,0,5,3
64,88,84,100,100,78,76,54,85,33,86,10,42,0,0,4,3
100,99,45,100,22,65,69,74,88,88,86,44,58,6,0,0,9
0,81,34,100,62,73,54,36,39,0,12,16,50,27,100,30,7
32,84,79,64,85,100,35,78,74,68,100,37,82,0,0,0,9
100,99,40,91,66,49,58,8,0,0,22,41,66,76,72,100,8
28,97,2,70,47,39,61,0,24,24,0,67,39,94,100,100,5
38,88,80,100,100,82,75,58,99,35,76,10,33,0,0,19,3
18,93,10,55,55,27,13,0,0,34,5,81,45,100,100,98,5
47,100,30,73,0,40,22,21,89,23,100,55,71,34,49,0,4
31,88,3,84,77,100,100,96,69,72,37,49,14,24,0,0,1
54,85,100,100,99,98,49,86,23,60,63,34,50,1,0,0,5
26,80,23,56,60,24,28,0,0,24,13,68,47,97,100,100,5
63,88,87,80,71,100,71,78,100,61,99,21,52,0,0,12,9
68,90,91,100,56,88,96,81,100,43,84,7,40,0,0,20,9
2,81,28,100,68,83,67,49,37,23,0,1,48,0,100,1,2
21,74,4,74,2,19,63,0,100,49,71,100,10,73,0,20,0
46,100,26,74,0,47,20,25,84,33,100,55,76,28,69,0,4
0,100,34,97,55,66,57,32,40,0,15,22,46,36,100,42,7
18,97,35,100,0,76,0,53,64,54,100,53,75,27,66,0,4
0,87,39,100,61,70,47,27,36,0,11,33,55,35,100,39,7
55,85,67,100,86,75,67,47,100,31,83,9,38,0,0,8,3
79,90,61,100,26,73,44,60,97,50,100,17,51,0,0,8,5
0,55,39,74,76,95,100,100,87,75,72,50,61,25,57,0,1
59,99,8,100,24,58,81,28,57,0,0,25,39,64,100,93,8
62,100,15,83,3,62,0,40,79,34,100,43,79,22,88,0,4
100,84,42,100,0,72,39,36,75,0,32,16,63,55,69,91,8
76,70,32,100,10,71,85,41,100,4,4,0,0,39,54,73,8
0,75,46,58,67,22,21,0,29,36,74,67,100,100,36,86,8
0,93,46,100,94,90,83,52,69,14,49,0,49,28,100,28,7
88,100,65,83,33,54,0,30,65,27,100,48,98,31,94,0,4
29,88,77,100,81,74,47,51,100,49,98,20,56,0,0,4,3
100,100,64,87,36,66,14,44,0,20,23,0,57,10,24,20,6
0,100,52,99,100,92,74,57,58,19,49,0,37,39,87,45,7
29,100,21,76,0,47,6,32,79,35,100,58,99,28,93,0,4
100,100,61,90,71,68,95,88,94,54,79,22,41,0,0,13,9
100,94,58,100,15,70,0,34,28,1,97,0,91,28,31,21,6
34,95,78,100,100,83,65,63,91,37,91,11,46,0,0,5,3
14,88,49,100,65,77,34,53,0,31,1,7,50,0,100,0,2
89,100,43,93,3,58,0,15,57,2,100,29,43,35,24,0,6
16,71,44,100,64,71,40,31,0,11,23,12,66,0,100,15,2
36,100,6,81,0,52,36,28,84,38,100,55,72,29,62,0,4
92,100,36,87,0,51,8,11,82,7,100,40,27,36,10,0,6
50,77,73,100,81,61,51,26,6,0,0,24,51,29,100,6,2
28,90,97,100,100,68,61,33,18,0,0,8,7,29,82,31,7
0,90,36,100,53,76,15,51,67,46,100,20,61,0,10,7,3
57,63,100,100,0,91,36,53,95,16,2,0,5,36,91,67,8
54,100,0,92,10,62,64,69,73,71,100,36,79,7,23,0,9
100,93,79,92,24,100,0,67,42,44,92,28,67,0,25,2,5
42,87,100,100,54,83,12,53,53,62,87,41,56,6,0,0,5
94,77,61,100,53,73,100,78,98,58,94,15,49,0,0,14,9
64,93,0,72,81,70,75,100,8,75,100,83,83,41,44,0,9
0,87,31,100,66,71,61,35,51,0,1,13,21,28,100,34,7
19,78,29,36,13,0,8,27,58,49,100,79,55,100,0,88,8
32,84,68,100,100,89,73,61,95,42,88,11,44,0,0,15,3
0,65,16,93,49,100,65,77,48,45,36,11,66,0,100,1,2
100,100,67,84,34,62,10,38,0,11,42,0,32,24,1,20,6
100,92,58,100,39,84,24,67,15,50,9,33,0,16,0,0,1
37,100,16,60,63,42,31,0,3,19,0,75,47,90,100,97,5
77,100,8,92,44,73,92,97,100,65,100,30,68,0,0,2,9
43,100,27,92,0,62,53,53,100,73,80,60,50,30,19,0,4
57,82,65,100,100,88,89,64,79,39,75,13,39,2,0,0,3
91,100,42,86,0,11,52,0,100,70,39,77,76,71,21,7,0
13,93,21,49,51,24,15,0,0,45,18,92,59,100,100,95,5
0,84,53,100,94,76,94,38,77,0,38,3,41,28,100,36,7
74,100,40,77,0,53,44,45,100,51,76,54,51,27,35,0,4
47,100,19,67,0,30,20,0,68,5,100,33,91,72,50,88,0
42,85,24,51,75,38,52,4,0,0,17,49,50,85,100,100,5
70,100,82,88,40,64,0,40,32,26,100,42,90,27,86,0,4
2,61,5,79,0,33,38,0,91,20,100,65,63,100,17,74,0
0,89,59,100,100,74,68,36,27,0,53,1,95,28,15,34,7
44,87,25,100,22,68,68,85,91,59,100,18,53,0,0,3,9
4,100,23,65,89,36,100,0,20,8,32,49,79,85,0,89,8
16,100,0,63,40,37,100,37,87,83,73,95,71,47,68,0,4
44,80,80,100,100,85,72,59,92,38,93,14,49,3,0,0,3
57,51,100,74,87,100,27,94,0,69,57,58,75,32,65,0,9
66,100,31,74,6,47,0,20,41,0,100,16,84,36,16,23,6
42,95,0,64,48,42,21,0,0,18,5,72,42,100,100,98,5
49,94,76,73,82,100,30,77,100,81,100,42,75,2,0,0,9
62,100,14,91,0,54,12,17,55,0,96,21,100,60,79,95,0
96,100,70,100,35,80,57,60,100,46,90,13,46,0,0,8,5
15,75,56,100,92,79,64,45,71,41,100,15,48,0,0,17,3
25,100,0,63,8,30,82,39,100,70,79,90,89,44,100,0,4
94,100,100,100,94,84,82,66,65,49,41,33,18,16,0,0,1
23,88,68,100,97,81,63,60,87,40,100,16,55,0,0,1,3
78,96,9,75,100,66,82,100,17,54,0,0,81,18,24,61,8
100,54,78,100,30,92,0,48,14,1,66,0,99,40,84,79,0
77,57,87,100,0,95,43,55,100,15,40,0,28,45,86,85,8
0,27,34,51,70,75,100,100,83,77,68,52,55,26,47,0,1
19,100,0,61,10,20,53,0,93,25,100,66,67,98,19,87,0
13,54,44,89,54,100,52,53,45,7,0,0,49,0,100,5,1
61,94,57,100,15,68,0,32,28,0,100,7,65,34,33,14,6
0,86,73,100,100,96,71,61,36,25,3,0,6,38,85,43,7
20,98,1,64,46,35,30,0,1,24,0,71,43,95,100,100,5
11,17,54,54,99,92,42,100,31,64,100,35,75,0,0,13,8
27,84,12,42,18,0,73,7,100,45,93,88,40,100,0,67,0
0,95,14,100,60,99,100,100,61,86,43,58,33,29,32,0,7
46,100,28,98,7,64,13,29,55,6,100,15,46,17,0,0,6
100,100,46,95,51,59,75,25,30,0,0,17,43,46,83,78,8
15,91,23,65,92,46,68,0,10,14,0,63,7,97,100,100,5
90,100,51,76,21,49,11,19,50,0,100,12,52,23,0,15,6
0,85,51,100,81,71,76,35,58,0,31,25,35,55,100,61,7
35,79,43,65,79,27,16,0,0,34,60,68,100,100,3,92,8
0,30,29,53,65,77,100,100,100,80,85,53,73,27,69,0,1
24,64,52,93,67,100,57,48,39,0,0,0,50,1,100,2,1
84,93,26,100,0,71,64,64,100,90,89,64,79,31,78,0,9
100,35,94,76,62,100,22,75,0,37,18,0,58,17,71,55,0
83,91,2,100,21,67,77,36,62,0,0,17,42,54,100,87,8
100,89,34,100,0,75,76,78,83,62,90,35,85,8,5,0,9
72,100,26,94,0,62,0,28,38,0,100,4,67,24,21,1,6
67,78,54,100,0,83,36,43,61,0,15,14,51,54,100,80,8
100,100,69,94,28,66,0,33,7,0,72,3,79,32,11,33,6
0,89,76,100,95,88,66,48,58,8,34,0,17,27,100,33,7
50,100,26,84,0,60,6,36,58,35,100,50,78,26,63,0,4
11,85,0,70,26,96,92,100,100,87,81,55,65,21,60,0,7
58,65,71,100,90,70,63,31,23,0,0,13,48,1,100,4,2
37,100,0,81,21,53,100,56,92,89,56,64,37,32,18,0,4
38,77,86,97,100,100,41,92,23,56,80,44,56,12,0,0,5
82,100,37,86,66,70,87,86,100,52,92,18,49,1,0,0,9
19,76,67,68,86,100,7,83,61,61,100,57,81,16,0,0,9
36,63,0,67,53,84,100,100,83,74,66,47,53,21,51,0,1
5,68,22,100,47,75,35,35,8,1,0,2,50,4,100,0,2
0,98,35,100,75,75,63,43,47,10,28,0,19,19,100,30,7
61,92,100,100,74,85,55,51,92,36,78,2,38,0,0,11,5
52,80,30,66,96,70,65,100,28,62,100,69,80,20,0,0,9
70,100,37,75,0,49,40,39,100,46,87,57,57,29,31,0,4
0,81,39,100,88,90,61,59,85,47,100,14,53,0,8,5,3
15,46,48,82,66,100,59,48,37,7,0,2,51,0,100,6,1
100,100,61,83,25,58,5,29,20,1,75,0,57,20,0,14,6
0,80,39,100,73,83,38,57,60,42,100,22,62,1,9,0,3
100,100,54,87,20,60,4,27,27,0,71,16,53,44,0,45,6
95,100,50,82,19,58,0,31,18,6,73,0,100,14,44,12,6
27,100,8,56,57,41,20,0,0,24,18,85,48,97,100,94,5
48,96,62,65,88,27,21,0,21,33,79,67,100,100,0,85,8
9,80,24,98,88,100,78,72,65,52,100,30,64,5,0,0,3
78,85,65,66,100,25,49,0,15,29,58,67,66,100,0,84,8
15,81,0,68,14,97,77,100,100,95,80,62,68,28,63,0,7
32,100,6,65,0,24,29,0,70,20,100,53,93,90,47,97,0
13,83,0,61,4,15,54,0,98,28,100,73,55,100,16,71,0
12,82,55,100,81,88,51,61,99,51,100,21,56,2,0,0,3
51,82,27,57,99,75,55,100,47,64,100,52,77,4,0,0,9
36,83,66,100,94,81,60,54,100,44,92,12,44,0,0,17,3
87,93,59,100,21,86,6,53,69,56,100,31,59,4,0,0,5
32,92,12,66,42,29,18,0,0,24,17,78,56,100,100,97,5
24,91,22,61,38,25,1,0,0,39,0,78,46,95,100,100,5
23,100,46,57,100,79,49,89,0,48,20,0,79,22,24,53,8
31,87,80,100,45,88,27,63,75,45,100,20,56,2,0,0,5
2,100,74,100,100,76,65,46,35,15,17,0,0,33,74,37,7
100,85,73,84,3,63,8,91,82,100,79,65,36,32,0,0,9
55,82,53,100,100,86,81,59,38,39,78,24,54,3,0,0,3
5,76,38,100,100,98,88,69,48,44,95,26,61,2,0,0,3
0,40,29,57,65,78,100,100,93,80,74,53,55,26,38,0,1
26,64,0,28,26,0,72,24,100,60,97,99,45,100,7,71,0
100,94,53,100,21,84,14,52,62,44,81,14,43,0,0,17,5
27,86,0,50,13,2,70,0,100,44,91,94,41,100,13,56,0
34,90,35,62,51,24,8,0,0,40,1,82,46,100,100,99,5
45,69,74,100,68,94,57,50,39,9,0,3,50,3,100,0,1
21,100,4,79,0,47,54,38,100,49,92,66,91,33,92,0,4
100,88,100,100,83,83,65,66,46,50,28,33,11,17,0,0,1
47,88,72,100,65,44,36,8,0,0,27,20,63,5,100,3,2
100,100,74,97,61,81,47,65,34,49,21,33,5,16,0,0,1
4,57,39,95,49,100,51,47,24,8,0,0,53,2,100,5,1
56,100,15,74,0,39,58,48,100,78,86,69,58,35,30,0,4
52,87,79,100,79,75,72,49,100,29,76,8,36,0,0,7,3
70,97,28,78,65,53,57,9,0,0,13,42,51,86,100,100,5
0,66,25,100,48,70,43,23,26,0,21,33,60,46,100,61,7
49,92,8,61,0,16,56,0,97,35,100,81,51,100,28,60,0
18,92,11,56,43,23,21,0,4,37,0,74,47,92,100,100,5
39,100,5,79,0,47,55,42,100,64,80,60,52,30,28,0,4
0,12,24,39,52,65,81,90,100,100,78,68,56,36,45,0,1
30,96,0,66,59,46,55,2,10,0,20,48,34,95,100,100,5
90,100,52,75,26,48,11,19,49,0,100,18,38,24,0,2,6
44,93,4,83,43,42,40,0,0,16,48,52,100,86,49,100,8
0,97,2,58,19,21,65,0,100,29,98,67,66,100,16,93,0
59,71,62,100,90,79,67,43,28,16,0,22,50,16,100,0,2
9,93,53,100,89,80,57,52,17,30,0,5,50,2,100,0,2
0,73,19,99,72,100,70,73,32,48,5,18,46,0,100,0,2
8,64,65,74,100,100,43,93,0,66,57,72,48,42,27,0,9
59,87,23,74,0,33,21,0,68,9,100,43,87,85,43,100,0
0,97,43,100,58,62,41,17,26,0,8,36,54,34,100,33,7
31,91,1,62,0,20,37,0,80,15,100,52,86,91,44,100,0
84,100,41,80,20,50,15,19,55,0,100,20,48,31,0,15,6
65,100,28,74,0,45,0,13,50,0,100,12,58,24,5,13,6
42,71,79,100,73,81,58,34,38,0,0,11,50,10,100,10,1
100,100,70,89,52,75,39,61,25,45,11,31,2,15,0,0,1
20,84,60,100,93,83,60,58,73,43,100,22,54,5,0,0,3
20,62,39,98,44,100,37,62,41,24,0,0,30,0,100,0,1
100,86,71,100,58,70,93,86,76,70,69,27,40,0,0,1,9
51,77,74,100,100,78,72,49,94,33,80,4,33,0,0,24,3
50,92,100,100,51,96,22,60,43,42,86,31,49,0,0,0,5
0,82,24,100,54,99,50,61,34,27,41,0,71,6,100,17,2
45,100,68,64,100,24,39,0,5,33,68,65,85,97,0,97,8
16,37,8,82,49,100,55,56,26,17,0,0,50,3,100,3,2
100,100,58,88,22,62,0,33,0,1,49,0,70,28,26,42,6
98,64,52,70,12,89,68,100,100,76,86,45,48,20,0,0,9
19,78,0,40,9,0,64,6,99,38,100,80,54,100,2,86,0
23,73,45,100,46,89,40,57,28,26,0,0,49,6,100,7,1
81,100,39,77,17,42,22,5,78,0,100,31,45,46,0,27,6
24,100,0,81,19,52,82,49,100,77,80,66,67,33,59,0,4
2,73,26,98,100,100,98,76,43,55,64,39,64,15,0,0,3
100,100,64,98,26,85,36,63,76,58,75,24,42,1,0,0,5
84,100,55,81,32,58,20,33,30,9,100,6,52,13,0,0,6
100,54,48,62,0,75,25,100,65,90,60,59,48,30,33,0,9
11,88,57,100,100,88,61,66,67,50,91,24,55,2,0,0,3
30,80,66,100,88,77,48,51,71,44,100,18,52,0,0,5,3
0,69,56,76,85,99,98,100,100,75,97,50,92,25,92,0,1
32,78,59,100,91,88,68,58,100,41,94,12,43,0,0,10,3
25,88,98,100,95,66,65,33,75,0,5,22,0,37,100,39,7
7,66,74,94,100,100,89,58,83,16,15,0,0,3,94,4,1
77,100,37,88,61,68,100,85,84,69,72,41,39,18,0,0,9
16,78,41,100,89,84,38,61,29,41,100,25,84,2,0,0,3
13,72,1,33,27,0,75,10,100,44,88,83,43,100,0,82,0
0,88,35,100,69,85,62,58,66,32,100,14,74,1,31,0,3
38,42,96,71,100,100,32,77,43,38,62,0,0,5,49,39,8
4,87,53,100,76,78,47,51,97,38,100,11,46,0,0,7,3
6,100,0,80,32,54,100,59,99,99,72,77,60,38,43,0,4
0,93,57,100,97,75,91,37,82,0,53,16,32,41,100,45,7
48,97,89,100,77,71,49,46,16,23,0,0,50,3,100,7,2
23,63,0,84,47,100,98,90,100,66,81,43,51,21,19,0,9
100,100,57,85,20,57,0,27,26,0,90,8,81,34,14,36,6
25,84,0,62,8,17,52,0,92,26,100,69,66,100,20,88,0
46,78,26,54,84,100,0,75,24,42,29,0,100,44,20,39,8
100,100,22,86,23,55,73,27,42,0,0,20,53,47,100,77,8
0,54,53,37,52,0,22,6,57,39,92,72,100,100,48,77,8
100,100,88,93,45,71,0,48,78,45,75,48,45,24,32,0,4
60,80,12,50,3,0,57,10,97,50,100,100,46,92,0,59,0
31,100,0,69,31,48,100,52,100,91,84,79,72,39,59,0,4
11,91,41,100,64,79,53,50,84,29,100,8,51,0,0,2,3
16,69,59,84,100,100,90,82,68,61,44,40,19,20,0,0,1
8,66,9,100,45,88,37,49,0,22,20,22,66,0,100,25,2
59,100,0,78,33,53,100,56,67,89,46,73,37,36,29,0,4
41,83,88,70,78,100,41,80,94,64,100,28,56,1,0,0,9
51,100,18,73,0,34,20,0,63,2,95,31,100,72,66,90,0
0,90,3,56,51,31,43,0,15,22,9,63,38,93,100,100,5
0,96,41,100,76,87,55,44,36,0,34,16,55,42,100,47,7
100,100,56,88,16,58,0,23,40,0,97,18,54,42,0,22,6
38,100,19,71,0,39,26,22,72,30,100,51,64,32,47,0,4
0,91,34,100,65,83,43,56,12,36,25,13,63,7,100,0,2
42,98,22,72,75,51,62,0,0,6,23,57,43,100,100,99,5
33,81,56,52,74,15,0,0,10,34,64,66,100,100,24,89,8
46,96,60,100,100,90,70,63,64,42,86,16,46,0,0,2,3
100,97,60,100,27,77,4,45,0,6,36,0,50,34,16,37,6
2,87,35,100,49,76,39,53,93,44,100,19,57,1,0,0,3
0,73,28,100,69,100,60,68,36,38,11,9,51,0,100,6,2
32,86,0,61,10,4,57,0,100,30,97,87,50,100,4,87,0
23,89,0,52,11,14,60,0,96,30,100,70,63,100,11,92,0
93,71,19,73,0,92,67,100,100,78,74,50,38,25,0,0,9
0,78,36,100,81,87,62,57,84,51,100,18,57,0,12,13,3
93,69,79,100,18,84,57,60,94,73,100,34,70,1,0,0,9
43,80,28,100,60,73,40,38,0,14,0,3,50,0,100,0,2
100,100,61,93,33,65,15,33,25,0,64,6,44,33,0,37,6
93,100,5,96,42,65,85,32,58,0,0,14,36,47,100,74,8
14,67,29,100,54,72,35,32,0,4,17,10,59,0,100,3,2
100,100,56,93,29,63,13,31,28,0,74,7,46,29,0,17,6
0,53,29,81,49,100,44,66,40,31,25,0,54,5,100,6,1
0,73,33,81,89,100,100,85,92,63,78,41,58,20,28,0,1
21,77,0,35,29,0,69,7,100,43,85,89,44,100,12,73,0
36,77,77,100,71,76,55,33,43,0,0,14,50,16,100,17,1
72,100,44,65,0,36,39,39,100,47,83,70,55,36,35,0,4
64,93,0,67,97,67,89,100,14,70,100,68,96,36,28,0,9
35,70,75,47,75,10,0,0,18,36,68,68,100,100,23,79,8
0,98,30,100,66,98,100,93,76,71,56,46,47,17,43,0,7
61,100,29,76,4,52,0,28,46,8,100,29,71,23,82,0,4
63,81,92,100,100,70,76,38,43,10,0,0,46,4,97,7,2
52,100,26,68,0,36,52,36,100,40,84,69,62,35,48,0,4
0,89,25,100,31,68,17,37,11,9,40,4,70,3,100,0,2
0,47,21,68,59,90,100,100,87,75,70,50,52,25,43,0,1
40,84,61,100,87,83,53,60,96,47,100,23,55,5,0,0,3
100,86,47,100,0,73,42,43,85,15,28,0,37,36,84,66,8
66,92,29,100,50,72,67,94,97,58,100,18,53,0,0,9,9
18,91,86,100,100,99,36,85,1,49,70,37,68,2,0,0,5
39,96,79,100,93,79,67,57,100,38,88,13,46,0,0,2,3
33,91,79,100,100,79,79,56,41,37,0,20,37,7,93,0,2
41,100,30,78,0,45,0,29,82,31,100,59,87,34,73,0,4
67,100,18,81,44,39,35,0,0,28,53,57,100,88,42,94,8
16,65,27,100,50,70,33,33,0,3,1,0,50,5,100,4,2
72,64,54,100,24,73,54,36,45,0,0,19,41,53,100,80,8
22,76,54,100,62,58,39,20,0,0,13,24,57,27,100,23,2
19,86,0,47,5,4,50,0,90,29,100,70,68,100,35,75,0
0,82,28,100,62,87,54,54,27,28,22,10,61,4,100,0,2
0,95,43,100,89,91,59,68,82,45,100,22,55,7,1,0,3
16,96,0,59,34,22,100,30,74,77,49,100,46,50,40,0,4
5,96,72,100,69,74,51,37,49,0,0,27,48,36,100,39,7
0,100,7,77,10,45,66,34,100,57,96,63,79,31,75,0,4
29,94,2,59,0,17,47,0,90,25,100,66,71,100,19,98,0
59,79,40,99,0,62,1,14,59,0,100,35,80,80,21,100,0
0,63,29,83,67,100,100,97,84,72,61,48,40,23,19,0,1
9,91,56,100,100,87,80,43,57,0,0,22,24,34,95,36,7
67,100,47,59,0,31,5,34,69,40,100,63,72,41,57,0,4
15,81,54,100,91,81,43,55,44,49,100,32,66,3,0,0,3
100,100,60,94,33,62,22,29,47,0,98,12,58,35,0,27,6
30,83,8,43,19,3,71,0,100,36,87,78,39,100,0,73,0
0,71,46,84,100,100,92,83,70,62,46,41,22,21,11,0,1
36,100,65,90,66,59,48,28,25,0,0,28,47,36,100,37,7
32,100,18,63,52,30,23,0,0,37,8,79,52,94,100,99,5
0,91,39,100,72,90,79,69,92,50,100,31,89,12,52,0,3
100,100,77,76,49,53,26,30,20,6,77,0,51,17,0,10,6
0,84,36,100,53,79,28,50,7,22,27,0,76,5,100,14,2
30,82,52,100,100,85,81,53,38,28,0,26,56,17,97,0,2
15,100,20,55,76,48,69,0,20,10,0,61,38,95,100,99,5
0,87,22,100,48,97,62,78,64,55,64,32,76,11,100,0,2
79,100,46,82,13,52,0,18,48,0,100,18,58,37,0,27,6
53,100,30,67,59,35,24,0,6,30,0,75,41,99,100,98,5
0,82,23,98,65,100,75,72,53,43,28,16,58,2,100,0,2
6,59,0,24,33,0,74,14,100,46,94,85,53,100,16,79,0
100,100,60,92,20,63,0,30,24,0,83,11,69,41,5,49,6
44,100,0,79,0,49,61,40,100,64,92,61,62,31,34,0,4
0,96,66,100,78,85,63,42,62,0,31,19,34,42,100,44,7
52,83,74,100,74,63,54,28,17,0,0,16,50,22,100,5,2
79,97,0,100,9,73,89,87,100,95,79,63,60,30,57,0,9
61,100,22,71,9,34,33,0,88,4,100,37,50,50,0,30,6
15,100,1,55,0,7,37,0,74,24,100,62,80,99,39,95,0
40,100,6,66,0,11,41,0,81,19,100,65,60,87,19,77,0
0,43,32,58,67,79,100,100,89,76,76,51,63,25,59,0,1
41,90,62,100,29,74,2,47,0,22,64,33,100,28,88,0,4
96,100,60,82,18,54,0,33,63,26,99,49,94,34,100,0,4
0,100,34,94,70,90,100,85,78,64,57,41,42,15,43,0,7
10,100,0,76,21,48,81,52,100,73,88,65,86,32,88,0,4
0,57,33,76,58,100,78,99,78,74,78,49,83,24,100,0,1
100,100,58,90,25,68,4,44,0,20,35,0,60,18,7,34,6
76,91,85,67,100,100,32,83,94,70,94,53,73,4,0,0,9
0,89,15,100,56,97,39,64,12,33,12,2,57,0,100,11,2
27,100,16,71,0,36,27,21,100,25,91,49,54,34,56,0,4
98,100,50,76,20,42,21,5,77,0,100,34,45,37,0,10,6
21,100,4,74,0,30,32,0,81,20,100,59,76,96,25,90,0
53,94,100,100,60,90,28,65,42,52,72,35,46,7,0,0,5
0,86,38,100,84,95,82,69,75,43,100,19,68,0,22,2,3
0,76,28,100,48,75,34,43,11,13,16,0,57,3,100,3,2
15,70,20,32,54,0,96,24,100,66,68,100,16,92,0,52,0
33,76,48,100,100,97,74,50,44,4,77,0,39,40,0,79,8
100,72,77,100,20,74,71,56,94,81,95,39,65,0,0,0,9
0,56,44,88,67,100,68,54,70,7,11,1,37,0,100,3,1
16,100,9,84,0,59,30,40,86,49,100,47,75,24,63,0,4
15,73,48,100,64,77,38,43,8,11,0,21,48,15,100,0,2
0,61,28,82,48,100,50,62,46,25,9,0,48,2,100,4,1
72,100,32,80,9,49,13,16,59,0,100,24,59,41,0,31,6
0,52,40,76,80,100,100,91,100,66,91,40,80,15,54,0,1
100,100,71,80,42,59,18,38,0,14,23,0,52,19,22,32,6
0,59,77,74,100,100,17,93,7,71,82,68,45,35,20,0,9
34,100,34,76,0,49,58,47,100,57,100,56,90,26,82,0,4
0,68,8,100,33,90,37,50,25,11,45,0,72,6,100,13,2
82,90,39,100,25,64,75,80,100,83,91,43,58,9,0,0,9
24,77,18,34,46,0,89,20,100,62,78,100,31,90,0,55,0
29,87,66,100,100,97,74,76,69,52,72,29,38,12,0,0,3
19,79,53,100,91,92,83,65,93,45,100,22,54,6,0,0,3
37,83,63,100,83,74,62,47,30,24,0,0,50,2,100,4,2
0,77,40,95,87,100,100,73,71,47,34,25,17,0,67,1,2
78,100,43,92,0,73,14,54,83,55,100,43,63,22,29,0,4
0,86,35,67,98,33,81,0,24,22,74,60,100,100,15,99,8
23,88,0,47,20,7,66,0,100,29,91,76,52,100,12,78,0
97,94,58,100,30,76,67,58,100,35,84,4,37,0,0,15,5
100,100,43,84,12,58,0,31,17,5,91,0,98,15,21,11,6
36,81,31,54,88,38,58,0,0,8,8,54,38,92,100,100,5
0,84,42,100,59,74,42,45,10,19,1,16,55,16,100,0,2
0,76,35,100,55,100,49,62,44,24,2,0,27,0,100,8,1
46,75,44,100,79,90,56,44,19,6,0,6,50,10,100,0,2
67,100,33,79,6,49,0,16,47,0,100,12,70,29,13,25,6
1,61,11,100,19,66,2,27,0,1,33,0,66,1,100,3,2
27,76,74,75,100,100,30,97,0,75,56,55,81,28,68,0,9
16,100,15,94,6,66,0,38,69,34,95,56,92,28,100,0,4
64,100,15,77,0,45,100,59,84,78,58,90,56,44,67,0,4
0,64,16,100,57,94,37,53,0,22,5,18,52,8,100,0,2
34,100,0,78,13,56,68,53,100,71,75,48,49,24,30,0,4
100,100,63,78,28,53,0,27,4,0,60,1,78,22,24,21,6
0,91,40,100,85,91,73,46,62,0,38,3,49,32,100,35,7
49,100,16,63,0,17,36,0,79,22,100,66,63,90,23,69,0
48,81,5,96,53,100,55,68,24,38,0,7,48,0,100,2,2
1,72,39,100,90,92,50,64,52,53,100,35,60,8,0,0,3
16,73,38,100,60,76,40,43,7,16,0,9,50,0,100,1,2
0,71,51,83,92,100,100,90,88,67,81,45,77,22,83,0,1
100,100,59,88,23,59,0,28,19,0,81,9,56,26,3,15,6
7,95,54,100,100,95,76,76,49,56,47,32,43,9,0,0,3
13,85,76,100,100,69,74,35,40,1,12,0,0,33,81,37,7
37,75,46,100,69,80,40,44,1,15,0,16,50,7,100,0,2
100,100,61,82,30,58,6,30,0,0,44,2,43,21,2,9,6
22,85,49,100,71,77,45,51,11,30,0,11,51,7,100,0,2
0,92,53,100,78,70,61,34,39,0,6,29,43,39,100,30,7
72,86,42,100,4,67,0,27,45,1,100,14,57,27,12,0,6
89,100,38,83,0,44,2,0,61,2,100,40,100,88,45,98,0
32,82,69,100,74,70,57,49,100,33,94,5,47,0,0,7,3
94,100,50,77,17,49,5,16,50,0,100,14,57,31,0,24,6
69,90,33,100,63,76,70,98,100,61,98,16,51,0,0,10,9
36,78,66,100,83,82,81,59,100,30,82,3,38,0,0,16,3
2,95,64,100,100,78,87,50,51,25,0,6,20,0,89,3,2
0,82,34,100,78,90,49,62,80,49,100,18,62,0,18,13,3
71,71,90,89,36,100,0,79,71,72,100,50,79,25,59,0,9
0,3,28,0,62,18,87,43,100,71,89,100,54,98,78,80,9
13,92,85,100,97,71,68,35,31,0,0,12,25,34,100,30,7
100,100,71,94,38,70,11,42,0,13,40,0,51,26,5,23,6
2,37,8,25,42,0,89,17,100,59,73,96,23,100,0,62,0
52,98,69,67,78,28,13,0,0,26,54,58,100,93,54,100,8
11,68,44,100,50,88,36,46,24,5,0,5,50,1,100,0,1
36,86,30,70,78,35,55,0,0,21,62,53,100,89,9,100,8
75,82,28,100,0,67,77,36,100,0,16,15,40,55,84,92,8
0,39,39,59,80,82,100,100,74,76,52,51,37,25,33,0,1
100,100,79,92,36,73,4,51,52,49,54,46,24,24,0,0,4
4,100,36,99,44,59,39,20,29,0,0,31,49,39,100,42,7
20,75,0,45,29,11,69,0,100,26,90,73,56,100,17,94,0
80,100,60,76,26,52,0,28,46,11,97,29,100,24,100,0,4
33,85,25,50,37,14,0,0,6,39,12,75,56,87,100,100,5
100,100,52,83,17,52,2,18,40,0,81,23,55,47,0,38,6
0,51,25,74,49,100,49,81,52,54,56,28,68,2,100,0,1
76,85,0,100,16,63,81,31,69,0,6,25,34,64,100,95,8
76,76,48,100,0,80,37,58,100,74,84,57,46,29,19,0,9
53,96,91,100,41,87,47,64,92,47,100,22,55,4,0,0,5
45,87,56,67,51,25,0,0,5,35,53,68,100,100,47,98,8
27,100,6,95,0,42,30,0,79,4,100,51,74,96,24,98,0
10,89,56,100,76,61,65,16,37,0,0,31,50,30,100,30,7
93,100,60,90,0,55,82,50,100,78,90,86,80,41,71,0,4
100,100,50,91,19,66,0,40,0,13,48,0,94,15,44,21,6
0,79,24,100,62,84,66,53,56,22,43,0,49,24,100,22,7
72,97,64,54,69,0,0,13,28,50,100,73,96,100,19,90,8
10,87,58,100,92,84,64,58,62,36,100,17,55,0,0,1,3
34,96,46,53,36,12,0,0,2,47,28,77,63,92,100,100,5
100,100,47,82,13,57,0,31,8,6,92,0,97,20,5,27,6
15,90,58,100,100,92,71,72,53,51,66,28,48,7,0,0,3
20,100,6,79,0,49,65,43,100,66,86,59,70,29,52,0,4
14,99,8,54,73,46,44,0,0,17,1,81,44,99,100,100,5
17,82,50,100,86,86,56,57,97,46,100,17,51,0,0,6,3
75,75,38,100,12,64,88,31,89,0,0,20,29,62,100,96,8
43,100,0,74,15,46,100,43,95,69,72,74,67,37,64,0,4
0,100,8,74,95,80,62,96,16,78,100,64,85,28,58,0,9
24,100,77,93,100,72,71,48,46,23,28,0,0,24,31,35,7
32,65,44,100,89,80,81,39,46,5,0,1,48,24,100,0,2
26,70,19,25,57,0,95,21,100,68,69,100,24,88,0,48,0
100,97,23,100,14,67,65,34,43,0,0,26,39,62,93,96,8
20,85,0,61,18,22,50,0,86,11,100,51,79,87,45,100,0
62,100,27,82,0,51,2,19,51,0,100,18,62,40,20,22,6
76,100,23,90,41,60,92,76,100,79,93,42,56,13,0,0,9
0,81,29,100,61,87,56,49,34,17,35,0,69,2,100,5,2
0,86,52,100,100,80,99,36,65,0,26,3,34,38,90,49,7
8,91,63,100,100,82,79,55,42,31,0,11,37,1,100,0,2
56,100,34,83,0,63,23,48,77,39,100,42,68,22,48,0,4
0,42,44,64,74,87,100,100,79,75,67,50,59,25,56,0,1
16,100,0,68,5,36,57,25,100,35,78,61,47,33,34,0,4
40,100,11,66,0,22,35,0,78,16,100,55,83,95,39,99,0
11,75,4,45,21,1,81,0,100,43,88,87,29,100,0,67,0
0,84,3,73,30,98,100,100,90,79,73,48,61,16,59,0,7
0,91,42,100,63,76,53,38,54,0,40,4,48,29,100,36,7
14,81,0,41,34,0,87,3,100,56,70,100,20,99,7,49,0
55,100,15,89,0,39,23,0,69,6,100,44,90,92,47,91,0
0,86,28,100,59,93,57,66,38,40,34,13,66,4,100,0,2
49,86,50,100,100,96,81,66,82,40,87,9,38,0,0,22,3
5,73,48,68,100,100,27,88,0,59,76,71,72,42,53,0,9
0,100,60,100,100,92,62,58,42,16,41,0,22,41,84,45,7
0,92,48,100,68,67,64,33,48,0,9,24,39,49,100,58,7
36,82,32,63,67,33,37,0,0,12,26,54,50,94,100,100,5
7,89,0,45,16,5,51,0,84,20,100,61,84,100,50,98,0
44,100,21,72,0,42,35,20,100,20,99,51,78,29,58,0,4
49,100,0,79,9,49,100,50,86,78,49,86,44,43,48,0,4
83,31,100,71,67,100,24,87,0,46,8,0,51,0,82,36,0
86,100,34,98,0,62,9,22,57,0,100,25,94,66,51,94,0
0,54,38,77,82,100,76,88,65,63,70,38,70,13,100,0,1
0,59,39,78,75,100,100,98,83,74,69,49,56,25,61,0,1
0,98,66,100,64,66,32,34,2,0,47,20,100,47,28,50,7
0,92,42,97,86,100,72,54,60,0,40,0,56,22,100,21,7
59,100,9,64,0,23,61,17,100,28,73,82,57,60,50,0,4
82,100,64,89,31,67,0,45,62,37,100,46,78,23,71,0,4
26,100,0,70,44,54,100,53,77,78,46,69,36,34,28,0,4
0,63,23,93,78,100,89,69,54,41,11,16,41,4,100,0,2
0,65,43,81,84,100,100,92,90,69,80,46,73,22,53,0,1
45,93,24,62,100,89,24,100,25,51,97,91,77,32,0,0,9
0,100,1,58,20,17,58,0,94,19,100,64,69,92,28,90,0
56,100,38,69,0,41,44,38,100,40,95,68,80,34,74,0,4
83,100,0,91,11,65,89,76,100,95,83,65,62,33,46,0,9
14,100,14,87,0,59,11,35,100,40,97,54,83,27,100,0,4
94,100,53,75,11,52,0,41,52,38,99,43,100,38,91,0,4
0,39,33,59,67,79,100,100,100,88,81,59,65,30,53,0,1
58,100,0,85,51,50,79,11,14,0,44,39,100,71,51,83,8
100,100,96,99,84,82,69,65,51,49,35,32,18,15,0,0,1
0,83,31,100,48,74,28,42,3,14,27,0,66,1,100,4,2
27,70,37,100,72,87,63,48,35,16,0,10,50,10,100,0,2
2,100,53,99,63,66,42,33,18,0,0,22,38,37,100,41,7
0,80,43,100,89,83,80,50,63,17,47,0,30,26,100,30,7
7,89,52,100,81,82,46,59,55,37,100,18,56,3,0,0,3
15,72,47,100,88,89,52,60,75,35,100,7,50,0,0,11,3
38,96,40,57,61,16,5,0,0,36,50,68,100,100,56,96,8
100,95,0,78,93,59,81,100,62,44,2,5,96,0,48,48,8
52,98,100,100,100,80,63,61,93,40,96,16,51,3,0,0,3
47,100,19,81,0,58,19,39,61,38,100,42,82,23,62,0,4
67,92,32,87,0,44,72,50,100,62,63,100,62,48,59,0,4
14,93,0,54,52,31,24,0,2,29,4,78,44,96,100,100,5
50,100,27,77,0,45,41,30,100,40,84,67,63,33,46,0,4
57,100,22,72,0,31,25,0,75,13,100,50,75,87,26,85,0
0,70,46,81,100,100,88,88,81,66,77,43,68,22,63,0,1
0,100,45,95,100,89,87,48,62,9,38,0,29,37,87,40,7
100,79,81,100,41,79,62,59,93,64,80,27,46,0,0,0,9
37,71,79,71,49,100,0,45,25,36,66,0,100,51,10,26,8
0,56,15,73,65,94,100,100,91,75,82,50,79,25,94,0,1
0,78,26,94,95,100,100,82,57,61,62,37,57,14,0,0,3
19,91,18,50,88,50,88,5,24,0,0,51,29,91,100,100,5
100,100,70,81,38,56,14,27,32,0,86,7,53,22,0,16,6
50,100,20,60,32,13,84,0,100,45,79,90,25,98,0,56,0
0,91,45,100,87,92,61,45,30,0,22,4,40,39,100,38,7
16,100,24,89,9,55,0,21,63,19,97,42,95,27,100,0,4
23,65,67,85,100,100,87,75,77,49,72,23,46,0,0,0,1
66,100,26,99,42,77,86,95,87,64,100,25,60,0,0,1,9
2,91,80,100,82,67,57,33,28,0,0,17,13,40,100,44,7
20,73,57,44,76,2,0,0,40,40,100,76,77,100,22,65,8
17,100,17,69,60,36,30,0,0,20,0,73,41,91,100,92,5
51,80,56,100,100,93,82,53,45,20,0,0,42,10,94,1,2
34,65,42,37,39,5,0,0,6,35,27,67,61,88,100,100,5
59,88,89,100,100,70,60,53,83,44,84,14,42,0,0,7,3
0,90,45,100,85,88,57,64,69,40,100,17,67,1,17,0,3
42,100,8,77,0,32,30,0,72,7,100,42,81,80,40,81,0
86,59,56,100,0,81,48,42,71,0,11,8,45,52,100,88,8
62,100,0,57,94,71,34,93,26,47,13,0,100,37,8,39,8
72,100,48,88,0,69,17,57,77,46,100,44,63,23,32,0,4
29,95,2,58,44,40,30,0,0,9,16,60,50,91,100,100,5
10,77,54,100,100,78,75,37,36,2,0,0,21,26,89,30,7
100,100,52,83,8,54,0,14,57,0,100,27,58,50,8,43,6
34,100,18,63,63,34,34,0,0,15,14,58,40,93,100,89,5
24,92,68,100,100,83,57,68,80,41,89,14,41,9,0,0,3
34,93,92,100,53,92,0,73,49,61,100,40,86,10,26,0,5
42,100,20,71,100,84,20,97,0,48,14,0,73,24,8,58,8
44,80,74,100,100,79,74,50,84,39,86,12,42,0,0,9,3
26,67,0,38,29,0,81,20,100,66,64,100,17,74,26,28,0
59,94,20,66,58,46,50,2,0,0,21,49,49,96,100,100,5
33,83,1,71,0,13,62,0,100,48,73,100,16,77,8,20,0
30,78,41,100,100,83,59,62,40,56,85,30,62,0,0,9,3
100,86,90,100,49,71,16,38,15,0,68,4,53,37,0,27,6
73,100,26,72,0,43,84,37,100,56,76,65,65,33,66,0,4
58,100,0,89,44,53,100,21,63,0,62,36,87,80,25,91,8
11,82,59,100,83,74,41,50,67,45,100,20,60,0,0,11,3
100,100,55,98,17,83,0,52,43,61,65,37,44,7,4,0,5
0,93,49,100,88,89,78,68,57,49,41,28,51,9,100,0,2
37,55,41,86,100,100,97,71,83,53,96,23,49,0,0,9,3
0,80,35,100,75,96,59,62,100,56,99,22,64,0,24,6,3
12,97,56,100,97,87,100,63,95,39,82,10,41,0,0,12,3
100,100,57,83,24,57,3,27,25,0,78,6,54,23,0,17,6
53,87,32,47,98,64,69,100,58,69,100,61,71,3,0,0,9
8,81,48,100,98,90,77,63,100,28,86,0,35,9,0,35,3
0,97,63,100,87,75,73,32,63,0,8,26,29,39,100,39,7
26,100,0,75,2,47,61,41,100,63,93,56,84,27,75,0,4
99,100,54,77,26,52,17,23,51,0,100,14,61,35,0,27,6
40,83,81,46,79,7,5,0,51,35,100,71,72,100,0,77,8
38,63,74,100,11,86,34,43,67,0,0,7,27,48,100,76,8
100,100,4,85,92,59,99,21,11,0,0,32,73,62,49,86,8
0,73,28,100,68,87,69,44,63,1,45,0,54,23,100,32,7
54,71,92,76,69,100,65,77,100,55,83,23,43,7,0,0,9
16,71,20,100,52,81,36,49,5,22,0,2,50,3,100,0,2
0,43,19,64,56,82,93,100,100,86,75,58,49,30,31,0,1
0,97,43,96,87,100,100,93,70,73,42,51,19,26,17,0,7
45,100,0,93,33,74,53,80,70,45,100,15,63,0,10,2,9
78,72,60,100,0,72,56,37,100,0,31,3,57,43,95,83,8
43,100,10,76,0,47,10,18,53,0,100,12,86,36,33,38,6
61,100,23,76,0,38,15,0,75,11,100,48,73,85,14,91,0
58,85,14,54,35,2,100,58,65,100,21,48,60,64,0,0,0
100,100,48,85,15,57,0,25,29,0,84,11,65,30,38,9,6
43,81,72,100,100,78,77,49,41,25,0,5,39,0,93,2,2
46,92,45,62,38,22,0,0,9,39,57,70,100,100,27,98,8
70,100,72,97,45,57,39,13,91,0,100,39,41,44,0,11,6
97,100,77,99,31,68,0,34,14,0,100,2,94,32,14,24,6
17,99,30,100,0,53,14,4,83,0,100,46,28,55,6,13,6
12,87,0,77,35,97,100,100,98,78,81,43,73,6,72,0,7
72,57,100,85,41,100,11,68,78,69,85,52,69,15,0,0,9
24,97,28,66,80,41,71,0,0,9,7,51,26,92,100,100,5
0,79,39,85,100,100,95,92,80,69,73,46,63,23,59,0,1
29,62,52,100,50,95,52,54,52,12,0,0,45,4,100,5,1
76,100,31,87,1,52,0,14,61,0,100,27,50,42,1,21,6
0,96,46,100,73,68,61,34,34,0,4,1,28,23,100,30,7
0,91,51,100,84,82,51,43,25,0,1,16,39,40,100,41,7
38,100,20,77,0,55,4,31,60,29,100,46,79,23,63,0,4
74,100,26,78,0,48,2,16,56,0,100,20,56,40,9,25,6
22,100,2,84,0,67,31,55,67,47,97,35,100,17,93,0,4
31,89,0,55,14,12,64,0,100,29,94,72,53,100,3,91,0
0,94,56,100,59,78,44,39,36,0,15,25,44,38,100,42,7
33,100,0,66,28,40,55,12,1,0,10,46,44,84,100,92,5
20,100,4,86,0,66,2,46,37,29,100,38,72,20,70,0,4
88,99,45,82,78,75,90,100,100,68,93,36,59,9,0,0,9
6,95,88,100,34,98,6,74,43,62,100,38,75,0,0,13,5
69,100,35,94,12,59,9,23,55,0,100,20,38,28,0,2,6
33,93,84,100,90,78,46,59,94,47,100,18,56,1,0,0,3
100,98,66,100,30,90,17,60,48,48,64,17,34,0,0,6,5
0,85,34,100,68,86,61,55,31,31,20,9,61,4,100,0,2
25,84,56,54,47,17,5,0,0,35,10,72,52,90,100,100,5
100,100,85,86,60,62,41,36,29,9,58,0,46,21,0,21,6
100,100,78,86,60,72,44,58,33,44,18,29,7,14,0,0,1
16,89,50,100,71,67,45,35,0,19,10,30,57,19,100,0,2
16,71,29,100,61,81,52,44,24,12,0,2,50,5,100,0,2
46,90,70,87,16,80,0,94,54,100,100,82,94,39,70,0,9
90,66,49,100,0,72,67,40,100,0,25,11,34,55,84,93,8
93,100,47,90,9,61,0,27,35,0,100,4,84,31,18,27,6
0,95,30,100,55,80,34,52,6,27,21,5,67,0,100,3,2
0,40,38,60,74,80,100,100,76,76,55,50,38,25,22,0,1
0,100,36,95,42,47,38,0,2,19,1,47,50,57,100,63,7
45,76,57,100,100,94,80,67,87,44,82,16,41,0,0,14,3
0,95,37,99,77,100,100,74,98,37,95,0,70,13,77,31,7
9,96,72,100,96,77,41,59,57,46,100,23,68,0,0,5,3
71,92,48,62,100,82,59,100,87,75,87,47,55,0,0,5,9
7,56,36,89,45,100,42,60,38,20,0,0,48,5,100,5,1
13,74,0,44,31,0,86,4,100,55,67,100,18,84,23,30,0
44,100,19,82,0,59,47,48,100,59,80,46,54,24,41,0,4
25,95,18,52,59,29,22,0,0,16,18,66,52,99,100,100,5
100,100,53,89,19,63,0,31,13,0,63,1,75,29,29,43,6
89,79,23,71,70,30,36,0,0,26,72,63,100,100,2,76,8
55,100,22,77,2,47,0,16,46,0,100,10,80,30,31,16,6
5,84,40,100,79,82,26,62,56,46,100,22,65,0,0,8,3
44,95,23,49,22,0,68,4,100,45,100,94,47,100,0,75,0
43,97,0,74,74,79,57,100,47,85,100,54,88,16,16,0,9
16,69,8,28,43,0,87,23,100,64,75,100,25,94,0,57,0
100,100,48,81,14,53,0,24,35,0,97,12,43,29,4,16,6
100,100,70,86,53,72,37,58,20,43,10,29,0,14,13,0,1
43,99,84,100,80,77,70,59,100,37,80,11,39,0,0,3,3
14,99,16,67,67,33,74,0,0,17,44,48,100,77,39,100,8
0,85,22,100,53,83,45,55,21,31,15,6,57,1,100,0,2
38,100,4,76,0,46,70,41,100,64,86,62,66,31,54,0,4
100,79,52,100,0,78,25,50,83,68,99,77,83,38,62,0,9
2,75,36,100,87,93,58,62,94,49,100,19,50,0,0,16,3
30,100,23,69,66,33,59,0,19,27,0,67,8,100,100,97,5
19,78,40,100,54,75,31,45,0,19,26,9,62,0,100,13,2
100,100,45,91,7,63,0,30,33,1,89,0,63,28,7,31,6
0,94,22,100,71,94,70,51,61,0,42,9,52,32,100,20,7
20,88,67,100,100,92,69,72,62,49,80,26,51,7,0,0,3
45,77,74,100,100,87,74,58,81,40,74,6,37,0,0,11,3
32,91,11,68,0,23,42,0,85,27,100,71,66,100,20,75,0
100,100,29,88,45,52,79,16,16,0,0,33,42,68,44,98,8
100,100,60,82,33,58,14,31,11,3,50,0,46,19,0,8,6
31,85,51,100,78,80,64,63,100,41,84,11,41,0,0,10,3
60,47,100,69,95,100,38,98,0,73,33,49,82,32,68,0,9
20,78,75,75,100,100,0,93,35,77,97,64,82,32,65,0,9
0,72,23,81,67,100,100,99,94,75,87,49,83,25,75,0,1
10,61,35,100,69,88,41,46,0,13,10,28,53,0,100,23,2
0,96,53,100,95,71,85,28,54,0,4,20,43,31,100,37,7
52,86,60,50,50,14,0,0,27,32,73,61,100,94,40,100,8
100,100,62,98,28,83,48,57,78,35,67,11,29,4,0,0,5
39,68,67,100,74,78,78,38,86,0,100,4,39,7,0,14,1
0,73,27,97,90,100,86,73,66,49,100,25,68,0,31,9,3
43,100,25,88,0,58,23,34,93,53,100,53,75,24,68,0,4
0,75,20,100,49,94,42,58,28,25,38,0,70,4,100,12,2
27,100,15,67,0,29,40,17,100,17,97,39,67,37,62,0,4
15,97,0,76,33,46,95,59,100,100,83,83,87,41,97,0,4
100,100,46,89,13,64,0,34,25,7,80,0,80,24,26,26,6
0,87,65,67,100,32,78,0,40,30,60,66,80,100,4,94,8
54,92,90,100,100,95,63,89,33,66,52,33,32,2,0,0,5
0,35,44,64,61,100,61,48,31,10,0,0,54,2,100,1,1
57,100,10,87,0,53,52,39,95,58,100,68,87,35,84,0,4
100,100,46,80,14,53,0,25,27,0,100,7,78,28,3,21,6
27,100,19,89,0,65,43,53,100,55,78,44,46,24,30,0,4
100,100,59,85,89,80,84,60,82,36,92,13,52,1,0,0,9
67,97,19,74,0,30,34,0,79,32,100,76,58,100,10,73,0
0,88,57,100,78,75,60,37,42,0,21,3,35,27,100,32,7
0,90,3,41,31,0,76,16,100,61,70,100,25,87,14,38,0
58,95,36,68,62,29,34,0,0,19,8,64,45,91,100,100,5
27,100,2,56,12,8,62,0,100,33,94,79,46,94,0,72,0
0,95,31,100,78,97,54,47,23,0,17,5,44,39,100,48,7
80,84,11,100,19,64,100,35,88,0,0,15,42,52,99,88,8
19,100,0,78,23,50,100,55,84,79,64,68,60,34,57,0,4
18,82,0,38,23,0,70,6,100,41,85,83,39,100,4,74,0
29,76,45,100,100,90,75,63,43,40,98,24,63,4,0,0,3
39,96,4,61,0,18,49,0,96,26,100,70,61,100,5,88,0
0,88,40,100,68,82,56,40,39,0,29,27,58,44,100,56,7
54,100,20,72,0,40,56,35,100,45,72,65,44,34,31,0,4
65,80,59,100,2,75,73,45,100,10,0,0,8,33,78,63,8
17,97,87,100,100,66,72,31,43,0,0,32,32,45,73,45,7
0,67,35,78,71,95,100,100,83,75,67,51,50,26,42,0,1
100,85,58,100,10,97,28,76,77,73,54,53,21,28,0,0,9
9,100,10,91,0,61,0,31,55,24,90,45,88,29,100,0,4
0,81,7,96,58,100,100,100,89,75,77,50,67,25,56,0,7
30,82,64,100,100,84,68,62,62,47,85,23,50,3,0,0,3
100,100,64,80,36,60,12,38,0,16,28,0,74,15,12,10,6
100,100,63,81,34,57,10,30,10,0,48,10,38,37,0,24,6
83,63,48,100,0,76,61,40,82,0,3,9,38,55,100,91,8
7,90,55,100,93,82,79,54,41,31,0,10,40,0,100,0,3
95,100,16,90,0,62,84,68,100,90,80,59,56,29,58,0,9
100,100,53,91,16,58,0,20,49,0,99,24,64,56,5,53,6
22,79,30,53,54,24,32,0,13,42,0,86,49,96,100,100,5
27,73,15,37,41,0,81,7,100,50,78,92,37,100,0,77,0
100,91,53,100,48,69,93,88,93,65,87,24,49,0,0,14,9
45,70,77,35,58,0,0,10,48,42,100,71,84,100,26,81,8
100,100,66,99,23,69,0,35,17,1,94,0,86,30,10,29,6
28,100,28,72,0,39,39,41,100,54,98,60,96,25,91,0,4
29,100,8,62,0,20,41,0,87,19,100,59,60,86,8,89,0
100,100,82,91,64,75,50,59,27,43,14,27,0,11,0,0,1
56,86,100,100,64,92,18,73,48,62,81,38,50,7,0,0,5
100,100,88,99,49,74,17,47,0,16,37,0,73,16,20,20,6
4,96,76,100,60,97,17,79,65,70,100,29,43,0,0,26,5
40,84,79,100,100,78,65,58,87,44,87,25,42,14,0,0,3
100,92,57,100,48,66,53,30,28,0,0,20,34,48,85,61,8
0,98,51,100,67,66,57,26,43,0,6,29,48,43,100,43,7
11,77,84,63,79,100,0,83,56,67,100,56,87,7,1,0,9
30,81,2,67,0,25,33,0,74,26,100,63,88,100,37,89,0
13,100,10,79,0,48,4,19,75,22,87,49,89,29,100,0,4
27,100,0,66,6,28,45,0,100,20,100,57,76,92,21,90,0
18,100,8,53,24,5,69,0,100,39,91,87,45,98,0,79,0
9,65,43,98,52,100,49,60,60,21,0,0,12,4,100,6,1
11,95,46,96,100,100,67,71,35,39,18,0,0,29,39,30,7
42,93,19,88,0,42,24,0,83,11,100,56,75,100,17,97,0
0,93,45,100,87,94,71,48,60,0,39,17,53,40,100,37,7
100,88,100,100,76,73,52,44,40,16,80,0,56,20,0,1,6
0,93,42,100,58,73,35,43,2,20,12,7,55,1,100,0,2
100,100,68,78,39,55,14,32,0,5,34,0,57,23,15,19,6
21,85,57,100,63,71,30,55,85,47,100,15,48,0,0,11,3
38,100,12,86,0,69,6,51,35,40,68,31,91,17,100,0,4
1,92,0,63,36,33,14,0,3,37,5,81,50,96,100,100,5
11,100,45,66,100,33,82,0,16,19,47,53,89,87,0,87,8
0,78,35,100,74,86,42,55,57,31,100,8,58,0,8,8,3
70,100,49,72,100,71,64,97,69,69,86,32,54,2,0,0,9
64,100,34,73,100,39,94,3,0,0,38,38,90,74,76,95,8
0,76,23,100,62,85,41,52,59,47,100,24,71,0,28,16,3
42,85,85,100,100,68,76,32,45,0,50,1,38,40,0,65,8
28,100,33,79,0,49,12,21,71,26,100,54,63,34,48,0,4
0,66,63,77,100,100,80,93,60,69,43,45,37,21,50,0,1
0,94,59,100,99,76,86,37,62,0,29,14,39,35,100,35,7
24,91,0,55,22,3,71,0,100,48,82,100,37,76,1,33,0
32,100,19,74,0,42,44,31,100,44,93,66,85,33,81,0,4
0,84,37,100,82,96,85,67,59,41,31,15,51,0,100,2,2
59,85,84,100,82,79,60,56,100,48,74,28,37,14,0,0,3
0,95,45,100,60,64,43,20,23,0,5,39,52,40,100,36,7
0,46,3,4,43,0,78,24,100,57,92,96,51,100,17,78,0
100,100,63,84,32,55,13,22,43,0,81,17,36,28,0,8,6
90,100,0,86,42,44,53,0,17,15,73,56,100,99,8,99,8
26,81,55,100,69,75,68,62,100,46,78,16,36,0,0,16,3
41,89,29,61,76,47,49,7,0,0,21,46,51,89,100,100,5
0,93,55,63,98,29,72,0,47,27,93,61,100,100,34,99,8
32,87,81,100,85,69,58,41,97,47,100,15,46,0,0,19,3
54,100,18,69,0,30,27,0,72,18,100,54,84,91,34,93,0
0,95,39,100,74,76,82,33,76,0,100,37,59,47,16,48,7
49,78,34,60,30,18,0,0,19,39,57,73,100,100,44,82,8
0,53,40,72,82,95,100,100,68,75,38,51,18,25,10,0,1
29,87,100,100,83,97,10,84,31,63,93,46,66,17,0,0,5
55,94,9,78,56,57,60,4,0,0,4,43,40,93,100,100,5
44,85,100,100,83,85,61,68,44,51,31,34,17,17,0,0,1
0,66,1,64,26,53,63,26,12,0,12,52,33,91,100,100,5
33,76,41,100,57,71,34,37,0,14,25,16,65,0,100,17,2
21,92,85,100,90,67,67,34,49,0,0,26,27,43,100,42,7
56,100,28,72,0,44,54,50,100,69,84,59,59,30,42,0,4
15,85,53,100,78,79,47,53,4,34,0,20,49,9,100,0,2
99,81,62,100,27,81,68,59,100,63,91,21,50,0,0,7,9
41,69,78,60,100,100,37,97,57,69,89,54,66,7,0,0,9
32,75,6,48,0,16,34,0,79,11,100,39,99,70,82,100,0
15,76,35,99,88,100,100,94,71,72,42,49,17,25,0,0,7
29,100,0,66,11,24,52,0,98,14,100,55,61,83,11,85,0
24,86,0,45,17,0,66,2,100,35,88,82,44,100,2,78,0
36,100,7,79,0,45,37,20,83,32,100,66,83,34,77,0,4
47,100,20,69,0,38,53,39,100,49,59,73,53,40,53,0,4
0,77,23,100,67,73,64,36,41,0,6,24,33,44,100,45,7
25,95,0,69,10,34,92,37,100,69,62,100,69,50,70,0,4
8,68,33,100,52,79,31,42,0,14,24,0,64,1,100,19,2
0,95,49,100,83,77,72,38,60,0,42,4,49,28,100,29,7
66,48,100,82,52,100,39,64,79,29,43,0,0,26,59,56,8
14,81,0,40,19,1,65,0,99,30,100,73,65,100,24,81,0
26,79,69,100,92,85,56,56,90,42,100,15,51,0,0,2,3
100,80,55,100,18,75,77,67,93,71,87,35,66,2,0,0,9
47,68,59,100,100,94,81,56,47,23,0,3,45,9,99,0,2
9,97,0,48,22,1,75,0,100,46,87,97,39,100,5,58,0
27,97,71,100,77,79,67,60,100,40,87,12,45,1,0,0,3
35,90,88,100,81,79,44,62,94,44,100,18,54,0,0,8,3
55,96,14,68,0,32,24,0,77,17,100,52,96,89,49,100,0
100,100,56,93,21,63,0,31,19,0,79,6,77,37,17,29,6
0,65,55,81,100,100,89,86,77,65,70,43,62,21,65,0,1
61,74,78,100,100,79,73,52,87,40,87,12,41,0,0,14,3
27,86,70,100,77,77,50,53,96,40,100,19,52,6,0,0,3
31,86,95,100,66,95,10,77,56,63,100,44,62,15,0,0,5
15,75,0,34,24,0,69,10,98,44,100,86,58,100,13,86,0
33,78,66,100,91,86,64,60,100,42,82,10,41,0,0,7,3
51,100,10,75,0,33,31,0,82,6,100,44,75,82,28,90,0
18,68,50,54,100,19,30,0,24,35,84,68,90,100,0,84,8
46,83,87,100,100,79,75,54,90,36,100,13,49,0,0,12,3
20,97,9,89,0,49,66,47,100,70,75,100,71,50,73,0,4
0,73,45,86,90,100,100,90,86,68,73,45,66,23,62,0,1
41,81,48,100,67,71,50,36,0,26,29,19,72,0,100,31,2
0,93,51,100,100,84,75,42,50,0,30,1,36,28,94,29,7
51,91,46,56,29,15,0,0,36,33,72,64,100,100,48,92,8
26,93,61,100,69,74,79,55,100,32,81,8,41,0,0,4,3
0,70,31,94,99,100,100,73,55,46,8,21,19,0,88,1,2
100,89,36,100,19,78,87,80,74,71,100,35,69,8,0,0,9
4,100,0,72,15,44,79,50,100,76,90,51,83,22,85,0,4
19,91,0,60,10,17,55,0,94,26,100,70,67,100,23,81,0
53,60,85,83,48,100,0,79,46,70,100,57,81,28,54,0,9
22,61,54,94,62,100,56,58,51,17,0,4,55,1,100,0,1
34,100,0,77,11,25,56,0,100,17,99,69,52,83,34,45,0
17,70,0,32,24,0,67,14,97,48,100,90,59,100,28,71,0
0,88,37,100,82,90,70,46,68,0,100,3,93,30,46,38,7
40,83,71,100,99,79,66,54,84,44,100,18,56,0,0,3,3
26,87,67,100,80,76,61,48,33,23,0,1,48,0,100,3,2
17,99,7,62,29,25,12,0,0,36,59,68,100,100,15,85,8
0,86,28,100,47,71,23,33,14,0,0,39,48,47,100,52,7
30,69,38,100,82,88,76,53,43,24,0,0,43,6,100,6,2
35,64,64,100,66,85,59,38,100,6,86,6,23,4,0,0,1
86,100,59,92,19,64,0,33,21,2,94,0,100,25,26,20,6
39,76,74,40,83,2,11,0,50,35,100,67,73,100,0,81,8
42,79,67,100,78,79,71,60,100,39,85,10,41,0,0,14,3
22,100,0,80,19,55,73,48,100,68,63,57,41,29,26,0,4
100,92,65,100,39,79,37,49,73,45,69,16,36,0,0,4,5
40,100,12,76,0,33,30,0,82,1,100,39,75,78,30,100,0
39,100,0,61,20,14,71,0,100,37,78,88,29,100,16,49,0
15,100,1,82,0,63,18,47,45,37,75,31,99,18,100,0,4
100,100,55,93,12,66,0,29,30,0,84,15,72,48,10,46,6
11,45,17,6,55,0,88,25,100,61,79,94,38,100,0,84,0
100,94,41,92,94,100,89,64,63,49,100,21,52,0,0,10,3
41,100,0,75,11,49,96,50,100,56,52,70,54,35,57,0,4
23,71,2,49,57,32,23,0,3,25,0,65,34,96,100,100,5
100,100,65,90,32,67,5,40,0,8,40,0,36,27,0,20,6
100,99,62,100,26,78,2,48,0,16,38,0,59,23,20,38,6
0,55,41,82,72,100,66,65,63,29,31,0,33,4,100,5,1
68,93,24,82,28,39,45,3,0,0,8,66,48,99,100,100,5
12,82,34,45,49,0,18,2,0,48,4,89,51,100,100,99,5
100,100,50,81,16,54,5,25,34,0,89,14,70,41,0,49,6
0,98,40,100,78,88,59,42,32,0,28,14,47,41,100,42,7
0,100,55,98,100,80,98,51,80,22,72,0,91,28,71,43,7
95,92,50,100,21,77,74,87,100,86,69,56,37,26,0,0,9
72,89,88,80,71,100,72,85,100,57,87,18,41,0,0,21,9
88,100,26,93,38,69,100,88,93,83,91,51,57,22,0,0,9
14,65,36,100,67,82,50,40,17,6,0,0,50,4,100,2,2
63,77,30,100,0,59,12,13,67,0,100,37,88,83,34,88,0
50,91,78,100,85,74,71,61,100,38,81,10,41,0,0,4,3
54,82,12,67,0,28,34,0,83,8,100,46,73,82,28,100,0
100,100,68,96,37,75,14,51,0,22,21,0,54,10,15,18,6
21,98,27,71,57,35,27,0,6,22,0,60,21,95,100,100,5
27,70,36,100,66,81,57,44,30,10,0,4,48,5,100,0,2
22,55,10,60,0,18,46,0,89,28,100,70,68,100,29,69,0
22,72,34,100,62,73,38,35,0,8,5,0,53,3,100,8,2
