ExternalRiskEstimate,MSinceOldestTradeOpen,MSinceMostRecentTradeOpen,AverageMInFile,NumSatisfactoryTrades,NumTrades60Ever2DerogPubRec,NumTrades90Ever2DerogPubRec,PercentTradesNeverDelq,MSinceMostRecentDelq,MaxDelq2PublicRecLast12M,MaxDelqEver,NumTotalTrades,NumTradesOpeninLast12M,PercentInstallTrades,MSinceMostRecentInqexcl7days,NumInqLast6M,NumInqLast6Mexcl7days,NetFractionRevolvingBurden,NetFractionInstallBurden,NumRevolvingTradesWBalance,NumInstallTradesWBalance,NumBank2NatlTradesWHighUtilization,PercentTradesWBalance,Class
64,176,16,76,9,0,0,78,8,4,6,9,0,78,1,3,3,-8,91,1,3,-8,100,0
79,225,2,111,22,3,1,82,28,6,3,28,1,14,1,1,1,1,-8,1,1,0,30,1
54,137,7,77,3,13,12,43,8,4,2,16,1,43,0,0,0,13,93,1,1,0,67,0
75,134,3,63,28,1,0,97,80,6,5,34,2,21,2,5,5,16,-8,3,1,0,67,1
63,88,3,44,23,1,1,100,-7,6,8,23,2,57,1,3,3,99,83,5,5,3,91,0
84,345,14,94,42,0,0,95,34,6,6,43,0,9,0,1,1,2,74,2,1,0,17,0
80,208,2,94,17,0,0,100,-7,7,8,19,2,37,0,1,1,49,32,4,2,1,100,1
88,274,11,105,11,0,0,100,-7,7,8,11,1,18,0,0,0,27,1,3,1,0,67,0
61,132,8,69,3,1,1,80,12,6,2,5,2,100,0,0,0,-8,94,-8,2,-8,100,0
81,194,11,91,17,0,0,100,-7,7,8,17,1,41,3,2,2,79,50,1,1,1,100,1
70,187,13,51,31,0,0,100,-7,7,8,31,0,61,0,6,6,41,71,2,6,1,62,0
69,82,7,46,33,0,0,100,-7,7,8,34,3,32,0,0,0,46,81,7,4,2,73,1
80,192,5,66,52,0,0,100,-7,7,8,52,4,8,4,1,1,3,-8,4,1,1,16,1
76,145,16,90,5,1,1,86,60,6,4,7,0,29,0,0,0,0,22,1,1,-8,67,0
69,158,3,53,24,2,0,92,-8,6,5,4,4,23,0,2,2,40,55,8,2,1,63,0
88,145,5,86,23,0,0,100,-7,7,8,24,1,54,0,1,1,6,96,2,2,0,50,1
63,234,25,159,8,2,1,43,23,6,2,14,0,14,0,0,0,33,-8,1,-8,1,33,0
55,378,15,103,22,2,2,75,1,0,2,26,0,29,-7,3,2,40,73,5,3,1,67,0
74,151,10,58,24,0,0,96,80,6,6,24,2,33,0,0,0,55,62,4,2,2,58,0
80,94,8,48,8,0,0,90,12,6,6,10,1,20,3,2,2,33,-8,2,-8,0,50,1
76,150,11,54,14,0,0,100,-7,7,8,15,1,40,0,0,0,32,96,4,2,0,75,0
65,519,7,87,22,0,0,92,8,4,6,24,1,33,1,2,2,65,-8,4,1,1,83,0
69,126,2,48,20,0,0,100,-7,7,8,21,2,43,0,1,1,79,73,5,3,3,67,0
83,187,13,99,12,0,0,92,6,4,6,22,0,17,22,0,0,23,-8,1,1,0,50,1
89,378,7,141,21,0,0,100,-7,7,8,10,1,24,15,0,0,2,6,1,2,0,23,1
86,160,7,129,14,0,0,100,-7,7,8,14,1,64,6,0,0,2,91,2,1,0,100,1
50,243,5,106,21,1,0,86,1,3,5,22,2,14,1,2,2,79,-8,9,1,6,92,1
86,423,10,103,29,0,0,100,-7,7,8,20,1,16,0,1,1,10,56,7,3,0,50,1
70,37,4,20,19,0,0,100,-7,7,8,20,2,20,0,3,3,42,73,2,2,1,50,0
68,123,20,44,7,0,0,86,10,6,6,7,0,29,1,1,1,26,72,2,2,0,80,1
69,198,12,100,18,0,0,89,18,6,6,18,0,61,0,1,1,54,89,4,2,1,100,0
66,54,6,28,10,1,1,100,-7,7,8,10,1,50,-7,2,2,74,57,3,2,1,83,0
70,276,3,83,16,1,0,94,48,6,5,17,2,65,-8,0,0,65,96,4,2,0,86,1
72,290,0,59,21,2,2,92,26,6,6,26,5,35,0,10,9,2,82,4,6,0,58,0
86,234,4,63,13,0,0,100,-7,7,8,13,2,38,0,2,0,0,67,1,2,0,38,0
63,325,3,92,29,0,0,93,12,6,6,30,2,52,-7,2,2,63,65,8,4,3,75,1
88,254,7,102,21,0,0,100,-7,7,8,24,1,54,0,0,0,0,8,3,2,0,100,0
50,239,10,76,21,4,3,72,2,0,2,9,2,36,0,2,2,58,94,5,3,0,80,0
88,354,17,117,21,0,0,100,-7,7,8,21,0,62,-7,0,0,15,-8,2,3,0,71,1
85,141,15,77,25,0,0,96,30,6,6,32,0,12,11,0,0,1,-8,3,1,0,50,1
82,247,21,99,28,0,0,100,-7,7,8,32,0,32,15,0,0,20,30,5,3,1,67,1
58,199,37,83,23,0,0,78,6,4,6,23,0,17,0,0,0,98,2,12,2,8,93,1
59,182,7,105,11,7,3,53,8,4,5,20,2,65,0,0,0,31,92,2,3,0,100,0
85,178,2,74,19,0,0,100,-7,7,8,20,2,25,-8,0,0,6,100,4,2,0,55,1
67,134,13,61,17,0,0,94,20,6,6,17,0,35,0,1,1,22,70,4,5,2,82,0
68,-8,8,45,28,0,0,93,24,6,6,32,3,13,4,1,1,26,83,8,2,2,63,0
88,232,5,92,10,0,0,100,-7,7,8,12,1,70,-8,0,0,0,83,0,3,0,60,1
85,317,21,97,15,0,0,100,-7,7,8,31,0,27,-7,1,1,5,-8,3,-8,1,60,1
80,121,2,81,31,0,0,94,30,6,6,13,4,28,9,0,0,2,89,2,3,0,43,1
88,74,2,120,23,0,0,100,-7,7,8,13,2,25,3,1,1,2,61,3,1,0,56,1
65,80,2,45,31,2,1,81,18,6,4,38,8,27,-7,3,3,8,98,1,3,-8,29,0
65,243,2,77,26,1,0,90,7,4,5,30,3,57,0,6,6,72,100,2,4,-8,86,0
67,87,12,44,20,0,0,90,11,4,6,20,0,35,0,1,1,31,73,3,3,1,60,0
70,70,7,39,6,0,0,100,-7,7,8,6,2,17,0,0,0,96,-8,3,-8,3,75,0
56,82,8,39,6,1,1,86,47,0,6,8,2,71,0,1,1,118,72,1,2,-8,100,0
72,220,7,91,36,0,0,100,-7,7,8,36,4,22,0,1,1,44,86,7,2,2,56,0
88,236,8,91,9,0,0,100,-7,7,8,10,2,40,0,0,0,0,-8,0,2,-8,33,1
67,189,13,111,8,4,4,70,68,6,3,10,0,50,0,1,1,97,-8,1,1,1,100,0
81,151,2,68,51,0,0,100,-7,7,8,53,4,17,3,4,3,11,-8,3,1,1,31,1
62,173,14,86,14,0,0,86,5,4,6,15,0,50,-7,0,0,74,1,3,2,3,71,1
61,395,30,103,8,0,0,73,2,4,6,11,0,18,-8,0,0,79,-8,5,-8,2,100,0
84,217,5,90,17,1,0,95,53,6,5,19,1,47,-8,0,0,3,-8,3,2,0,71,1
68,252,21,114,15,1,0,88,5,4,5,17,0,53,-7,0,0,23,-8,2,3,0,83,1
64,325,15,113,37,1,1,98,46,6,6,37,0,28,0,1,1,21,32,3,2,1,31,1
55,134,68,97,5,1,1,67,7,0,6,6,0,50,1,1,1,0,-8,0,1,-8,33,1
57,225,13,133,24,5,3,71,8,3,2,28,0,36,-7,0,0,94,36,5,3,-8,90,0
77,127,2,62,11,0,0,100,-7,7,8,10,1,25,-7,3,3,28,43,3,2,1,83,0
84,-8,6,62,23,0,0,100,-7,7,8,0,1,9,0,6,6,0,98,0,2,0,29,1
77,258,4,103,26,0,0,100,-7,7,8,27,1,33,8,0,0,31,89,7,3,1,83,1
71,132,9,63,29,0,0,90,2,4,6,31,1,58,0,2,2,23,82,1,4,0,71,0
73,223,23,99,22,0,0,91,9,4,6,23,0,35,4,1,1,6,65,6,2,0,80,1
82,306,17,71,7,0,0,100,-7,7,8,21,0,43,5,0,0,39,-8,2,1,0,75,1
59,52,13,30,10,1,0,73,7,3,5,11,0,45,0,1,1,46,122,1,4,-8,56,0
66,138,6,75,42,0,0,100,-7,5,8,46,2,46,0,1,1,89,92,6,2,2,100,0
81,158,7,78,14,0,0,100,-7,7,8,15,2,21,7,0,0,15,83,2,3,0,63,1
91,412,8,102,18,0,0,100,-7,7,8,19,1,42,5,1,1,4,-8,2,1,0,43,1
79,322,1,92,27,0,0,100,-7,7,8,30,3,20,1,2,2,18,101,6,3,1,56,1
80,193,5,61,38,0,0,95,17,5,6,43,1,16,0,1,1,34,-8,6,1,0,64,1
62,-8,9,42,10,2,1,83,5,3,5,12,2,33,1,1,1,14,90,4,1,1,63,0
92,-8,37,103,19,0,0,100,-7,7,8,0,0,26,0,1,1,0,-8,0,-8,0,0,1
68,181,6,98,2,1,1,67,66,6,3,3,1,100,-7,0,0,-8,-8,-8,1,-8,100,0
66,283,3,95,16,0,0,75,11,4,6,16,2,38,3,4,4,34,-8,3,1,1,57,0
68,259,20,111,13,2,2,71,9,4,3,15,0,29,-8,0,0,4,-8,1,-8,0,33,1
86,12,9,62,6,0,0,100,-7,7,8,2,1,0,1,1,1,7,-8,1,-8,0,25,1
64,31,3,14,6,0,0,100,-7,7,8,6,2,17,0,2,2,68,-8,5,1,1,100,1
74,63,4,41,12,0,0,100,-7,7,8,12,3,42,0,3,3,26,80,3,3,0,75,1
72,183,7,63,15,0,0,100,-7,7,8,15,1,40,0,4,4,61,62,2,1,1,38,0
68,75,4,39,31,1,1,100,-7,7,8,32,4,23,0,1,1,13,87,6,3,1,50,1
84,246,1,69,20,0,0,100,-7,7,8,21,1,33,0,2,2,8,13,4,2,0,60,0
66,202,6,91,36,2,1,90,8,4,5,42,2,69,0,1,1,81,75,4,6,1,100,0
81,117,6,54,14,0,0,93,31,6,6,14,3,21,-7,0,0,2,-8,2,1,0,43,0
71,200,3,83,20,0,0,95,16,6,6,20,1,25,-7,0,0,53,62,7,3,1,71,0
66,76,2,42,6,1,1,100,-7,6,8,8,2,38,0,2,2,48,95,2,2,0,80,0
72,120,5,46,38,0,0,100,-7,7,8,38,5,24,0,2,2,59,78,5,4,4,56,1
62,275,6,99,21,1,1,91,12,6,6,22,1,55,15,0,0,87,71,6,5,5,92,0
51,204,2,71,30,2,2,94,1,4,6,35,6,47,0,4,3,94,51,5,6,5,86,0
72,262,10,91,45,0,0,98,48,6,6,51,3,18,0,6,6,62,-8,6,-8,3,67,1
83,215,8,123,20,0,0,100,-7,7,8,7,1,15,1,2,2,7,-8,3,1,0,40,1
80,368,10,111,25,0,0,96,-8,6,6,28,1,11,0,0,0,31,-8,3,1,2,44,1
74,151,13,66,45,0,0,100,-7,7,8,46,0,9,0,0,0,19,-8,7,1,3,50,1
70,288,8,69,30,0,0,100,-7,7,8,30,2,20,0,1,1,31,94,5,2,2,39,0
74,73,18,46,9,0,0,100,-7,7,8,9,0,11,21,0,0,65,-8,3,-8,1,50,1
80,278,1,98,20,0,0,100,-7,7,8,44,4,43,5,0,0,23,-8,6,2,0,80,1
86,287,15,117,23,0,0,100,-7,7,8,23,0,30,11,0,0,3,54,3,3,0,60,1
76,196,3,69,14,0,0,86,37,6,6,14,3,36,-7,2,2,31,67,3,2,0,83,1
91,425,61,127,14,0,0,100,-7,7,8,15,0,14,-8,0,0,3,-8,4,1,0,71,1
63,99,4,41,20,0,0,100,-7,7,8,20,2,50,2,2,2,70,88,7,2,4,82,0
81,216,0,84,25,0,0,100,-7,7,8,35,1,35,1,1,1,0,-8,1,4,0,38,0
60,60,13,27,6,0,0,88,2,4,6,8,0,63,-7,4,4,60,92,1,3,-8,80,0
67,97,2,46,8,0,0,100,-7,7,8,9,1,33,0,1,1,66,48,5,2,1,88,0
80,226,5,61,24,0,0,96,3,4,6,25,2,48,-7,0,0,0,91,1,6,0,58,0
76,10,2,7,2,0,0,100,-7,7,8,3,3,67,0,1,1,0,-8,0,1,-8,50,0
75,303,4,97,35,1,1,97,29,6,2,37,1,49,0,0,0,6,49,2,2,1,57,1
71,170,9,88,43,2,2,93,6,4,2,46,2,17,0,1,1,33,100,8,4,1,60,0
80,446,20,103,27,0,0,100,-7,7,8,28,0,46,1,2,2,0,10,1,4,1,50,0
64,243,3,56,24,0,0,100,-7,7,8,24,2,25,4,1,1,55,78,9,3,5,80,0
78,179,1,81,24,0,0,100,-7,7,8,26,5,15,0,3,3,12,94,5,2,0,44,1
62,193,3,78,15,2,2,100,-7,6,8,16,2,40,0,3,3,99,38,5,2,3,100,0
83,160,12,83,24,1,0,96,24,6,5,26,0,19,0,0,0,1,19,4,2,0,46,0
72,89,2,44,21,1,1,83,31,6,2,24,2,30,-7,2,2,8,86,2,3,0,100,0
86,464,3,153,33,0,0,100,-7,6,7,34,2,35,5,1,1,4,-8,8,1,0,80,1
82,161,7,77,58,0,0,98,-8,6,6,58,2,12,1,1,1,6,64,4,3,0,33,1
86,168,15,85,33,0,0,97,51,6,6,34,0,38,-7,0,0,3,-8,3,2,0,56,1
72,379,18,131,10,1,0,92,66,6,5,13,0,23,0,2,2,67,-8,2,1,1,43,0
69,127,1,57,16,0,0,94,9,4,6,18,2,28,0,3,2,28,100,3,3,0,60,1
60,94,15,60,2,6,4,11,6,4,2,9,0,22,-8,0,0,19,62,1,1,-8,67,0
85,154,45,159,4,0,0,100,-7,7,8,4,0,50,-8,0,0,53,-8,1,-8,0,100,0
85,147,7,75,36,0,0,97,39,6,6,42,1,22,0,1,1,0,-8,1,1,0,17,1
85,173,2,67,18,0,0,100,-7,7,8,10,2,21,1,2,2,0,-8,1,-8,0,10,1
64,230,11,108,35,0,0,92,4,4,6,39,1,47,2,1,1,56,40,7,8,2,83,1
76,133,26,69,5,0,0,80,25,6,6,5,0,60,-7,1,1,13,65,1,2,0,75,1
66,145,6,91,18,1,1,100,-7,6,8,19,1,21,0,2,2,67,8,7,2,3,69,0
76,157,15,93,10,2,1,91,40,6,5,11,0,18,-8,0,0,0,-8,0,-8,0,0,1
63,191,23,68,12,1,1,92,4,0,6,8,0,58,4,1,1,4,40,1,3,0,67,0
60,184,4,69,35,2,2,100,-7,6,8,35,6,26,-7,5,5,66,42,12,4,10,70,0
90,414,8,102,22,0,0,100,-7,7,8,22,1,36,8,0,0,0,93,1,2,0,33,1
69,218,1,52,15,0,0,100,-7,7,8,35,6,25,9,0,0,71,69,7,3,2,91,0
73,127,5,60,12,0,0,85,11,4,6,13,1,77,8,0,0,-8,66,0,2,0,67,0
64,156,2,60,22,0,0,91,16,6,6,23,3,13,2,3,3,74,91,7,3,1,91,1
67,176,7,73,24,1,1,92,10,4,4,19,3,20,9,0,0,26,-8,9,1,1,65,1
62,341,16,87,12,1,0,93,2,4,5,14,0,14,7,0,0,56,89,6,1,2,78,0
64,233,6,89,39,0,0,100,-7,7,8,39,1,33,0,1,1,63,82,7,7,3,78,1
56,58,33,46,2,0,0,50,2,4,6,2,0,100,0,6,6,-8,-8,-8,1,-8,100,0
58,171,7,49,19,0,0,100,-7,7,8,41,3,25,1,7,7,83,70,8,1,7,69,0
85,364,16,129,14,0,0,93,58,6,6,14,0,36,-7,2,1,3,-8,1,1,-8,67,0
87,254,31,106,14,0,0,100,-7,7,8,14,0,43,0,2,2,5,-8,2,2,0,44,1
73,134,1,33,3,1,1,86,29,6,3,7,3,29,0,2,2,5,-8,2,1,1,75,0
77,229,2,72,28,0,0,100,-7,7,8,33,3,48,0,10,10,30,-8,6,2,2,50,0
54,134,8,64,14,1,1,76,0,4,4,17,1,24,0,0,0,31,-8,4,1,1,63,0
63,59,5,31,17,2,2,95,42,6,2,20,1,53,0,2,2,57,96,2,9,-8,100,0
71,216,6,95,26,1,0,86,13,6,5,28,2,29,17,0,0,51,94,10,3,1,72,0
62,118,6,56,13,1,1,73,5,4,6,16,1,33,0,1,1,39,18,2,2,0,80,0
68,184,10,89,25,0,0,96,62,6,6,27,1,27,-7,12,12,24,84,4,3,2,54,1
91,262,19,101,9,0,0,100,-7,7,8,9,0,0,19,0,0,8,-8,2,-8,0,50,1
66,-8,17,114,15,4,3,68,8,3,2,0,0,42,-7,0,0,8,75,3,2,0,83,1
58,372,45,178,5,8,7,29,4,4,2,14,0,43,-7,1,1,55,-8,1,3,0,100,0
68,155,13,48,10,2,2,90,8,4,6,12,0,40,0,0,0,59,49,3,4,0,100,0
59,174,2,92,10,0,0,69,0,4,6,13,1,62,12,0,0,94,100,3,1,1,80,0
73,255,12,40,10,0,0,100,-7,7,8,35,0,30,-7,3,3,62,73,3,2,2,83,1
63,369,5,131,21,2,2,100,-7,6,8,23,2,57,0,1,1,78,68,4,4,3,80,1
70,125,10,77,13,3,2,72,29,6,4,18,2,44,-7,4,4,9,77,4,2,0,100,0
87,190,16,139,28,0,0,100,-7,7,8,29,0,34,7,0,0,19,-8,3,1,0,50,1
73,335,2,97,13,2,1,76,7,4,4,17,2,35,-7,2,2,0,70,1,5,0,43,1
88,205,8,138,37,0,0,100,-7,7,8,8,1,11,19,0,0,2,-8,4,1,0,24,1
73,94,5,37,34,0,0,97,55,6,6,21,4,29,4,1,1,9,85,6,3,0,47,0
64,116,14,47,43,0,0,100,-7,7,8,48,0,15,0,1,1,59,78,15,2,3,91,1
58,182,1,73,22,1,1,79,2,4,6,24,1,29,1,5,5,0,-8,1,2,0,30,0
73,323,6,102,31,0,0,100,-7,7,8,38,1,19,0,2,1,47,90,8,2,3,59,1
62,88,1,35,20,0,0,95,-8,5,6,22,7,50,0,4,3,30,70,6,5,0,92,0
88,182,17,83,9,0,0,100,-7,7,8,9,0,44,-7,0,0,10,15,2,2,0,67,1
89,180,11,77,37,0,0,100,-7,7,8,41,1,24,5,1,1,1,-8,3,1,0,29,1
88,242,21,97,31,0,0,100,-7,7,8,38,0,23,3,1,1,1,39,4,3,0,33,1
73,336,3,126,26,1,0,93,44,6,5,27,3,74,0,4,4,33,20,2,12,0,82,1
47,204,16,100,25,2,2,89,1,0,6,28,0,21,-7,1,0,76,-8,9,1,3,85,0
82,209,40,107,23,0,0,100,-7,7,8,24,0,21,0,8,8,19,-8,2,1,-8,50,1
68,156,2,65,25,0,0,97,18,6,6,29,2,21,0,0,0,80,-8,3,1,1,80,1
80,230,6,84,34,0,0,94,24,6,6,34,1,32,1,2,2,11,47,5,2,0,64,1
65,202,10,84,28,11,11,87,41,6,6,30,2,33,0,0,0,28,26,3,2,0,38,1
88,278,91,179,4,0,0,100,-7,7,8,5,0,40,0,0,0,6,-8,1,1,-8,100,1
57,89,2,48,25,1,1,89,2,4,2,28,3,32,0,1,1,36,55,9,2,1,73,0
76,333,7,144,25,0,0,100,-7,7,8,25,2,36,10,0,0,40,70,6,4,1,69,0
64,136,0,21,13,0,0,100,-7,7,8,29,5,43,-7,0,0,58,73,4,2,3,75,1
58,353,10,151,42,1,1,95,1,2,4,44,1,30,0,1,1,19,56,9,4,1,56,0
68,265,4,93,31,1,1,91,6,4,6,34,1,62,0,0,0,0,69,1,9,0,85,1
89,393,37,157,5,0,0,100,-7,7,8,6,0,67,0,1,1,0,-8,0,-8,-8,0,0
70,395,3,72,45,0,0,100,-7,7,8,66,1,30,1,3,3,33,100,9,2,1,85,1
81,158,9,64,32,0,0,100,-7,7,8,32,2,50,-7,2,2,14,-8,2,-8,0,17,1
69,115,7,52,18,4,2,82,23,6,3,22,2,18,0,0,0,23,93,5,2,1,41,1
61,137,2,52,12,1,1,93,6,2,4,15,1,20,0,2,2,22,-8,2,1,0,67,0
88,490,4,181,12,0,0,92,36,6,6,12,1,42,-8,0,0,2,96,2,1,0,75,1
69,-8,5,138,30,0,0,97,23,6,6,0,1,20,0,4,3,40,38,12,2,3,74,1
80,136,3,49,24,0,0,100,-7,7,8,25,2,20,-7,2,2,11,-8,2,1,0,38,1
66,184,10,112,15,1,0,56,4,4,5,43,1,28,-7,0,0,58,87,5,2,1,70,0
63,168,3,21,3,1,1,100,-7,7,8,9,1,67,-7,1,1,75,42,1,2,1,100,0
66,133,43,95,16,0,0,94,-8,6,6,17,0,71,0,5,4,30,-8,2,1,1,100,0
80,172,2,32,38,0,0,100,-7,6,7,39,14,33,0,29,29,6,88,5,4,0,38,0
73,221,13,72,12,0,0,92,37,6,6,12,0,25,-7,0,0,94,18,2,2,2,67,0
61,43,3,23,25,0,0,100,-7,7,8,25,6,0,0,6,3,44,-8,12,-8,3,52,0
83,144,18,68,13,0,0,100,-7,7,8,13,0,23,0,0,0,3,-8,3,-8,0,100,0
85,141,12,71,14,0,0,100,-7,7,8,16,0,21,-7,0,0,1,47,2,2,0,44,1
82,207,4,69,18,0,0,100,-7,7,8,22,2,16,4,2,2,0,-8,0,1,0,14,1
91,132,36,143,13,0,0,100,-7,7,8,2,0,8,21,0,0,9,-8,2,-8,0,22,1
79,224,4,84,61,0,0,97,28,6,6,61,4,21,2,4,4,1,98,5,2,1,32,1
69,300,5,66,31,0,0,100,-7,7,8,36,7,16,-7,1,1,44,51,9,3,2,60,0
-9,115,55,78,3,0,0,100,-7,9,8,3,0,100,0,0,0,-8,-8,-8,-8,-8,-8,0
67,192,1,127,15,1,0,68,9,3,5,19,1,21,0,2,2,18,-8,4,1,0,83,1
73,304,18,86,14,1,1,100,-7,7,8,15,0,43,-7,0,0,0,2,1,2,0,43,1
84,195,10,75,29,0,0,100,-7,7,8,30,1,7,0,1,1,5,96,2,2,0,36,1
81,190,8,82,22,0,0,95,-8,6,6,22,3,27,0,0,0,17,49,2,2,0,44,0
74,210,4,80,10,0,0,100,-7,7,8,10,1,40,-7,6,4,87,72,4,3,3,100,0
75,161,2,67,26,0,0,100,-7,7,8,28,2,33,0,1,1,40,75,4,3,1,58,1
66,51,4,24,12,0,0,100,-7,7,8,12,4,58,0,4,4,28,57,2,3,1,71,0
64,222,6,95,16,1,0,82,6,4,5,17,2,47,0,1,1,36,92,5,2,1,70,0
57,360,6,124,40,3,0,93,2,3,5,44,2,25,7,0,0,60,39,9,3,1,86,0
70,258,3,43,27,1,1,100,-7,6,8,41,8,15,0,6,6,5,58,12,2,0,67,0
64,283,3,111,13,3,2,82,62,6,2,17,1,59,0,5,5,60,50,2,1,1,60,0
66,96,6,32,13,0,0,93,20,6,6,14,4,14,5,0,0,33,-8,4,1,1,71,1
90,376,4,130,17,0,0,100,-7,7,8,27,2,53,4,1,1,1,89,2,2,0,57,1
59,180,4,60,49,0,0,98,20,6,6,49,6,37,2,3,3,45,70,10,4,2,82,0
78,207,18,77,9,0,0,100,-7,7,8,9,0,44,6,0,0,21,-8,2,1,1,75,1
81,229,7,82,32,0,0,100,-7,7,8,32,2,25,11,0,0,9,54,10,3,0,65,1
81,139,17,175,17,0,0,89,-8,5,6,23,0,11,0,1,1,1,22,6,2,0,53,0
78,317,13,77,33,0,0,97,33,6,6,35,0,21,-7,0,0,5,-8,3,-8,0,31,1
85,167,2,58,11,0,0,100,-7,7,8,12,2,42,-7,2,2,15,-8,2,1,0,75,1
75,292,7,102,22,0,0,100,-7,7,8,22,1,27,7,0,0,31,-8,6,2,1,62,1
89,125,48,69,7,0,0,100,-7,7,8,4,0,14,-8,0,0,4,-8,2,1,0,100,1
73,155,1,26,8,1,1,100,-7,7,8,17,1,33,-7,1,1,3,25,3,2,0,71,0
79,247,0,75,47,0,0,100,-7,7,8,50,3,14,0,2,2,41,60,6,2,1,100,1
69,300,13,95,27,2,1,90,5,4,3,31,0,39,0,1,1,41,67,3,3,1,75,0
65,360,14,67,10,1,1,55,17,5,3,11,0,45,0,0,0,49,-8,2,1,-8,60,0
63,155,12,57,15,0,0,94,-7,5,7,16,0,25,0,5,5,93,71,5,2,4,78,1
66,164,5,66,19,1,0,95,19,6,5,21,1,19,0,0,0,65,-8,3,1,1,33,0
69,188,20,80,18,3,3,85,23,6,2,3,0,40,-7,5,5,16,-8,5,-8,0,83,0
85,-8,1,97,32,0,0,100,-7,7,8,0,2,9,1,1,1,22,-8,4,-8,0,100,1
70,288,5,67,32,0,0,97,-8,6,6,34,3,21,0,1,1,25,41,9,2,1,65,1
71,145,3,53,33,0,0,100,-7,7,8,33,4,33,0,6,6,31,99,4,3,0,39,1
70,173,6,85,12,0,0,100,-7,7,8,10,2,46,-7,0,0,93,13,3,4,3,100,0
67,247,14,79,18,1,0,80,4,4,5,21,0,20,6,0,0,25,50,4,2,1,46,1
73,163,14,62,14,1,1,100,-7,6,8,15,0,60,-7,2,2,17,66,1,3,-8,80,1
69,172,1,63,13,1,0,87,41,6,5,15,3,40,0,0,0,80,-8,3,1,2,50,0
63,66,7,22,20,0,0,100,-7,7,8,16,4,10,4,1,1,47,38,8,2,1,79,0
88,-8,41,102,8,1,1,100,-7,6,8,8,0,38,0,1,1,0,83,2,1,0,60,0
80,80,13,49,21,0,0,100,-7,7,8,21,0,52,13,0,0,33,-8,4,2,0,75,0
81,398,2,112,17,0,0,100,-7,7,8,18,2,33,0,0,0,47,60,5,2,1,64,1
61,185,5,85,34,0,0,94,7,4,6,15,2,26,15,0,0,57,83,16,2,3,95,1
85,225,0,78,42,0,0,100,-7,7,8,45,3,38,0,1,1,6,92,3,2,0,31,1
60,220,4,83,21,1,0,80,1,4,5,25,2,44,22,0,0,62,87,4,3,2,73,1
83,178,5,84,13,0,0,100,-7,7,8,13,2,46,-8,0,0,18,-8,2,1,0,75,1
67,-8,14,67,3,1,1,100,-7,6,8,0,0,0,0,2,2,42,-8,2,-8,0,100,1
68,308,8,106,12,1,0,57,22,6,5,14,1,43,0,2,2,89,-8,4,1,1,83,0
75,117,1,59,31,0,0,100,-7,7,8,32,1,19,0,1,1,29,98,3,3,2,43,0
84,133,1,77,28,0,0,100,-7,6,7,32,3,38,-7,2,2,32,76,1,2,0,60,1
65,12,7,10,2,0,0,100,-7,7,8,2,1,50,0,1,1,103,-8,1,-8,1,100,0
79,322,3,95,25,1,0,96,70,6,5,28,2,43,0,2,2,22,12,5,4,0,75,0
79,247,1,101,18,1,1,90,70,6,3,20,2,20,9,0,0,28,26,4,2,0,100,1
61,350,5,92,33,2,0,86,1,3,5,36,5,25,0,1,1,43,74,6,3,1,53,0
73,181,3,59,22,0,0,100,-7,7,8,22,2,41,0,0,0,56,54,6,5,1,79,0
75,198,4,114,26,2,0,93,42,6,5,28,5,46,0,1,1,18,15,7,3,0,77,0
67,69,3,43,6,3,1,50,10,4,4,10,1,60,0,5,3,27,101,1,2,0,60,0
66,100,5,56,13,2,0,71,39,6,5,17,2,41,0,4,1,39,82,2,2,1,57,0
68,125,9,95,14,3,3,94,58,0,2,16,1,50,7,0,0,14,97,2,2,0,57,0
62,101,1,39,12,0,0,92,41,6,6,13,3,0,0,3,3,59,-8,6,-8,2,86,1
64,90,3,44,31,0,0,100,-7,7,8,34,1,38,6,1,1,50,87,9,4,5,93,0
73,151,3,57,20,0,0,100,-7,7,8,22,4,25,-7,0,0,46,78,5,3,1,73,1
62,132,11,69,27,0,0,96,52,6,6,27,1,41,0,2,2,66,83,4,3,2,88,0
71,357,3,112,29,0,0,93,16,6,6,29,1,48,0,0,0,70,52,8,5,1,100,0
69,404,28,168,12,1,1,79,7,1,3,15,0,29,8,0,0,55,-8,2,1,1,67,0
81,212,1,93,37,0,0,100,-7,7,8,44,5,16,2,3,3,19,-8,4,2,1,35,1
73,182,15,72,17,2,2,89,14,6,2,20,0,37,-7,4,4,8,28,3,2,0,83,1
70,-8,2,103,7,1,1,100,-7,6,8,0,2,25,-8,0,0,78,81,4,1,1,83,1
79,543,1,65,15,0,0,100,-7,7,8,18,6,29,10,0,0,46,97,6,2,0,73,0
76,242,12,89,42,0,0,100,-7,7,8,32,0,19,1,1,1,61,39,4,3,1,58,0
68,169,4,107,25,0,0,100,-7,7,8,7,1,32,0,1,1,66,73,11,3,5,82,0
68,104,3,41,16,0,0,100,-7,7,8,17,4,63,0,0,0,49,52,4,3,2,88,0
68,132,2,60,19,1,1,100,-7,6,8,20,2,35,0,2,2,43,95,6,2,0,89,0
83,368,23,161,9,0,0,100,-7,7,8,9,0,11,23,0,0,35,-8,5,1,1,86,1
66,79,3,31,19,0,0,100,-7,7,8,20,1,45,0,5,5,81,68,6,4,1,100,0
84,-8,2,159,20,1,1,95,34,6,4,0,1,0,-7,0,0,0,-8,1,-8,0,13,0
68,81,3,34,25,0,0,100,-7,7,8,25,6,32,2,2,2,25,72,9,4,1,65,1
83,174,6,78,17,0,0,100,-7,7,8,17,1,29,4,1,1,26,-8,5,1,0,75,1
88,19,24,162,17,0,0,100,-7,7,8,5,0,18,-8,1,1,17,-8,4,1,0,45,1
58,62,4,30,16,0,0,94,25,5,6,16,4,13,0,4,4,82,90,6,1,2,70,0
80,211,3,55,19,0,0,95,81,6,6,19,3,16,0,3,3,5,82,1,2,0,27,1
55,138,6,43,3,0,0,50,73,5,6,4,1,50,0,2,2,131,90,1,1,-8,100,0
80,459,2,81,31,0,0,100,-7,7,8,37,3,50,10,0,0,29,66,2,4,0,64,1
59,25,1,13,7,0,0,100,-7,7,8,9,3,22,-7,3,3,73,-8,2,1,1,50,0
75,40,3,12,6,0,0,100,-7,7,8,6,4,67,6,0,0,24,89,1,2,-8,100,0
70,132,2,49,20,0,0,100,-7,7,8,21,4,33,-7,5,4,70,60,2,2,1,67,0
63,298,5,116,11,2,1,62,6,4,2,13,2,46,0,0,0,41,55,5,4,0,100,0
55,286,3,14,10,0,0,90,10,4,6,20,2,20,0,2,2,70,69,4,2,1,75,0
81,204,7,64,13,0,0,93,59,6,6,14,3,14,5,0,0,11,-8,2,1,0,67,1
82,-8,4,55,24,0,0,100,-7,7,8,28,2,14,4,1,1,5,58,2,2,1,36,1
80,201,4,93,28,1,0,97,37,6,5,9,2,7,-7,0,0,11,99,4,1,0,33,1
88,469,5,106,18,0,0,100,-7,7,8,18,3,26,-8,0,0,14,-8,4,1,0,63,1
68,72,5,38,21,0,0,95,20,6,6,22,3,36,0,1,1,47,90,3,5,1,73,0
73,94,3,49,21,0,0,95,57,6,6,22,2,36,0,2,2,42,47,3,2,1,56,0
72,225,3,68,28,0,0,96,18,6,6,28,4,18,-7,0,0,25,100,5,2,1,50,1
63,174,0,64,34,2,2,79,6,4,4,38,2,66,-7,4,4,21,90,5,2,1,78,0
70,182,2,34,7,0,0,100,-7,7,8,8,5,13,0,2,2,57,-8,4,-8,1,100,0
63,135,2,78,6,4,2,54,23,6,2,13,2,31,1,2,1,31,-8,1,1,0,67,0
68,348,12,91,34,0,0,100,-7,7,8,34,0,32,0,0,0,78,68,11,4,7,76,1
68,299,6,135,24,0,0,96,25,6,6,25,1,29,5,0,0,55,77,8,2,2,71,0
63,252,45,142,6,6,5,75,30,5,2,16,0,69,-7,0,0,110,-8,2,-8,1,100,0
69,220,7,93,30,0,0,97,2,4,6,30,1,30,1,1,1,14,73,6,2,1,69,1
60,141,4,56,30,0,0,100,-7,7,8,30,3,33,0,0,0,84,48,11,4,4,100,0
89,-8,24,99,18,0,0,100,-7,7,8,0,0,22,3,1,1,3,-8,1,1,0,20,1
63,204,1,71,48,0,0,98,28,6,6,30,5,47,1,1,1,51,90,5,11,2,70,0
72,157,5,60,37,0,0,97,0,4,6,32,4,19,10,0,0,7,-8,4,1,0,45,1
77,165,3,71,30,0,0,100,-7,7,8,31,4,29,3,2,2,16,-8,3,2,1,38,1
77,56,1,20,10,0,0,100,-7,7,8,11,4,36,8,0,0,5,77,3,3,0,67,0
64,107,6,38,10,2,2,83,41,6,2,12,4,25,0,1,1,42,90,4,2,1,75,0
84,213,9,76,17,0,0,100,-7,7,8,17,1,18,16,0,0,35,53,2,2,0,57,1
63,183,13,74,13,2,2,75,7,0,2,17,0,81,0,0,0,0,-8,0,1,-8,50,0
80,241,4,63,28,0,0,100,-7,7,8,28,6,18,0,4,4,5,-8,3,1,0,22,1
70,185,11,75,36,0,0,97,72,6,6,37,1,41,1,3,3,67,60,12,5,5,85,0
73,104,6,48,9,0,0,100,-7,7,8,9,4,11,0,2,2,56,-8,3,1,2,50,0
72,292,8,74,22,0,0,96,5,4,6,77,4,22,0,4,4,7,57,2,3,0,38,1
72,444,12,78,18,0,0,100,-7,7,8,16,0,22,-8,0,0,74,-8,5,-8,4,63,0
56,127,2,53,40,0,0,95,9,4,6,41,6,41,0,11,11,40,98,7,4,3,85,0
76,169,32,95,12,0,0,92,11,4,6,12,0,50,0,0,0,3,-8,1,2,1,38,0
77,128,5,67,35,0,0,100,-7,7,8,36,2,17,0,1,1,24,100,2,2,1,29,0
64,119,10,52,21,1,0,95,9,3,5,22,3,55,-7,0,0,68,67,4,4,3,90,0
60,199,28,93,11,4,2,73,6,4,2,15,0,53,0,0,0,34,61,1,3,0,50,0
60,256,4,86,28,0,0,90,4,4,6,30,2,30,4,1,1,60,100,8,3,2,85,1
86,342,5,119,8,0,0,100,-7,7,8,9,2,33,0,1,1,10,-8,3,1,1,100,1
75,233,4,96,12,0,0,92,2,4,6,12,5,17,0,8,8,6,-8,2,2,0,50,0
69,198,1,84,17,1,1,89,13,6,6,20,3,55,0,2,2,16,95,2,3,1,63,0
69,379,2,105,15,0,0,84,3,4,6,19,3,74,0,2,2,31,100,1,2,1,60,0
86,439,2,112,18,0,0,100,-7,7,8,21,2,57,1,3,3,26,100,3,2,0,83,1
80,344,4,92,35,0,0,94,59,6,6,38,3,26,10,0,0,17,86,5,2,0,39,1
81,-8,8,31,10,0,0,100,-7,7,8,11,2,18,0,1,1,0,-8,0,1,0,13,1
88,209,19,71,5,0,0,100,-7,7,8,5,0,40,0,0,0,0,72,0,1,-8,50,0
62,282,13,99,24,4,3,70,18,6,3,31,0,26,0,0,0,29,-8,4,1,1,45,0
66,74,3,21,13,0,0,92,-8,6,6,13,6,23,0,4,4,33,61,5,3,0,73,1
56,133,2,64,15,0,0,88,3,4,6,17,2,12,0,2,2,84,-8,10,1,4,92,0
62,42,2,23,12,0,0,86,12,5,6,14,3,21,-7,3,3,43,81,7,2,0,90,0
82,161,1,52,23,0,0,100,-7,7,8,25,3,48,0,4,4,2,78,2,4,0,43,0
85,259,12,72,32,0,0,100,-7,7,8,34,0,41,0,1,1,4,-8,3,1,0,67,1
86,221,27,84,18,0,0,100,-7,7,8,18,0,22,0,0,0,10,-8,1,1,0,20,1
75,281,20,91,19,0,0,95,27,6,6,12,0,16,-7,3,3,22,81,5,1,0,60,1
77,292,8,84,20,0,0,100,-7,7,8,20,1,70,0,4,4,51,57,3,3,1,78,0
72,212,11,87,20,0,0,95,1,4,6,22,1,41,0,1,1,24,56,6,4,0,100,1
70,117,3,65,29,0,0,100,-7,7,8,29,4,34,-8,0,0,69,94,8,3,5,71,0
61,246,20,95,18,2,2,86,11,4,4,21,0,38,0,1,1,62,-8,5,1,2,88,0
83,341,4,115,25,0,0,96,65,6,6,25,2,28,0,2,2,3,100,3,3,-8,64,1
68,180,1,91,9,1,1,82,22,6,3,11,2,9,0,2,2,27,-8,4,-8,1,67,0
57,117,3,36,10,0,0,70,3,4,6,10,2,50,1,1,1,98,69,2,3,1,83,0
73,211,3,116,23,0,0,92,48,6,6,24,1,13,0,6,6,41,-8,8,1,2,64,1
65,52,3,27,6,0,0,83,-8,6,6,6,2,67,-7,3,3,74,96,1,2,-8,100,0
72,295,11,84,18,1,1,95,8,0,2,19,2,53,0,0,0,24,99,2,2,0,57,1
65,135,6,64,15,2,2,65,2,1,2,17,2,18,0,0,0,3,-8,2,1,0,50,0
63,137,4,56,36,1,1,100,-7,6,8,40,9,55,0,3,3,32,92,7,5,2,75,0
58,134,5,71,24,1,1,92,2,4,6,26,2,42,-7,2,2,28,54,6,1,0,78,0
90,121,25,87,8,0,0,100,-7,7,8,8,0,13,0,1,1,8,-8,2,1,0,43,0
73,278,1,87,21,2,2,96,61,6,6,25,5,36,0,2,2,23,85,3,3,1,55,0
79,507,23,197,21,0,0,100,-7,7,8,21,0,29,0,0,0,64,53,6,3,2,83,1
70,166,1,70,45,0,0,98,-7,5,7,50,3,46,-7,0,0,69,93,7,4,5,85,1
75,169,2,51,10,0,0,100,-7,7,8,13,3,77,0,2,2,19,78,1,4,0,100,0
84,212,11,82,13,0,0,87,55,6,6,15,1,47,10,0,0,5,-8,1,1,0,67,0
78,267,3,73,35,0,0,97,52,6,6,35,2,43,2,2,2,27,91,4,4,1,80,0
73,229,13,122,16,0,0,88,3,4,6,17,0,41,0,0,0,40,56,2,2,0,100,0
76,334,7,54,26,0,0,96,70,6,6,40,2,19,0,2,2,5,79,3,2,1,56,1
82,144,3,84,22,0,0,100,-7,7,8,31,1,28,0,3,3,37,83,2,3,0,71,1
91,286,15,133,10,0,0,100,-7,7,8,10,0,20,0,0,0,10,-8,2,-8,0,40,0
69,281,6,76,36,0,0,100,-7,7,8,36,2,25,0,4,4,12,83,5,2,3,41,1
75,429,4,101,46,0,0,100,-7,7,8,46,3,30,0,1,1,38,34,16,2,2,78,0
63,309,23,114,21,2,1,78,14,6,5,24,0,26,0,0,0,43,72,5,2,1,54,1
80,156,13,78,19,0,0,95,46,6,6,19,0,11,0,1,1,9,-8,3,1,1,29,1
80,388,15,88,41,0,0,100,-7,7,8,42,0,14,0,2,1,16,72,12,2,0,74,1
61,49,5,25,7,0,0,89,28,6,6,9,2,89,-7,2,2,113,97,1,2,1,100,0
75,175,1,74,22,1,1,96,44,6,3,25,2,36,0,3,3,64,-8,2,3,1,50,0
63,46,2,23,16,0,0,100,-7,7,8,17,8,47,0,4,4,72,100,2,4,1,75,0
82,212,2,111,16,0,0,100,-7,7,8,28,2,56,2,1,1,33,92,4,3,0,88,0
67,117,1,46,10,0,0,92,13,6,6,12,2,42,-7,1,1,60,55,3,2,2,71,0
77,324,7,76,31,0,0,100,-7,7,8,31,5,35,1,3,3,0,65,0,2,0,33,0
65,96,15,33,11,0,0,100,-7,7,8,12,0,9,-7,0,0,85,-8,6,1,3,100,0
61,76,8,27,8,1,1,100,-7,0,8,9,3,25,0,2,2,74,32,2,2,1,67,0
77,177,1,59,41,0,0,100,-7,7,8,43,6,9,0,3,3,3,-8,8,1,1,33,1
59,66,1,42,22,1,0,71,2,3,5,3,2,21,0,6,6,16,69,3,4,0,44,0
66,151,17,87,9,5,0,64,17,6,5,14,0,57,0,2,2,80,-8,1,1,1,67,0
66,308,3,97,35,0,0,88,1,4,6,42,5,32,3,2,2,45,46,5,5,1,83,1
76,191,3,76,18,0,0,100,-7,7,8,18,3,50,-7,1,1,67,66,5,4,1,90,0
68,130,5,72,16,1,0,89,5,3,5,21,1,47,-7,1,1,35,-8,3,-8,0,43,0
75,196,4,59,32,0,0,100,-7,7,8,32,5,50,0,0,0,11,84,4,3,0,44,0
84,413,2,106,35,0,0,100,-7,7,8,44,2,19,1,4,4,2,-8,9,-8,0,53,1
64,212,6,76,7,5,4,64,10,4,3,11,2,55,8,0,0,56,86,1,2,0,75,0
81,134,2,60,25,0,0,100,-7,7,8,27,2,15,-7,1,1,32,48,6,3,0,100,1
61,150,5,54,12,0,0,77,0,4,6,13,3,62,0,3,3,81,69,4,4,1,100,0
84,211,1,60,22,0,0,100,-7,7,8,24,2,29,0,2,2,15,-8,3,2,1,36,0
68,161,2,58,1,0,0,67,53,6,6,3,2,33,0,3,3,37,91,1,1,0,100,1
66,218,2,83,19,4,1,78,14,6,4,27,2,59,2,1,1,61,63,2,6,1,67,0
73,170,21,70,28,1,1,100,-7,0,8,28,0,36,-7,0,0,28,8,2,2,1,50,1
58,22,2,8,4,0,0,100,-7,7,8,6,5,50,-7,2,2,101,76,1,3,1,100,0
65,261,2,93,14,2,2,87,27,6,6,17,2,47,0,0,0,29,96,4,2,0,67,1
82,253,21,93,38,0,0,100,-7,7,8,39,0,28,18,0,0,19,68,4,3,0,62,1
55,313,21,119,18,2,1,64,3,3,4,22,0,36,0,1,1,55,56,6,2,5,75,0
79,140,5,66,13,0,0,100,-7,7,8,13,1,23,18,0,0,37,92,1,2,1,80,1
73,25,3,57,19,0,0,100,-7,7,8,11,1,10,-7,0,0,56,-8,8,1,3,75,0
86,232,2,109,23,0,0,100,-7,7,8,7,1,4,-8,0,0,4,-8,4,1,1,29,1
63,497,2,135,21,2,1,85,2,4,4,26,2,35,3,2,2,38,67,7,4,1,69,1
70,180,15,43,18,0,0,89,12,6,6,1,0,28,0,2,2,21,79,2,3,0,56,0
72,255,6,57,24,0,0,100,-7,7,8,24,6,46,-7,0,0,69,40,3,2,1,75,0
65,104,1,48,21,0,0,91,23,6,6,23,3,32,0,1,1,26,58,5,5,0,63,0
78,327,3,100,41,0,0,100,-7,7,8,12,2,24,20,0,0,12,70,4,3,2,30,1
71,131,3,61,35,0,0,100,-7,7,8,37,5,50,-7,5,5,43,94,6,2,1,89,1
66,107,7,49,10,0,0,90,50,6,6,10,2,50,0,0,0,97,44,3,3,3,100,0
72,174,2,69,30,1,1,97,17,5,2,33,1,9,0,0,0,9,84,5,1,0,46,0
78,92,7,35,13,0,0,100,-7,7,8,13,1,8,7,0,0,19,-8,5,1,0,55,1
67,100,3,61,19,0,0,100,-7,7,8,21,1,43,0,0,0,99,82,7,1,5,89,0
73,201,2,93,54,2,2,97,52,6,6,57,8,19,3,4,4,7,93,8,2,2,56,1
76,134,11,67,28,0,0,100,-7,7,8,28,1,21,-7,0,0,62,14,3,2,1,83,0
83,267,17,106,13,0,0,92,53,6,6,13,0,15,-7,0,0,48,-8,4,1,0,83,1
61,190,5,67,32,0,0,97,33,6,6,60,1,41,-7,1,1,83,87,12,4,8,89,0
83,255,3,72,29,0,0,100,-7,7,8,34,2,21,-7,2,2,2,-8,5,1,0,38,0
61,190,7,118,34,0,0,82,22,5,6,34,1,50,19,0,0,97,78,6,4,4,100,0
62,185,8,83,58,2,2,92,30,5,2,60,4,73,0,0,0,109,79,9,8,4,100,0
69,301,32,178,5,1,0,56,2,4,5,9,0,44,-8,0,0,75,40,2,2,1,80,0
74,234,2,104,34,0,0,100,-7,7,8,20,3,50,14,0,0,69,55,3,3,1,88,0
70,222,20,81,46,0,0,100,-7,7,8,33,0,9,-7,2,2,72,54,10,3,7,52,0
78,141,9,64,20,0,0,100,-7,7,8,20,1,35,-7,0,0,48,98,1,4,-8,75,1
80,277,5,93,34,1,0,97,52,6,5,35,1,40,7,0,0,7,80,4,3,1,58,1
57,41,12,29,7,0,0,57,12,6,6,7,0,43,0,0,0,93,62,3,2,1,83,0
78,144,1,39,18,0,0,100,-7,7,8,19,6,37,0,1,1,3,82,3,4,0,53,1
72,263,6,95,38,0,0,97,32,6,6,38,3,24,-7,0,0,53,35,8,2,2,61,0
71,109,16,48,26,0,0,100,-7,7,8,27,0,26,0,3,3,26,64,4,2,1,38,0
92,474,57,258,8,0,0,100,-7,7,8,8,0,0,2,1,1,1,-8,3,-8,0,50,0
59,321,9,140,26,1,1,83,11,4,6,29,1,34,0,4,4,78,83,10,2,5,100,0
82,241,4,95,33,0,0,100,-7,7,8,33,4,6,0,2,2,2,-8,4,2,0,43,0
60,156,1,62,32,0,0,100,-7,7,8,17,4,15,-7,1,1,76,-8,13,1,3,89,0
77,90,10,41,3,0,0,100,-7,7,8,3,1,67,0,0,0,26,83,1,2,0,100,1
84,196,11,84,18,0,0,100,-7,7,8,4,1,47,-8,0,0,0,89,1,3,0,67,1
72,159,1,61,26,0,0,96,5,4,6,27,2,33,1,1,1,7,75,5,3,0,67,0
71,410,4,53,19,0,0,84,22,6,6,23,2,42,-7,2,2,40,38,4,4,0,75,1
63,208,6,86,39,1,1,95,9,4,6,43,1,45,0,11,11,5,82,6,5,0,86,0
76,308,42,135,10,1,1,92,18,5,2,13,0,31,0,0,0,1,-8,1,-8,0,33,1
83,257,5,68,22,0,0,100,-7,7,8,22,2,41,1,2,2,2,60,3,6,0,64,1
92,233,11,72,6,0,0,100,-7,7,8,13,1,33,-8,0,0,0,-8,0,1,0,25,1
68,85,2,42,24,0,0,100,-7,7,8,27,3,48,0,2,2,38,77,4,3,3,64,0
74,183,10,44,12,0,0,100,-7,7,8,12,1,33,6,1,0,39,-8,2,1,1,75,1
61,217,8,87,13,0,0,73,5,4,6,15,1,33,7,0,0,59,-8,6,2,0,100,0
79,222,6,94,24,0,0,100,-7,7,8,24,2,42,9,0,0,82,48,2,4,1,88,0
61,358,9,95,31,0,0,91,10,4,6,33,1,39,0,0,0,70,-8,10,1,2,85,0
91,244,20,84,12,0,0,100,-7,7,8,15,0,43,-7,0,0,0,51,0,2,0,50,1
57,57,2,37,7,3,2,45,16,6,2,11,3,9,-7,0,0,46,-8,4,1,1,83,0
75,209,6,98,33,0,0,97,53,6,6,33,3,33,-7,0,0,25,69,4,3,1,47,1
84,98,35,68,7,0,0,100,-7,7,8,7,0,29,-8,0,0,12,-8,2,1,0,75,1
67,227,1,90,11,1,1,100,-7,6,8,11,1,50,1,3,3,0,48,1,2,0,57,0
61,34,8,16,5,1,1,100,-7,6,8,5,2,60,0,0,0,95,56,2,2,2,100,0
85,146,1,64,42,0,0,100,-7,5,8,43,7,30,0,1,1,5,90,3,4,0,35,1
89,241,2,119,30,0,0,100,-7,7,8,33,2,24,-7,2,2,7,50,6,1,0,58,1
59,78,12,32,19,0,0,100,-7,7,8,22,0,43,0,3,3,91,-8,8,1,5,90,0
67,323,3,111,16,5,3,73,54,6,2,22,2,59,0,2,2,0,74,0,4,0,71,0
78,245,29,144,25,1,1,85,9,4,2,15,0,33,-7,0,0,1,-8,1,1,0,33,0
65,65,9,43,16,0,0,100,-7,7,8,16,1,25,-7,0,0,79,91,7,2,5,75,0
86,266,3,95,12,0,0,100,-7,7,8,13,3,15,0,0,0,22,-8,3,-8,0,43,0
87,247,21,97,19,0,0,100,-7,7,8,20,0,45,0,0,0,3,39,1,1,0,33,1
76,128,3,47,32,0,0,100,-7,7,8,32,3,22,0,3,3,16,42,7,2,1,64,1
83,167,16,69,38,1,0,98,66,6,5,40,0,40,-8,0,0,9,-8,3,1,0,36,1
64,162,5,73,4,3,3,67,54,6,2,7,1,33,0,1,1,57,-8,2,1,0,100,1
89,320,26,139,9,0,0,100,-7,7,8,9,0,11,1,1,1,1,-8,2,-8,0,40,1
66,262,5,51,14,0,0,83,8,4,6,18,3,39,0,0,0,51,84,5,4,1,82,1
70,366,9,163,17,2,2,74,1,0,2,19,2,11,2,1,1,6,-8,2,1,1,36,0
87,254,21,92,26,0,0,100,-7,7,8,26,0,23,0,1,1,0,-8,2,2,0,40,1
65,302,16,91,43,2,2,91,11,4,2,45,0,44,0,0,0,25,61,10,4,1,67,0
80,149,3,52,16,0,0,100,-7,7,8,16,2,63,0,1,1,26,83,1,4,0,83,1
72,259,5,92,27,0,0,96,38,6,6,27,3,30,0,0,0,14,-8,3,3,1,47,0
91,494,6,173,15,0,0,100,-7,7,8,15,1,0,0,0,0,1,-8,2,-8,0,29,0
73,266,9,132,21,0,0,96,27,6,6,25,4,26,0,3,3,20,-8,2,2,0,45,1
76,-8,1,45,17,0,0,100,-7,7,8,0,3,25,0,3,3,6,-8,3,4,2,64,1
90,184,71,106,4,0,0,100,-7,7,8,4,0,50,0,0,0,0,-8,0,1,0,50,1
64,185,8,96,31,2,0,88,17,6,5,33,1,21,16,0,0,73,92,8,3,6,73,0
53,325,21,114,24,0,0,80,0,4,6,26,0,24,-7,1,1,82,79,9,4,6,82,1
89,171,3,90,14,0,0,100,-7,7,8,15,1,27,3,1,1,3,29,1,2,0,60,1
69,98,1,37,8,0,0,100,-7,7,8,12,5,42,0,2,2,51,91,3,2,1,71,1
82,295,16,108,18,0,0,100,-7,7,8,18,0,39,0,0,0,36,47,2,2,1,40,1
65,37,13,24,11,0,0,100,-7,7,8,11,0,27,3,4,4,81,-8,6,1,2,88,0
74,183,4,84,21,1,1,86,3,6,4,24,1,32,2,1,1,15,-8,2,-8,0,25,1
62,393,6,155,17,0,0,94,1,4,6,17,2,41,5,0,0,64,-8,8,-8,1,89,0
57,226,15,144,24,0,0,83,0,4,6,7,0,38,7,0,0,89,58,12,3,4,94,0
80,290,21,100,10,0,0,100,-7,7,8,10,0,30,0,1,1,42,-8,2,-8,1,40,1
88,278,20,138,10,0,0,100,-7,7,8,21,0,27,-8,0,0,3,62,1,1,0,50,1
63,74,12,44,21,1,0,95,22,6,5,22,0,14,-7,1,1,54,83,11,1,4,80,1
53,320,27,122,14,2,0,61,8,4,5,18,0,11,2,1,1,64,-8,8,1,3,77,0
68,184,17,60,24,0,0,80,1,4,6,25,0,40,0,0,0,13,28,1,3,1,50,0
84,433,5,136,21,0,0,100,-7,7,8,24,1,33,-8,0,0,47,87,2,3,0,50,1
82,142,19,91,27,0,0,100,-7,6,7,27,0,37,8,0,0,9,44,6,3,1,82,1
81,74,2,47,24,0,0,100,-7,7,8,26,1,12,-7,2,2,8,-8,2,1,0,38,0
68,235,9,117,16,1,1,89,0,0,2,19,1,53,0,3,3,27,48,1,3,0,83,0
82,221,10,77,40,0,0,98,24,6,6,40,1,15,-7,0,0,4,-8,2,-8,0,15,0
83,269,14,122,17,0,0,100,-7,7,8,17,0,47,0,0,0,24,-8,4,1,0,100,1
58,255,17,124,30,0,0,84,1,4,6,38,0,50,1,8,8,60,11,4,3,4,73,0
73,71,12,47,9,0,0,89,14,6,6,9,0,67,0,2,2,17,93,1,3,-8,100,0
84,394,2,106,23,0,0,92,33,5,6,25,1,40,0,0,0,11,66,5,4,0,75,1
67,136,28,85,14,0,0,86,-8,6,6,14,0,43,0,1,1,97,-8,4,1,4,100,0
89,193,9,114,13,0,0,100,-7,7,8,14,1,43,0,0,0,1,88,2,2,0,67,1
66,139,2,59,20,1,1,100,-7,6,8,21,4,24,1,1,1,60,-8,6,1,3,88,1
77,261,18,100,32,1,1,100,-7,6,8,42,0,38,1,2,2,2,-8,3,-8,0,60,1
61,205,3,77,34,1,1,86,3,0,6,37,3,31,5,3,3,26,64,5,5,0,71,1
56,324,2,100,39,0,0,95,15,6,6,42,2,14,0,4,4,94,-8,20,1,18,85,0
80,236,4,88,39,0,0,90,27,6,6,41,4,32,0,2,1,1,56,4,1,0,63,1
79,252,12,99,22,0,0,96,59,6,6,23,0,52,0,0,0,34,70,7,2,1,100,1
63,137,4,41,18,0,0,100,-7,7,8,18,5,22,-7,3,3,60,98,8,2,3,71,0
65,201,3,97,26,1,1,85,18,6,6,26,4,38,1,3,3,60,-8,3,2,2,83,0
84,245,10,113,16,0,0,94,17,6,6,17,1,12,-7,0,0,6,-8,2,-8,0,40,1
86,227,9,103,32,0,0,100,-7,7,8,35,2,28,14,0,0,14,16,3,2,0,42,1
82,292,6,89,33,0,0,100,-7,7,8,37,3,32,0,0,0,10,40,1,4,0,29,1
78,192,4,104,16,1,1,94,78,6,2,17,1,6,0,3,3,7,-8,2,1,0,33,1
77,215,3,80,17,0,0,89,22,6,6,18,2,11,0,4,4,2,-8,3,1,0,33,1
59,67,15,46,4,1,0,60,5,4,5,5,0,20,0,0,0,52,29,2,1,-8,60,1
65,332,2,139,16,1,0,89,1,3,5,18,2,0,1,1,1,5,-8,9,-8,0,60,1
89,450,5,122,17,0,0,100,-7,7,8,19,1,21,4,1,1,4,-8,3,-8,0,75,1
70,122,4,58,23,0,0,100,-7,7,8,53,2,48,-7,0,0,74,63,3,2,3,50,0
68,188,19,60,19,0,0,100,-7,7,8,17,0,32,10,1,0,92,73,5,2,4,100,1
49,103,4,48,10,12,9,53,7,0,2,17,1,35,-7,2,2,37,66,5,2,0,80,0
71,157,4,75,39,2,0,95,9,3,5,44,2,50,4,3,3,10,65,4,4,0,50,1
85,261,12,110,19,0,0,95,63,6,6,19,0,21,0,0,0,0,82,1,2,0,25,1
88,342,50,256,7,0,0,100,-7,7,8,7,0,0,0,0,0,12,-8,3,-8,0,60,1
59,84,2,33,18,1,1,100,-7,6,8,19,4,53,-7,3,3,84,83,6,4,4,92,1
80,237,3,124,11,0,0,91,68,6,6,11,2,18,4,1,1,20,-8,3,2,0,63,1
83,139,2,67,26,0,0,100,-7,7,8,30,2,23,-7,1,1,9,13,2,2,0,45,1
74,306,33,121,35,1,1,97,61,6,3,37,0,19,8,0,0,32,49,11,3,3,75,1
64,116,11,53,18,2,2,90,54,6,3,20,1,45,-7,1,1,72,65,6,5,2,100,1
90,152,28,107,3,0,0,100,-7,7,8,3,0,67,13,0,0,0,5,0,1,0,50,1
55,258,8,51,28,0,0,93,4,4,6,22,2,38,-7,1,1,55,99,9,3,5,71,0
80,161,17,82,9,0,0,100,-7,6,7,10,0,70,6,0,0,-8,-8,0,1,-8,50,1
77,345,5,108,23,0,0,91,54,6,6,28,2,22,0,1,1,35,-8,3,1,1,36,1
79,298,8,87,30,0,0,90,18,6,6,34,2,29,7,0,0,14,18,5,2,0,64,0
86,323,30,148,25,0,0,96,65,6,6,25,0,28,0,0,0,2,12,6,2,0,67,1
75,112,2,48,18,1,1,100,-7,7,8,31,2,21,-7,0,0,9,-8,3,1,0,50,0
86,285,6,98,21,0,0,100,-7,7,8,23,1,48,0,3,3,14,86,2,2,0,57,1
74,202,9,89,27,0,0,100,-7,7,8,34,1,15,-7,0,0,51,-8,6,1,3,67,0
80,194,9,96,20,0,0,100,-7,7,8,21,1,30,-7,1,1,16,66,5,1,0,55,0
67,214,2,76,31,1,1,100,-7,7,8,32,2,13,-7,0,0,11,-8,6,1,0,37,1
62,200,2,78,30,0,0,90,5,4,6,31,2,26,0,0,0,53,-8,6,1,0,54,0
81,198,4,63,20,0,0,100,-7,7,8,21,4,30,18,0,0,18,80,7,2,1,69,0
66,161,7,77,9,4,4,90,79,6,2,11,2,40,0,1,1,73,-8,4,1,1,83,0
52,197,5,78,17,4,1,71,3,4,5,22,1,38,0,0,0,96,31,6,2,3,89,0
65,258,3,98,21,7,2,70,11,4,4,55,4,33,7,0,0,2,75,2,4,0,46,1
88,228,16,70,22,0,0,100,-7,7,8,22,0,41,-7,0,0,0,-8,1,2,0,38,1
78,167,0,72,46,0,0,98,78,6,6,49,3,41,0,4,4,13,60,7,8,1,75,1
81,166,4,60,20,0,0,100,-7,7,8,21,1,20,5,1,1,0,3,1,3,0,25,0
58,113,6,57,21,0,0,71,6,4,6,21,4,52,0,0,0,84,67,7,2,1,90,0
69,178,22,74,25,0,0,92,12,6,6,25,0,40,0,6,5,20,45,5,2,0,70,0
68,269,8,87,26,0,0,85,8,4,6,27,3,48,5,0,0,39,81,6,4,1,83,1
87,165,5,79,14,0,0,100,-7,7,8,15,4,20,4,1,1,3,-8,1,1,0,33,1
56,203,8,80,22,0,0,95,3,4,6,19,2,14,-7,0,0,77,11,7,2,4,77,0
66,458,2,113,8,2,1,73,4,3,4,11,2,36,2,1,1,1,-8,1,-8,0,100,0
65,305,13,90,25,0,0,88,26,6,6,26,0,58,13,0,0,75,69,3,6,2,75,0
71,174,8,79,22,1,1,87,25,6,3,23,2,35,2,3,1,31,-8,4,3,2,64,0
79,126,11,64,28,0,0,100,-7,6,7,4,1,39,-7,0,0,33,-8,3,2,0,56,1
67,144,21,62,22,0,0,86,6,4,6,22,0,59,1,2,2,11,58,2,3,1,100,1
72,130,8,55,30,0,0,100,-7,6,8,32,4,53,0,2,2,39,82,4,7,0,79,1
83,220,1,121,39,0,0,100,-7,7,8,41,1,39,-7,1,1,17,-8,6,1,0,47,1
82,76,4,78,18,0,0,100,-7,7,8,3,3,44,0,1,1,19,91,4,2,1,88,1
72,104,11,53,11,0,0,92,5,4,6,13,1,38,0,1,1,38,83,1,3,0,80,1
74,340,4,126,49,0,0,96,-8,6,6,51,4,29,0,2,2,28,-8,12,1,2,74,1
73,324,15,89,19,0,0,89,9,4,6,19,0,21,0,0,0,34,36,6,3,1,64,1
85,232,2,105,26,0,0,100,-7,7,8,41,2,39,0,2,2,5,-8,3,3,1,46,1
54,324,3,79,22,6,5,70,3,0,2,37,2,37,-7,2,2,12,66,3,4,0,78,0
90,182,4,129,15,0,0,100,-7,7,8,17,1,29,-7,1,1,0,98,0,2,0,40,1
66,223,43,117,9,3,2,62,3,3,4,13,0,23,0,2,2,15,-8,1,1,0,22,0
92,179,3,102,7,0,0,100,-7,7,8,7,1,14,0,0,0,10,-8,1,-8,0,20,0
89,299,6,123,25,0,0,100,-7,7,8,25,3,16,0,0,0,5,-8,5,1,0,46,1
61,187,6,54,26,0,0,88,47,6,6,26,1,42,0,1,1,66,76,3,3,2,75,0
65,221,1,90,28,2,2,94,20,6,6,33,6,48,0,4,4,9,67,3,2,0,56,0
61,289,5,64,18,0,0,89,8,4,6,18,6,39,4,2,2,73,-8,4,-8,1,57,0
61,184,7,55,4,2,2,67,3,0,2,6,1,67,0,0,0,14,74,1,3,0,100,0
64,86,4,54,7,2,1,78,24,5,2,9,1,11,7,0,0,48,94,2,1,-8,50,0
91,325,34,117,13,0,0,100,-7,7,8,13,0,8,24,0,0,3,-8,2,-8,0,25,1
64,130,1,33,13,0,0,100,-7,7,8,14,6,0,4,1,1,64,-8,7,-8,3,78,1
80,160,7,49,15,0,0,100,-7,7,8,15,1,20,0,1,1,14,-8,2,1,0,30,0
68,175,4,48,27,0,0,100,-7,7,8,29,4,28,0,1,1,54,44,7,3,1,83,1
83,265,6,83,16,0,0,100,-7,7,8,16,2,19,5,0,0,13,-8,1,1,0,22,1
54,68,7,23,5,0,0,83,3,4,6,6,3,33,0,0,0,66,81,3,2,1,83,0
78,282,2,95,23,0,0,100,-7,7,8,24,1,13,0,1,1,22,-8,4,1,1,43,0
68,301,7,91,30,0,0,100,-7,7,8,34,1,18,0,1,1,76,42,8,2,6,56,0
71,241,13,114,10,0,0,100,-7,7,8,10,0,30,-7,1,1,70,58,5,2,4,88,1
74,183,6,76,19,0,0,100,-7,7,8,19,2,26,0,0,0,44,15,4,2,2,75,0
65,124,5,65,12,2,2,92,44,6,2,20,1,23,-7,1,1,5,-8,2,1,-8,75,0
68,373,2,105,33,0,0,91,4,4,6,34,2,50,21,0,0,36,70,3,3,1,55,1
76,132,6,49,15,0,0,100,-7,7,8,15,2,40,-7,1,1,13,-8,2,1,0,50,1
81,156,1,77,31,0,0,100,-7,7,8,37,2,39,0,4,4,13,-8,1,2,0,33,1
85,293,6,94,40,0,0,100,-7,7,8,42,3,14,0,0,0,4,-8,4,-8,0,25,1
84,162,11,75,16,0,0,100,-7,7,8,16,1,31,0,0,0,8,87,3,2,0,75,1
84,188,12,78,30,0,0,100,-7,7,8,30,0,21,2,1,1,0,-8,1,2,1,75,1
66,204,8,69,11,1,0,83,10,4,5,12,2,75,0,0,0,0,92,0,3,0,80,0
76,163,15,66,47,0,0,100,-7,7,8,47,0,21,0,4,4,9,82,5,6,1,58,1
58,254,9,142,31,2,2,82,25,6,6,33,1,67,0,5,5,61,33,2,4,1,88,0
87,408,6,124,24,0,0,100,-7,7,8,24,1,17,-8,0,0,0,94,1,2,0,33,1
66,284,32,107,15,2,2,82,3,4,4,17,0,53,0,1,1,19,50,3,2,1,63,0
91,195,29,135,5,0,0,100,-7,7,8,5,0,0,0,0,0,3,-8,2,-8,0,50,1
68,377,10,81,16,1,0,90,58,6,5,21,3,29,0,2,1,54,35,8,2,1,85,0
77,240,9,78,20,0,0,100,-7,7,8,20,1,45,0,0,0,34,67,4,2,2,60,1
77,-8,50,122,14,1,1,93,49,6,2,0,0,20,-7,0,0,1,-8,1,1,0,75,1
67,291,10,115,24,1,0,97,12,6,5,31,1,32,0,2,1,83,-8,9,1,6,83,0
70,55,45,50,2,0,0,100,-7,7,8,2,0,50,0,3,3,92,-8,1,-8,-8,100,0
73,71,7,41,18,0,0,100,-7,7,8,18,2,56,-7,1,0,38,86,3,3,1,75,0
71,236,11,96,22,0,0,100,-7,7,8,25,1,52,1,2,2,95,-8,3,1,2,80,0
74,390,0,81,24,1,1,93,7,0,2,27,3,44,0,1,1,26,87,2,2,0,40,0
78,283,3,124,33,0,0,100,-7,7,8,37,1,19,3,1,1,77,-8,18,3,16,92,0
79,231,12,80,17,0,0,94,16,6,6,18,0,39,0,2,2,8,-8,4,1,1,50,0
90,190,3,94,15,0,0,100,-7,7,8,15,1,27,3,1,1,3,-8,1,1,0,67,1
64,11,1,5,2,0,0,100,-7,7,8,3,3,67,0,0,0,60,-8,1,1,-8,100,0
59,117,3,98,14,1,1,87,3,4,6,15,2,53,-7,1,1,4,97,2,2,0,100,0
69,153,4,118,16,1,0,72,34,6,5,15,1,11,-7,0,0,58,-8,8,1,0,82,1
61,46,1,18,20,0,0,100,-7,7,8,21,5,14,2,2,2,51,60,13,2,2,84,1
89,404,55,170,7,0,0,100,-7,7,8,8,0,38,-8,0,0,0,-8,1,-8,-8,33,1
84,138,2,67,21,0,0,100,-7,7,8,22,3,55,0,2,2,15,78,3,3,0,86,1
61,148,21,86,21,3,3,88,16,5,2,24,0,71,-7,4,4,63,27,2,5,1,100,0
72,-8,4,76,31,0,0,100,-7,7,8,33,3,27,-7,1,1,22,41,5,3,1,53,0
68,307,1,105,22,1,1,92,5,4,4,25,2,48,-7,3,3,13,42,4,4,1,82,0
80,319,9,111,18,0,0,100,-7,7,8,22,1,50,-8,0,0,73,-8,5,1,-8,86,1
70,-8,4,55,18,1,0,89,11,4,5,0,2,37,-7,2,2,28,75,2,3,0,71,0
62,81,5,40,17,0,0,89,15,6,6,18,1,33,0,2,2,79,63,5,2,2,88,0
64,128,1,59,32,0,0,94,4,4,6,35,2,12,-7,2,2,19,42,3,1,1,31,0
76,88,2,25,11,0,0,100,-7,7,8,13,7,54,-7,3,3,0,88,0,4,0,40,0
67,58,4,29,21,0,0,95,39,6,6,22,6,50,0,3,3,15,94,3,5,0,73,0
71,446,14,109,25,0,0,100,-7,7,8,32,0,8,19,0,0,66,-8,5,1,4,44,1
79,76,2,36,18,1,1,95,48,6,3,21,4,50,-7,3,3,1,96,2,3,0,50,1
79,158,3,54,23,0,0,100,-7,7,8,25,2,38,3,2,2,14,130,1,2,0,50,1
62,149,17,64,11,2,1,83,18,6,5,12,0,33,-7,0,0,35,28,3,2,0,63,0
63,170,2,76,53,3,2,94,22,5,2,62,4,44,0,4,3,34,3,6,2,2,57,0
75,176,2,77,23,0,0,100,-7,7,8,28,3,43,1,1,1,46,86,5,2,2,78,1
70,175,2,113,39,0,0,93,69,5,6,21,3,23,2,1,1,45,-8,6,-8,0,60,1
69,252,3,90,44,1,0,91,7,4,5,46,4,20,4,1,1,23,100,11,2,1,78,1
86,336,88,241,24,2,1,88,73,6,5,21,0,15,-8,0,0,0,-8,0,-8,0,0,1
68,353,1,84,59,0,0,97,13,6,6,60,6,17,1,5,4,42,82,6,3,2,39,0
66,202,9,82,23,2,2,96,0,4,6,26,1,17,0,0,0,33,70,7,3,0,63,0
75,407,1,90,27,1,0,94,18,6,5,31,3,16,0,1,1,3,-8,8,2,0,59,1
56,237,6,108,16,0,0,69,1,4,6,17,1,13,-7,1,1,93,-8,4,1,3,83,0
68,84,11,47,20,1,1,100,-7,7,8,21,1,45,0,0,0,30,-8,2,1,1,43,0
71,152,3,72,53,0,0,100,-7,7,8,59,5,21,2,6,6,43,-8,3,1,0,80,1
65,166,6,78,16,0,0,78,13,6,6,18,1,56,0,0,0,51,3,3,2,1,83,0
77,226,4,77,18,0,0,89,28,6,6,18,2,33,0,0,0,30,90,2,2,0,80,1
63,285,12,57,17,1,1,82,21,6,6,23,0,35,0,4,4,67,87,5,4,2,82,0
65,371,12,123,19,0,0,95,63,6,6,20,0,26,1,3,3,91,60,8,3,7,100,0
61,178,1,45,48,0,0,100,-7,7,8,49,8,20,0,2,2,32,-8,11,3,4,52,1
75,194,2,78,12,0,0,100,-7,7,8,13,2,62,-7,1,1,97,86,4,3,3,100,0
69,66,8,32,14,1,1,93,9,0,2,15,4,53,-7,0,0,9,86,2,3,1,78,0
72,216,5,107,18,0,0,95,61,6,6,3,3,21,3,5,5,54,89,6,3,1,75,0
58,214,10,158,15,4,2,58,1,4,3,19,1,53,-7,0,0,3,68,4,3,0,100,0
76,207,2,101,18,0,0,100,-7,7,8,21,3,24,8,0,0,17,-8,3,2,1,58,0
71,208,20,83,25,0,0,85,13,6,6,26,0,35,0,1,1,10,65,3,2,1,45,1
82,85,7,75,27,0,0,100,-7,7,8,13,2,22,-8,0,0,12,87,4,3,1,50,1
84,253,4,91,18,0,0,94,28,6,6,18,1,28,0,0,0,0,-8,1,2,0,33,0
56,165,15,93,34,0,0,94,2,4,6,36,0,39,0,2,2,85,48,16,6,11,96,0
63,92,9,39,23,0,0,100,-7,7,8,24,1,29,8,0,0,73,-8,8,1,2,83,1
84,151,2,62,18,0,0,100,-7,7,8,19,1,47,-7,2,2,16,60,4,7,0,79,1
77,142,4,71,33,0,0,100,-7,7,8,33,2,55,1,2,2,0,78,2,5,0,78,1
66,139,2,75,15,0,0,94,64,5,6,18,1,33,0,1,1,69,-8,8,1,1,100,0
84,397,71,199,8,0,0,88,65,6,6,8,0,13,0,0,0,0,-8,0,-8,-8,50,1
73,242,4,86,17,0,0,76,40,6,6,17,2,53,9,0,0,39,86,1,4,-8,86,1
74,319,14,115,41,0,0,90,9,4,6,43,0,24,16,0,0,23,-8,10,1,0,52,1
74,369,54,197,21,0,0,95,11,4,6,21,0,10,1,1,1,10,-8,5,2,0,44,1
56,134,2,65,19,3,3,67,18,6,2,24,2,46,0,9,9,66,-8,2,1,2,60,0
58,136,4,70,22,2,1,70,7,4,3,27,2,30,0,0,0,72,41,3,2,2,54,0
87,216,8,87,16,0,0,100,-7,7,8,16,1,19,2,1,1,2,-8,1,-8,0,25,1
83,175,26,69,16,0,0,100,-7,7,8,16,0,38,0,1,1,4,43,2,2,0,40,0
72,135,5,50,26,0,0,100,-7,7,8,26,2,50,0,0,0,78,-8,4,1,1,83,1
91,359,62,188,11,0,0,100,-7,7,8,11,0,18,-7,0,0,5,-8,3,1,0,67,1
71,152,4,68,36,0,0,100,-7,7,8,38,4,44,4,2,2,57,88,6,3,1,82,0
63,99,2,44,45,0,0,98,-7,5,7,48,6,48,-7,2,2,91,92,7,10,3,94,1
74,21,4,12,6,0,0,100,-7,7,8,6,3,17,19,0,0,26,76,3,1,1,80,1
68,308,4,64,41,0,0,95,55,6,6,42,3,48,0,2,2,56,82,8,5,2,87,1
72,241,4,64,14,0,0,100,-7,7,8,15,3,43,-7,1,1,69,96,3,2,2,100,0
51,129,14,72,8,5,3,54,3,1,3,13,0,38,-7,1,1,95,80,3,2,2,100,0
63,10,2,6,1,0,0,100,-7,7,8,2,2,50,0,8,8,64,-8,1,1,-8,100,0
76,146,12,54,13,0,0,100,-7,7,8,14,0,36,0,0,0,48,49,2,3,0,100,1
77,216,8,137,10,0,0,100,-7,7,8,10,1,0,0,3,3,49,-8,4,-8,2,50,0
71,271,7,99,25,1,0,92,56,6,5,26,3,31,7,0,0,81,90,3,3,2,64,1
59,271,5,76,28,0,0,89,2,4,6,27,1,36,-7,3,3,23,97,8,3,0,69,0
69,176,8,73,31,0,0,97,-8,6,6,32,4,38,0,0,0,72,96,6,3,4,75,0
67,109,25,72,8,0,0,75,2,4,6,8,0,13,4,1,1,26,-8,1,1,0,67,0
64,178,8,108,33,0,0,85,1,4,6,33,2,36,0,4,4,48,78,5,3,3,62,0
88,207,14,71,17,0,0,100,-7,7,8,17,0,47,7,0,0,6,51,1,3,0,50,1
80,187,4,71,39,0,0,100,-7,7,8,26,1,15,-7,1,1,4,77,8,2,0,48,1
55,125,5,58,10,1,0,50,3,4,5,14,2,36,-7,1,1,56,71,4,4,2,89,1
70,167,22,78,26,1,1,100,-7,6,8,28,0,38,1,5,5,53,-8,3,3,1,60,1
86,138,8,73,14,0,0,100,-7,7,8,14,1,14,0,0,0,18,-8,5,1,0,75,0
68,140,1,84,6,3,2,64,15,6,4,11,1,45,0,3,3,13,47,1,3,-8,57,0
86,431,27,135,21,0,0,100,-7,7,8,21,0,38,-8,0,0,0,58,1,1,0,25,1
57,10,5,7,6,0,0,100,-7,7,8,6,6,50,-7,0,0,97,93,3,2,1,100,0
74,41,6,20,9,0,0,100,-7,7,8,9,3,11,0,1,1,18,81,4,1,0,63,0
83,61,15,28,13,0,0,100,-7,7,8,13,0,54,17,0,0,3,74,2,3,0,63,1
71,428,4,99,35,1,0,94,4,3,5,13,3,19,-7,1,1,8,67,6,2,1,50,0
82,367,1,90,26,0,0,96,40,6,6,28,3,14,3,2,2,1,-8,5,-8,0,45,0
61,188,10,90,21,2,0,76,3,4,5,25,1,28,-7,5,5,60,-8,4,1,0,86,0
69,148,4,66,41,0,0,100,-7,7,8,41,4,10,-7,1,1,32,60,7,3,1,50,0
72,397,8,116,59,0,0,100,-7,7,8,60,1,3,4,1,1,10,72,17,1,3,56,0
55,179,1,75,22,1,0,83,2,4,5,24,1,29,0,1,1,57,-8,8,-8,3,64,0
72,-8,2,70,16,0,0,100,-7,7,8,17,1,29,0,3,3,68,66,4,2,2,86,0
82,401,10,161,13,0,0,93,3,4,6,14,3,14,-8,0,0,5,-8,2,-8,0,40,1
80,180,23,118,15,0,0,100,-7,7,8,27,0,7,10,0,0,42,-8,2,-8,1,33,0
75,212,6,52,16,1,0,88,20,6,5,24,2,53,-7,2,2,16,44,2,2,-8,44,0
65,146,7,58,29,1,1,97,-8,6,6,33,1,39,-7,5,5,7,88,1,2,0,33,0
67,196,2,56,27,0,0,90,13,6,6,32,7,19,2,3,3,45,11,8,3,2,67,0
83,282,17,70,19,0,0,100,-7,7,8,19,0,32,0,0,0,5,34,3,2,0,56,0
82,153,5,85,12,0,0,87,64,6,6,15,2,67,-8,0,0,1,73,1,5,0,86,1
78,220,9,86,41,0,0,100,-7,7,8,41,1,20,1,2,2,5,-8,4,2,1,50,1
78,159,3,79,39,0,0,100,-7,7,8,40,1,48,0,1,1,23,84,6,4,1,83,0
68,178,16,99,24,0,0,100,-7,7,8,25,0,56,1,2,2,86,69,5,3,3,80,1
65,176,4,84,29,3,2,91,1,0,2,32,2,22,0,0,0,7,90,7,4,1,55,0
86,138,16,97,18,0,0,100,-7,7,8,18,0,61,-8,0,0,24,-8,2,1,0,60,1
80,215,2,121,40,0,0,98,47,6,6,26,6,11,2,3,3,1,81,5,4,0,35,1
89,291,64,154,32,0,0,100,-7,7,8,35,0,23,1,4,3,1,-8,2,2,0,57,1
76,181,24,67,19,0,0,95,31,6,6,19,0,58,16,0,0,54,57,1,4,0,63,1
61,157,2,53,24,0,0,84,1,4,6,25,4,36,0,0,0,41,98,1,4,1,55,0
70,65,3,28,8,0,0,100,-7,7,8,8,2,13,1,2,2,33,-8,5,1,2,75,0
54,298,5,107,5,7,6,38,2,2,2,13,3,15,0,0,0,44,29,3,2,0,83,0
68,119,5,66,13,3,2,80,15,6,3,15,1,27,0,0,0,10,94,3,3,1,50,0
68,255,10,71,11,2,2,92,57,6,2,12,2,42,0,0,0,45,43,6,2,1,100,1
77,141,3,77,29,0,0,100,-7,7,8,31,3,42,0,0,0,33,85,4,2,2,55,0
78,200,10,74,31,0,0,97,4,4,6,35,1,29,0,0,0,0,61,2,3,0,38,1
79,138,4,56,26,0,0,100,-7,7,8,27,3,19,-7,0,0,12,-8,4,2,0,70,1
54,253,6,94,59,2,0,71,3,3,2,66,5,76,0,0,0,45,55,3,2,2,71,0
73,302,5,114,14,1,1,93,19,6,6,5,1,29,-8,0,0,1,-8,1,1,0,33,1
55,139,0,46,23,2,1,77,2,0,2,26,4,31,7,0,0,33,65,4,3,0,67,0
65,162,9,65,28,0,0,100,-7,7,8,28,1,50,1,1,1,83,82,2,3,2,86,0
72,74,2,37,35,0,0,100,-7,5,8,37,5,11,0,0,0,31,-8,7,1,2,38,0
61,128,6,76,12,3,2,67,29,5,3,18,1,56,0,0,0,99,43,3,4,-8,100,0
62,-8,2,14,3,0,0,100,-7,7,8,0,3,0,0,1,1,61,-8,4,-8,2,100,0
78,73,19,46,7,0,0,100,-7,7,8,7,0,43,19,0,0,-8,-8,-8,1,-8,100,0
78,395,1,99,20,0,0,100,-7,7,8,22,3,14,2,1,1,42,-8,4,1,2,45,1
54,151,5,63,9,1,0,55,2,4,5,11,2,45,0,0,0,104,27,3,3,1,100,0
78,82,5,54,33,0,0,100,-7,7,8,41,2,15,-7,3,3,21,11,9,3,2,50,0
55,137,7,67,13,1,1,79,1,0,2,14,1,21,0,9,8,26,89,2,2,0,71,0
63,213,6,65,14,1,1,72,35,6,4,18,4,33,0,1,1,68,91,3,1,0,80,1
68,176,8,96,22,0,0,95,11,4,6,22,1,27,0,0,0,62,17,2,6,1,89,0
64,231,1,67,32,1,1,100,-7,6,8,27,5,12,1,6,6,53,-8,4,1,4,75,0
80,214,8,74,17,0,0,100,-7,7,8,28,1,35,0,1,1,31,83,3,2,1,56,1
85,169,7,62,12,0,0,100,-7,7,8,12,2,33,0,0,0,8,-8,3,2,0,71,1
72,262,2,82,32,0,0,100,-7,7,8,34,5,35,2,1,1,93,99,8,3,4,92,1
76,163,7,72,27,0,0,97,25,6,6,30,1,53,0,0,0,48,-8,3,2,0,100,1
83,240,6,94,19,0,0,100,-7,7,8,19,2,47,0,0,0,21,88,3,2,0,83,1
76,268,1,78,23,0,0,100,-7,7,8,35,6,28,0,2,2,13,53,4,2,0,43,1
77,255,5,72,40,0,0,100,-7,7,8,45,7,22,-7,1,1,3,71,7,5,1,46,1
50,222,20,99,24,2,1,81,1,4,5,26,0,38,3,1,1,42,67,6,3,2,69,0
79,251,25,99,23,0,0,91,11,4,6,24,0,17,20,0,0,6,8,3,2,0,31,1
74,213,4,62,28,0,0,100,-7,7,8,28,1,18,0,0,0,37,-8,5,1,0,60,1
68,227,1,67,24,0,0,96,4,6,6,21,4,56,0,3,3,14,23,3,4,0,64,1
86,186,4,53,17,0,0,100,-7,7,8,17,4,29,0,3,3,4,-8,2,1,0,43,1
68,210,3,68,25,0,0,100,-7,7,8,26,3,31,3,2,2,65,97,8,2,5,67,0
92,406,8,149,12,0,0,100,-7,7,8,13,1,38,0,2,2,5,92,1,1,0,50,1
62,33,33,33,0,0,0,0,21,6,6,1,0,100,0,2,2,-8,-8,-8,1,-8,100,0
76,155,8,75,19,0,0,100,-7,7,8,31,1,32,-7,1,1,46,53,5,3,1,100,0
60,191,5,67,10,2,2,83,49,6,4,12,2,33,-7,1,1,86,86,3,2,2,71,0
63,27,3,14,8,0,0,100,-7,7,8,8,3,50,0,1,1,79,95,3,2,1,83,0
47,57,57,57,1,1,1,0,2,4,6,1,0,0,0,2,2,93,-8,1,-8,1,100,0
80,202,44,147,5,0,0,100,-7,7,8,5,0,0,0,1,0,77,-8,3,-8,1,100,0
81,172,8,58,23,0,0,100,-7,7,8,23,1,35,0,0,0,17,-8,5,2,0,57,0
66,205,2,43,10,0,0,100,-7,7,8,11,3,64,0,3,3,100,53,2,4,2,100,0
81,99,1,54,35,0,0,100,-7,7,8,36,1,25,0,2,2,8,42,2,3,0,67,1
90,249,22,104,12,0,0,100,-7,7,8,12,0,42,0,0,0,0,-8,0,1,0,20,1
71,387,9,133,52,1,0,93,22,6,5,55,1,49,0,0,0,22,51,8,6,1,67,1
84,213,10,74,33,0,0,97,39,6,6,35,1,26,9,0,0,11,-8,4,1,0,50,1
82,165,3,61,50,0,0,100,-7,7,8,51,4,47,-7,3,2,18,62,3,9,0,75,1
59,21,1,8,4,1,1,100,-7,0,8,7,5,33,0,0,0,11,93,2,2,0,80,1
71,213,17,96,29,0,0,87,26,6,6,30,0,23,-8,0,0,60,8,2,3,1,67,1
91,225,4,121,12,0,0,100,-7,7,8,28,2,25,-8,0,0,3,-8,2,1,0,60,1
61,271,2,48,14,2,1,68,14,6,3,34,4,42,3,2,2,76,97,5,2,1,88,0
58,295,5,12,9,0,0,89,2,4,6,18,6,11,-7,0,0,29,-8,7,1,0,89,0
75,385,5,80,52,1,0,98,23,6,5,56,2,41,5,1,1,15,67,9,3,0,54,1
74,111,2,37,8,0,0,100,-7,7,8,9,2,22,0,4,4,49,73,5,2,1,88,0
58,39,4,22,12,0,0,83,6,4,6,12,3,8,0,3,3,45,100,6,1,1,88,0
58,125,14,62,10,5,5,80,1,4,6,10,0,60,0,2,2,81,-8,3,2,1,83,1
66,145,1,68,33,0,0,100,-7,7,8,52,6,36,-7,0,0,91,75,9,7,6,100,0
73,189,8,68,32,0,0,91,8,4,6,33,3,52,0,0,0,19,-8,3,1,0,50,0
77,218,17,116,28,0,0,97,25,6,6,29,0,31,0,0,0,6,86,6,2,1,69,1
57,45,17,33,5,0,0,80,9,4,6,5,0,0,0,4,4,83,-8,2,-8,2,50,0
76,355,5,67,22,0,0,100,-7,7,8,22,2,14,0,1,1,42,-8,6,1,1,44,0
81,204,8,85,40,0,0,100,-7,7,8,43,1,35,0,3,3,9,85,5,2,0,54,0
63,177,9,97,15,0,0,67,5,4,6,6,1,27,0,2,2,60,92,2,2,2,67,0
79,345,17,124,12,0,0,100,-7,7,8,12,0,33,0,3,3,53,-8,1,1,1,33,0
64,303,15,116,18,6,5,65,31,6,2,19,0,52,0,2,2,12,13,3,4,0,70,1
58,184,7,66,39,9,2,85,22,0,5,57,3,44,0,3,3,95,78,5,4,3,100,0
57,158,2,121,22,0,0,91,2,4,6,8,1,39,0,8,8,61,53,7,3,4,86,0
87,213,5,90,15,0,0,100,-7,7,8,15,2,27,0,1,1,3,-8,4,1,0,56,0
67,152,20,89,19,1,0,90,71,6,5,20,0,60,0,0,0,94,53,1,2,1,100,0
72,140,3,80,27,0,0,96,66,6,6,27,3,44,-7,0,0,22,39,5,4,1,75,1
77,119,4,52,30,0,0,100,-7,7,8,34,4,73,6,0,0,26,86,4,8,0,92,1
72,38,6,17,17,0,0,100,-7,7,8,17,4,12,0,0,0,59,76,3,1,0,57,0
89,280,10,90,19,0,0,100,-7,7,8,20,1,16,-8,0,0,1,-8,2,1,0,33,1
73,68,62,65,2,0,0,100,-7,7,8,2,0,0,0,1,1,57,-8,1,-8,1,50,1
82,193,1,75,36,0,0,100,-7,7,8,37,3,38,0,5,5,7,-8,2,2,0,33,1
62,164,9,47,13,0,0,100,-7,7,8,13,3,31,0,1,1,81,87,5,2,4,88,0
78,254,3,118,39,0,0,95,34,6,6,39,2,26,-7,1,1,20,9,6,3,0,56,1
63,203,4,78,40,0,0,98,63,6,6,42,4,55,-7,5,5,80,88,3,4,2,70,0
68,-8,4,46,11,1,1,100,-7,6,8,12,1,25,-7,1,1,45,-8,6,1,0,88,0
83,187,3,59,19,0,0,100,-7,7,8,32,2,37,0,3,3,6,93,5,1,0,75,1
73,348,8,102,12,0,0,83,4,4,6,12,1,33,0,0,0,28,-8,4,2,0,75,1
82,178,1,78,24,0,0,92,36,6,6,26,4,27,5,1,1,7,100,5,3,0,57,1
78,274,4,98,5,0,0,100,-7,7,8,6,2,67,0,2,2,0,80,0,2,0,50,1
85,446,11,183,8,0,0,100,-7,7,8,9,1,67,0,0,0,12,69,1,2,-8,75,1
69,198,3,111,21,1,1,100,-7,0,8,23,3,26,-7,1,1,5,-8,2,2,0,57,0
61,261,7,95,28,0,0,89,7,4,6,28,1,39,0,1,1,67,68,10,3,3,93,0
77,275,5,105,30,1,0,90,34,6,5,31,2,52,0,0,0,40,97,3,5,2,53,1
78,83,12,66,22,1,0,91,26,6,5,9,0,48,13,0,0,31,85,6,4,0,77,0
56,191,0,76,53,1,1,100,-7,0,8,54,7,48,-7,3,3,51,60,13,5,1,78,0
80,144,2,58,13,0,0,100,-7,7,8,19,1,21,6,0,0,22,51,2,2,0,67,1
63,76,9,31,4,1,1,80,49,6,4,5,1,20,0,1,1,84,-8,4,-8,3,100,0
85,122,5,105,18,0,0,100,-7,7,8,28,2,44,-7,4,4,11,-8,2,1,0,75,0
63,125,4,70,27,1,0,93,12,6,5,44,3,31,0,1,1,56,60,7,3,2,73,1
72,275,12,80,4,0,0,80,9,4,6,5,0,60,0,0,0,56,58,1,2,1,75,0
79,79,1,83,26,0,0,100,-7,7,8,1,1,37,0,2,2,36,34,2,2,0,50,1
80,219,3,92,18,0,0,100,-7,7,8,20,2,20,5,0,0,41,100,5,2,1,88,1
84,325,2,107,13,0,0,100,-7,7,8,14,2,29,1,1,1,19,98,4,3,0,70,0
80,116,6,49,13,0,0,92,67,6,6,13,1,69,-7,2,2,1,73,1,3,0,67,0
86,219,4,79,19,0,0,95,-8,6,6,19,1,32,-7,2,2,2,-8,1,-8,0,14,0
74,311,32,118,15,0,0,93,5,4,6,15,0,53,0,0,0,6,-8,2,1,0,50,0
58,116,15,74,11,2,0,53,6,4,5,15,0,27,-7,0,0,85,43,4,3,2,78,0
66,337,7,112,38,0,0,98,8,4,6,40,1,28,0,1,1,46,81,8,4,3,71,0
50,204,2,91,23,2,0,82,1,3,5,28,2,32,0,6,6,32,-8,5,-8,0,67,0
69,140,4,60,21,0,0,100,-7,7,8,22,5,55,-7,3,3,70,-8,6,1,1,88,0
72,148,4,38,15,0,0,100,-7,7,8,15,3,33,0,4,4,16,96,4,2,1,100,1
74,195,6,103,22,1,1,96,34,6,4,23,2,22,-8,1,0,43,-8,5,-8,2,75,0
60,296,8,87,33,5,2,79,1,0,2,41,1,20,1,1,1,41,17,4,3,3,54,1
65,111,19,63,23,1,1,92,25,6,2,25,0,64,0,4,4,72,114,1,8,0,90,0
75,126,9,64,7,0,0,100,-7,7,8,7,1,57,0,0,0,101,59,2,3,2,100,1
56,223,9,71,21,0,0,90,0,4,6,22,2,43,-7,2,2,87,51,5,3,2,100,0
56,79,35,56,6,3,0,67,3,4,5,9,0,33,0,0,0,54,-8,1,1,0,100,0
72,133,4,58,20,0,0,100,-7,7,8,20,2,30,0,1,1,56,83,5,3,2,100,0
63,192,1,80,21,0,0,86,15,6,6,24,3,14,1,1,1,44,71,12,1,3,81,1
88,160,5,74,10,0,0,100,-7,7,8,10,1,50,0,1,1,0,84,1,2,0,50,1
87,437,2,137,25,0,0,100,-7,7,8,25,1,12,4,1,1,4,-8,6,1,0,50,1
66,147,4,68,37,5,4,90,73,6,2,42,3,43,1,1,1,65,78,10,3,2,87,1
65,247,5,87,50,0,0,96,3,4,6,52,3,16,4,1,1,11,22,10,2,1,55,1
89,243,47,157,4,0,0,100,-7,7,8,4,0,25,9,0,0,1,-8,1,-8,0,50,1
56,447,3,145,14,2,2,78,1,4,2,18,1,22,0,1,1,32,-8,3,-8,1,43,1
43,165,15,80,20,6,4,61,1,3,3,28,0,11,2,2,2,93,-8,15,-8,7,100,0
74,195,2,97,15,1,1,82,28,6,2,14,2,24,-7,0,0,18,7,5,2,0,70,0
90,501,10,161,11,0,0,100,-7,7,8,11,1,27,-8,0,0,9,-8,1,1,0,25,1
88,258,11,82,15,0,0,100,-7,7,8,15,1,20,19,0,0,1,-8,1,1,0,29,1
84,269,13,146,29,0,0,97,56,6,6,31,0,39,0,2,2,0,64,3,1,0,36,1
90,291,12,99,17,0,0,100,-7,7,8,19,0,41,-8,0,0,0,-8,1,1,0,50,1
68,135,5,64,19,2,0,90,12,6,5,21,4,52,0,0,0,41,92,7,2,1,82,1
85,387,79,223,9,0,0,100,-7,7,8,11,0,0,0,0,0,34,-8,3,-8,0,60,1
71,228,4,81,45,1,0,98,-8,6,5,46,2,39,10,0,0,24,95,4,2,1,44,0
70,207,0,74,22,0,0,100,-7,7,8,23,1,13,0,1,1,62,25,5,3,2,67,1
86,94,9,90,23,0,0,100,-7,7,8,7,2,16,14,0,0,14,92,2,1,1,38,1
83,287,6,77,24,0,0,96,47,6,6,24,2,21,0,1,1,2,73,2,2,0,25,1
60,161,5,80,34,1,0,89,2,4,5,35,5,20,-7,1,1,51,37,13,2,1,79,0
73,186,7,73,30,1,0,87,27,6,5,31,1,19,0,1,1,69,25,3,2,1,56,1
82,234,4,90,36,0,0,97,28,6,6,17,4,29,7,0,0,14,62,4,1,1,50,1
70,240,19,93,20,0,0,100,-7,7,8,20,0,15,0,1,1,67,-8,7,1,5,69,1
67,151,3,67,22,1,0,96,33,6,5,28,3,61,1,6,6,52,69,4,5,2,82,1
68,169,3,74,9,2,1,73,33,6,2,11,1,45,0,1,1,10,101,1,2,-8,75,0
80,188,8,66,22,0,0,100,-7,7,8,26,1,13,2,2,1,2,-8,4,-8,0,27,1
72,-8,2,70,27,0,0,100,-7,7,8,31,1,13,-7,1,1,36,-8,6,1,4,67,0
70,183,27,97,16,2,2,89,66,6,2,25,0,33,-7,1,0,79,-8,3,1,1,100,1
73,121,7,57,20,1,1,100,-7,7,8,21,1,50,0,0,0,6,54,2,4,0,86,1
90,100,57,98,7,0,0,100,-7,7,8,18,0,0,-8,0,0,9,-8,2,-8,0,50,1
71,114,11,80,12,0,0,92,-8,6,6,12,1,33,0,0,0,42,84,3,2,1,71,1
93,317,163,273,4,0,0,100,-7,7,8,4,0,25,0,0,0,1,-8,2,-8,0,100,1
67,164,10,77,46,1,1,98,5,4,6,50,1,18,8,0,0,24,68,12,2,1,54,0
74,173,4,96,37,0,0,100,-7,6,7,38,4,45,-7,3,3,41,97,3,2,0,36,1
61,194,3,84,36,0,0,97,68,6,6,39,2,31,0,1,1,77,100,7,2,4,75,0
71,160,4,68,31,0,0,100,-7,7,8,31,3,35,1,1,1,61,35,5,3,1,80,1
57,172,56,116,10,12,12,58,20,0,2,21,0,17,0,0,0,12,-8,2,-8,-8,67,0
76,219,5,101,35,0,0,100,-7,5,7,35,1,51,-7,1,1,91,96,3,4,3,78,0
69,222,12,103,31,1,0,94,79,6,5,33,0,33,6,1,0,32,68,13,3,2,84,1
60,77,9,42,10,3,2,50,17,6,2,14,1,86,0,2,2,0,56,0,2,-8,50,0
64,120,8,38,8,0,0,100,-7,7,8,8,1,38,10,0,0,93,67,4,3,4,100,0
86,261,14,97,16,0,0,100,-7,7,8,16,0,19,0,0,0,9,-8,3,-8,0,38,0
69,190,6,66,30,1,0,91,17,6,5,21,2,25,-7,0,0,37,-8,6,1,1,70,1
61,158,20,71,21,0,0,95,47,6,6,21,0,29,0,1,1,95,-8,7,2,4,100,1
73,170,8,61,27,2,1,90,17,6,3,29,1,17,0,0,0,21,-8,4,1,0,33,1
69,208,5,61,48,1,1,98,36,6,3,53,6,26,0,3,3,78,93,8,4,3,75,0
91,230,12,135,18,0,0,100,-7,7,8,32,0,16,12,0,0,10,-8,1,-8,0,25,1
56,247,6,76,16,4,0,67,4,3,5,21,2,62,0,2,2,64,82,6,10,2,100,0
76,144,3,65,23,0,0,100,-7,7,8,24,2,22,-7,0,0,25,19,2,3,0,45,0
65,102,3,39,38,1,1,92,6,4,4,39,9,46,0,13,13,20,86,4,14,1,72,0
67,94,4,55,36,1,1,95,50,6,2,38,4,32,0,5,5,12,81,5,4,1,64,1
65,64,40,49,6,0,0,67,6,4,6,6,0,100,0,0,0,-8,72,-8,3,-8,100,0
73,83,2,37,24,0,0,100,-7,7,8,25,2,24,0,2,2,29,58,3,2,1,45,1
67,160,11,67,23,0,0,100,-7,7,8,23,1,43,0,0,0,76,88,5,4,3,75,0
82,163,14,84,15,0,0,100,-7,7,8,17,0,53,9,0,0,29,89,2,2,0,67,1
72,242,6,68,15,0,0,87,5,4,6,16,1,73,7,0,0,0,8,0,2,0,50,1
60,144,9,48,28,1,1,97,22,6,2,30,2,33,-7,0,0,79,59,5,4,4,64,0
63,-8,31,86,13,1,1,93,35,6,6,14,0,21,-7,2,2,83,40,6,1,2,88,0
72,269,2,86,25,0,0,85,0,4,6,26,1,12,0,2,2,1,-8,3,1,0,29,1
68,141,7,51,15,0,0,100,-7,7,8,15,4,33,0,0,0,47,92,5,2,1,78,0
83,306,2,92,30,0,0,100,-7,7,8,32,3,22,-8,0,0,18,-8,5,1,1,43,1
65,125,3,70,79,0,0,98,44,6,6,104,5,21,-7,9,9,71,55,18,3,8,79,1
66,193,6,43,40,0,0,98,71,6,6,40,3,25,1,1,1,19,-8,12,2,1,64,0
84,128,6,70,28,0,0,96,25,6,6,28,3,14,-8,0,0,3,-8,2,1,0,33,1
65,151,7,71,13,1,0,79,33,6,2,14,1,36,0,1,1,22,-8,4,1,0,63,0
67,124,2,53,18,0,0,89,6,4,6,20,1,47,2,3,3,30,58,5,2,1,100,0
79,157,1,51,20,0,0,100,-7,7,8,38,4,14,1,1,1,11,-8,3,-8,2,27,0
85,325,11,79,39,0,0,98,-7,5,7,41,1,29,0,2,2,19,80,3,5,0,57,0
66,265,6,101,32,3,2,86,8,4,2,36,4,33,0,1,1,39,-8,7,1,1,89,0
80,456,5,115,19,0,0,100,-7,7,8,21,3,29,7,1,0,30,85,3,2,1,63,1
72,202,2,62,28,0,0,83,7,4,6,30,3,24,2,2,2,6,63,2,2,0,33,1
60,15,5,11,7,1,1,100,-7,7,8,8,3,29,0,1,1,64,-8,2,1,-8,75,0
85,152,15,84,17,0,0,88,42,6,6,17,0,12,0,1,1,4,-8,1,1,0,15,0
78,200,28,69,3,0,0,100,-7,7,8,6,0,0,0,1,1,30,-8,2,-8,1,100,0
68,212,3,89,33,0,0,97,13,6,6,33,3,42,3,1,1,43,68,5,3,0,67,1
69,345,2,89,30,0,0,100,-7,7,8,31,3,19,9,0,0,45,33,8,3,3,65,0
70,80,3,43,27,1,1,100,-7,6,8,10,8,15,0,6,6,5,58,12,2,0,67,0
61,316,1,87,38,0,0,93,2,4,6,40,3,58,0,2,2,78,71,5,6,4,73,0
60,383,1,57,26,0,0,96,62,6,6,29,6,25,1,2,2,48,99,8,2,3,91,0
55,154,7,68,19,0,0,84,3,4,6,22,2,21,3,1,1,62,-8,4,1,3,56,0
55,108,6,42,18,1,1,83,1,4,6,18,1,50,0,9,9,83,62,7,2,4,90,0
72,98,16,49,11,0,0,91,16,6,6,11,0,36,4,4,4,56,79,1,1,0,67,0
60,-8,3,73,19,3,3,84,76,0,6,0,3,42,8,0,0,22,73,1,2,0,33,0
71,114,12,66,39,0,0,96,1,4,6,46,0,41,0,0,0,17,81,6,7,1,50,0
65,435,3,97,32,0,0,100,-7,7,8,34,2,18,0,8,8,70,-8,9,1,8,67,0
85,-8,17,86,21,0,0,100,-7,7,8,22,0,59,-7,0,0,0,-8,1,1,1,80,1
63,324,8,119,30,1,1,70,3,6,2,33,2,12,1,1,1,12,77,4,2,1,62,0
70,143,3,65,19,0,0,95,40,6,6,20,3,50,13,0,0,75,-8,5,2,2,88,0
73,116,23,65,23,0,0,100,-7,7,8,23,0,39,1,1,1,25,70,3,4,1,62,1
69,82,5,40,21,0,0,100,-7,7,8,21,2,57,1,3,3,55,88,3,4,2,88,0
77,178,3,87,19,0,0,95,42,6,6,19,2,16,0,3,3,35,58,4,2,2,54,1
63,79,10,30,10,0,0,100,-7,7,8,10,1,30,-7,0,0,88,70,4,2,2,100,0
74,42,10,27,8,0,0,100,-7,7,8,8,2,25,23,1,0,41,76,2,2,1,57,0
66,31,3,18,10,0,0,100,-7,7,8,10,2,10,0,1,1,53,82,9,1,2,100,0
71,172,5,74,18,0,0,95,52,6,6,19,3,16,4,1,1,55,36,4,2,2,89,0
72,224,23,91,23,1,0,96,49,6,5,24,0,29,0,0,0,48,60,3,2,0,56,1
66,22,3,13,2,0,0,100,-7,7,8,2,1,100,3,1,1,-8,92,-8,1,-8,100,0
61,112,3,32,29,0,0,100,-7,5,8,31,7,77,0,5,5,88,82,7,4,3,100,0
86,139,112,126,2,0,0,100,-7,7,8,2,0,0,-7,0,0,12,-8,1,-8,0,100,1
68,263,13,99,28,0,0,93,29,6,6,34,0,23,2,1,1,68,82,12,3,5,88,0
71,162,11,51,13,0,0,92,13,6,6,13,1,15,0,0,0,51,-8,3,1,1,50,0
69,59,10,43,10,2,2,75,32,6,3,12,1,50,0,0,0,18,81,1,2,0,75,0
90,300,15,109,17,0,0,100,-7,7,8,18,0,29,-7,0,0,8,-8,2,1,0,60,0
75,160,4,57,30,0,0,100,-7,7,8,31,5,55,0,2,2,7,85,3,9,0,86,0
56,106,2,31,40,0,0,100,-7,7,8,41,10,46,-7,11,11,57,86,14,6,3,87,0
87,134,4,65,8,0,0,100,-7,7,8,8,2,50,-7,0,0,19,85,1,2,0,50,0
63,62,4,20,7,2,2,88,26,6,2,8,4,50,0,1,1,43,77,3,2,0,100,0
56,66,2,25,13,2,2,93,52,6,4,16,6,40,0,2,2,80,95,8,5,2,100,0
77,171,2,73,23,0,0,100,-7,7,8,24,2,29,2,5,5,19,25,3,2,0,50,1
66,165,6,69,21,2,1,59,23,6,3,27,4,48,0,1,1,22,71,2,3,0,63,0
60,342,2,77,29,4,0,72,25,5,5,36,4,58,0,1,1,47,88,3,4,1,88,0
66,175,4,88,8,3,0,50,14,6,5,12,2,33,0,3,3,32,-8,3,1,0,80,0
77,225,9,88,44,0,0,98,23,6,6,58,3,21,10,0,0,22,-8,10,1,0,65,1
90,242,35,158,7,0,0,100,-7,7,8,15,0,14,-8,0,0,0,-8,2,-8,0,33,1
69,184,15,76,9,2,2,82,49,6,2,11,0,27,0,0,0,66,-8,4,-8,2,57,0
73,347,6,140,32,0,0,100,-7,7,8,32,1,9,-8,0,0,41,-8,15,1,6,74,1
59,42,1,18,11,2,2,100,-7,7,8,14,4,58,0,1,1,59,89,4,4,1,89,0
59,179,11,40,28,0,0,100,-7,7,8,28,3,11,0,1,1,62,65,8,1,4,75,0
57,173,3,48,25,1,1,96,1,2,4,26,4,23,0,2,2,4,36,5,4,0,60,0
59,136,6,42,18,0,0,89,17,6,6,18,4,28,0,1,1,44,99,5,2,3,50,0
72,214,17,61,21,0,0,100,-7,7,8,21,0,33,0,0,0,66,66,7,2,2,64,1
89,181,22,77,25,0,0,100,-7,7,8,25,0,8,0,4,3,0,63,3,1,0,44,1
62,227,9,30,7,1,0,88,13,6,5,22,2,50,-7,0,0,96,-8,4,1,1,100,0
72,236,5,88,29,1,1,84,10,4,2,43,1,13,0,3,3,2,3,2,1,0,23,0
65,142,14,85,9,4,3,82,12,6,3,13,0,64,0,1,1,30,35,2,2,0,100,0
89,186,18,86,10,0,0,100,-7,7,8,10,0,20,0,1,1,0,-8,1,-8,0,20,1
80,296,5,87,31,0,0,100,-7,7,8,30,2,16,16,0,0,11,46,8,2,0,56,1
82,161,4,75,25,0,0,96,74,6,6,19,1,67,-7,5,5,9,87,2,2,-8,100,0
67,89,2,41,19,0,0,100,-7,7,8,21,5,71,0,4,4,83,91,4,5,2,100,0
59,367,207,263,3,2,1,50,1,4,5,4,0,25,0,1,1,4,-8,1,-8,-8,100,0
82,258,8,118,22,1,0,91,78,6,5,23,2,43,-7,0,0,39,66,2,2,0,57,1
82,254,12,84,29,0,0,97,32,6,6,29,0,34,0,0,0,7,55,3,3,0,58,1
54,194,11,85,11,3,2,43,3,3,2,30,1,36,-7,0,0,55,-8,4,1,1,83,0
67,14,14,14,2,0,0,100,-7,7,8,2,0,0,3,1,1,82,-8,2,-8,1,100,0
79,335,11,106,44,0,0,96,35,6,6,45,1,40,11,0,0,3,74,1,4,0,46,1
64,226,1,102,44,0,0,98,1,4,6,50,1,28,1,2,2,59,100,10,3,4,62,1
82,182,6,106,10,0,0,100,-7,7,8,10,1,30,0,0,0,65,-8,2,2,0,80,1
74,185,7,79,25,0,0,100,-7,7,8,25,3,44,0,1,1,47,93,7,3,2,67,0
69,216,36,82,15,1,1,93,24,6,6,15,0,33,-8,0,0,51,-8,8,1,0,100,1
81,93,13,50,9,0,0,100,-7,7,8,9,0,11,0,0,0,23,-8,2,1,0,60,1
82,336,4,106,23,0,0,100,-7,7,8,23,1,22,0,2,2,2,56,2,2,0,31,1
66,409,4,138,18,0,0,85,15,6,6,20,2,25,0,0,0,55,-8,7,-8,1,80,0
84,169,21,57,15,0,0,100,-7,7,8,15,0,33,0,1,1,11,-8,3,1,0,57,1
84,311,10,85,26,0,0,100,-7,7,8,26,1,31,0,0,0,8,23,3,2,0,36,1
85,326,4,120,21,0,0,100,-7,7,8,44,1,26,4,3,3,5,39,2,2,0,31,1
69,138,22,71,8,2,1,80,38,6,5,10,0,70,0,3,3,-8,39,-8,2,-8,100,1
59,274,3,98,27,0,0,93,1,4,6,28,2,21,0,1,1,54,82,8,2,4,65,1
91,197,47,104,18,0,0,100,-7,7,8,18,0,11,-8,0,0,3,-8,2,-8,0,20,1
61,120,8,69,26,0,0,96,39,6,6,28,2,15,-7,4,4,90,71,5,2,3,100,0
67,91,3,45,23,1,1,88,41,5,3,24,4,75,0,2,2,20,62,2,4,0,100,1
76,292,1,110,38,0,0,98,67,6,6,44,3,18,6,0,0,21,96,7,2,2,59,1
62,281,1,54,41,0,0,85,2,4,6,47,7,47,0,6,5,34,87,7,3,1,67,0
62,159,6,67,14,0,0,86,3,4,6,18,3,36,0,2,2,71,93,2,3,1,83,0
90,230,9,84,26,0,0,100,-7,7,8,28,2,57,9,0,0,1,85,1,3,0,44,1
80,381,2,90,23,0,0,92,33,6,6,24,2,33,0,1,1,3,84,3,3,0,50,1
65,254,7,103,48,0,0,96,19,6,6,49,4,39,-7,0,0,72,77,15,7,6,85,1
65,206,14,76,25,5,5,88,6,4,6,26,0,69,0,1,1,76,82,2,3,1,100,1
77,146,11,64,11,1,1,92,-8,6,3,14,1,17,3,1,1,7,-8,2,1,0,75,0
76,397,2,106,22,0,0,91,11,6,6,23,1,13,9,0,0,17,-8,7,1,0,50,0
69,187,2,98,29,0,0,97,25,6,6,30,3,37,2,2,2,33,74,7,4,2,73,1
67,51,2,25,9,0,0,80,10,4,6,10,2,50,0,2,2,0,96,1,1,0,50,0
66,159,2,82,15,1,1,82,24,6,4,22,1,50,-7,3,3,107,-8,2,1,1,100,0
65,206,5,68,30,0,0,97,6,4,6,68,1,39,1,1,1,63,73,6,3,1,100,0
57,119,7,7,3,0,0,100,-7,7,8,7,3,0,-7,8,6,84,-8,3,-8,1,100,0
91,325,4,103,23,0,0,100,-7,7,8,26,2,77,3,1,1,4,58,2,5,0,64,0
55,152,6,78,23,2,1,87,1,4,3,31,3,58,0,0,0,0,91,0,2,0,75,0
69,161,8,96,41,0,0,100,-7,7,8,46,1,18,0,2,2,26,85,8,3,3,48,0
72,233,6,98,36,0,0,100,-7,7,8,38,2,34,0,1,1,63,-8,5,1,2,55,1
83,294,2,106,22,2,1,92,43,6,4,47,3,16,2,1,1,0,35,2,2,0,44,1
63,184,9,75,22,0,0,95,4,4,6,22,1,18,0,1,1,78,6,8,2,4,79,0
68,86,7,27,11,1,1,92,7,0,2,12,3,50,0,1,1,0,95,0,3,-8,50,0
80,305,16,154,17,0,0,100,-7,7,8,18,0,12,-7,2,2,25,-8,2,1,0,44,1
56,206,13,61,21,2,2,90,3,4,6,21,0,29,-7,1,0,64,50,7,2,4,69,0
82,271,2,88,31,0,0,97,12,6,6,34,4,18,0,1,1,16,-8,5,1,0,55,1
65,208,3,84,20,0,0,85,18,6,6,20,3,20,0,0,0,55,92,8,2,2,67,0
89,385,6,94,15,0,0,100,-7,7,8,16,1,44,4,1,1,7,-8,2,1,0,100,1
76,257,18,100,4,0,0,100,-7,7,8,4,0,25,0,0,0,80,-8,3,1,1,100,0
76,132,5,54,24,0,0,96,80,6,6,24,3,17,-7,1,1,15,91,4,2,1,75,0
71,68,4,33,10,0,0,100,-7,7,8,10,4,50,0,0,0,58,71,5,4,0,100,0
85,192,5,92,24,0,0,100,-7,7,8,26,2,46,5,1,1,2,91,4,2,0,67,1
62,171,15,64,3,1,1,60,29,6,4,5,0,60,4,1,1,113,-8,1,1,-8,100,0
71,172,17,81,8,1,1,89,52,6,2,9,0,44,-7,0,0,-8,-8,-8,1,-8,100,1
56,-8,37,90,11,7,5,55,4,0,2,20,0,65,9,0,0,-8,12,1,1,0,100,0
89,344,6,137,19,0,0,100,-7,7,8,20,1,25,0,1,1,10,-8,3,2,0,63,1
64,153,8,55,8,2,2,78,7,4,4,9,2,22,0,0,0,28,-8,4,1,0,71,0
67,234,3,96,43,0,0,100,-7,7,8,43,3,12,0,1,1,79,24,23,4,11,87,0
76,73,4,32,15,0,0,100,-7,7,8,15,2,20,4,1,1,21,86,5,2,0,54,1
88,314,10,103,10,0,0,100,-7,7,8,10,1,30,9,0,0,6,-8,3,1,0,80,1
56,36,5,17,18,0,0,100,-7,7,8,18,10,22,0,3,3,51,93,9,4,3,82,0
71,12,12,12,1,0,0,100,-7,7,8,1,0,100,0,2,2,-8,88,-8,1,-8,100,0
90,245,2,98,7,0,0,100,-7,7,8,8,1,63,21,0,0,11,79,2,2,0,80,1
67,314,0,108,10,1,0,92,8,3,5,12,2,17,0,1,1,60,-8,5,1,2,75,0
81,162,8,82,32,0,0,100,-7,7,8,13,1,47,7,0,0,5,71,1,5,0,46,1
87,153,38,83,5,0,0,100,-7,7,8,12,0,20,2,1,1,0,-8,1,1,0,67,1
73,158,4,75,13,1,1,93,80,6,3,14,1,57,-7,1,1,97,77,2,2,2,100,0
79,134,1,59,32,0,0,100,-7,7,8,39,6,41,0,4,4,14,95,2,4,1,40,0
69,175,6,56,17,2,1,90,11,4,5,20,3,55,1,1,1,16,92,3,8,0,73,1
70,419,6,79,15,2,2,90,2,0,2,21,3,29,0,1,1,44,-8,2,1,1,38,1
62,215,7,81,23,2,1,80,16,6,2,25,1,20,0,2,1,65,100,9,1,3,71,0
54,23,15,18,3,1,1,100,-7,7,8,4,0,33,0,0,0,94,-8,2,1,0,100,0
72,232,5,77,21,0,0,91,5,4,6,22,3,32,0,0,0,20,85,2,2,0,36,0
63,31,8,110,12,0,0,92,8,4,6,1,2,42,7,0,0,84,74,2,2,2,67,0
78,260,13,133,23,0,0,100,-7,7,8,23,0,35,0,1,1,37,76,7,2,1,82,0
77,271,4,120,44,0,0,100,-7,7,8,50,2,35,5,0,0,36,98,6,2,2,53,1
85,177,2,84,30,0,0,100,-7,7,8,35,1,33,-7,2,2,12,74,2,5,0,47,1
88,365,5,166,29,0,0,97,14,6,6,30,2,43,17,0,0,10,-8,1,3,0,44,1
77,157,2,86,2,0,0,67,21,6,6,3,1,67,0,0,0,10,-8,1,1,-8,100,0
63,158,1,34,9,1,1,91,-8,6,6,11,3,55,0,2,2,81,94,3,3,1,86,0
77,516,14,110,10,0,0,90,14,6,6,10,0,30,0,1,1,55,79,3,2,1,86,0
56,165,1,71,1,6,5,75,34,6,5,9,2,50,0,3,3,0,-8,0,1,0,67,0
79,280,5,91,44,0,0,100,-7,7,8,21,2,23,18,0,0,17,91,5,3,1,30,0
77,182,4,70,39,0,0,100,-7,7,8,39,2,28,-7,0,0,13,46,6,3,0,50,1
68,110,5,48,14,0,0,71,23,6,6,14,1,43,0,1,1,30,78,3,2,1,83,1
79,210,14,102,13,0,0,93,79,6,6,14,0,29,13,0,0,20,-8,2,1,1,75,1
75,398,7,147,12,1,1,100,-7,6,8,14,2,17,6,0,0,0,97,1,1,0,18,1
70,115,3,124,30,1,1,94,8,0,2,8,2,23,3,4,4,39,77,6,2,2,53,0
70,153,11,85,9,1,0,80,26,6,5,10,1,50,-7,0,0,68,74,2,2,2,67,0
62,181,6,52,21,0,0,100,-7,7,8,21,2,38,0,2,2,81,74,4,4,2,62,0
71,60,4,25,16,0,0,100,-7,7,8,16,2,56,9,0,0,46,85,5,5,0,100,0
86,219,33,99,19,0,0,100,-7,7,8,21,0,52,-8,0,0,0,-8,1,1,0,33,1
63,204,2,79,21,4,4,85,38,6,2,26,2,73,0,2,2,77,79,4,3,2,70,0
78,343,6,83,43,0,0,98,67,6,6,43,1,23,5,0,0,14,80,7,3,0,50,1
87,117,2,75,10,0,0,91,72,6,6,11,2,55,-8,0,0,5,51,1,4,-8,83,0
75,184,14,89,12,0,0,100,-7,7,8,17,0,71,10,0,0,58,82,2,3,1,100,0
68,353,1,131,10,7,2,50,20,6,4,20,1,40,0,2,2,27,-8,2,2,1,50,0
57,188,16,83,13,1,0,79,3,3,5,14,0,29,16,0,0,98,95,3,3,3,86,0
61,391,2,137,16,0,0,71,8,4,6,17,1,35,0,0,0,62,23,5,2,3,78,0
63,298,3,90,30,2,0,67,3,3,5,25,3,21,2,6,6,15,43,16,4,1,80,0
66,93,7,33,23,0,0,100,-7,7,8,24,3,33,0,2,2,58,97,8,2,4,63,0
62,152,10,79,18,5,1,72,20,6,4,25,1,28,0,1,1,81,80,5,2,3,78,1
83,416,16,175,25,2,0,93,44,6,5,27,0,11,-7,0,0,22,-8,6,1,0,64,0
73,18,2,10,1,0,0,100,-7,7,8,2,1,50,0,6,6,12,-8,1,1,0,100,0
89,118,5,56,9,0,0,100,-7,7,8,9,1,22,6,0,0,0,-8,1,-8,0,17,1
86,242,77,135,14,0,0,100,-7,7,8,14,0,36,1,3,3,3,-8,2,1,0,43,1
85,257,4,89,33,0,0,100,-7,7,8,33,1,24,2,1,1,7,-8,2,4,0,50,1
60,146,11,99,16,0,0,81,7,4,6,16,1,13,10,0,0,42,-8,7,1,2,80,0
63,175,7,62,13,1,1,71,16,6,6,14,2,64,0,6,6,50,100,5,3,0,100,0
60,-8,0,62,30,1,1,94,21,6,3,0,4,22,4,2,2,67,98,12,2,4,76,0
85,197,4,81,26,0,0,100,-7,7,8,26,3,19,-7,3,3,4,6,2,2,0,29,1
59,120,7,32,7,1,1,86,5,4,6,24,2,57,-7,1,1,42,95,1,2,0,100,0
64,75,7,46,12,0,0,75,11,4,6,12,1,42,-7,1,1,45,92,4,3,1,88,1
70,98,3,43,17,0,0,100,-7,7,8,17,2,35,2,3,3,36,-8,2,1,1,75,1
76,94,2,36,8,0,0,100,-7,7,8,9,3,56,0,1,1,35,96,1,2,0,60,0
82,147,6,35,6,0,0,100,-7,7,8,6,2,50,0,0,0,16,73,1,2,0,75,0
90,200,5,97,16,0,0,100,-7,7,8,17,2,41,0,1,1,2,5,2,3,0,71,1
83,-8,9,88,31,0,0,94,14,6,6,0,2,22,1,1,1,6,100,3,2,0,63,0
84,380,12,159,21,0,0,100,-7,7,8,21,0,10,-7,0,0,13,61,3,1,1,50,1
71,295,26,102,20,1,0,91,11,4,2,22,0,27,0,1,1,53,58,2,2,0,67,0
90,234,6,128,32,0,0,100,-7,7,8,32,2,38,-7,0,0,1,78,2,2,0,57,1
73,186,6,53,19,1,1,95,32,6,2,20,1,40,19,0,0,3,63,3,3,0,55,1
65,79,1,50,28,0,0,100,-7,7,8,15,4,20,-7,1,1,87,97,9,2,7,79,0
69,217,14,93,18,0,0,80,10,4,6,20,0,45,0,5,4,20,24,4,3,1,78,0
82,271,2,79,25,0,0,100,-7,7,8,33,3,31,2,1,1,2,74,4,2,0,50,1
68,231,2,18,6,1,1,100,-7,7,8,20,4,0,-7,2,2,8,-8,2,-8,0,50,1
75,23,6,15,2,0,0,100,-7,7,8,2,1,50,0,0,0,17,100,1,1,0,100,0
76,211,2,60,28,0,0,90,13,6,6,61,3,14,-7,1,1,13,96,5,3,0,33,0
65,236,1,104,30,0,0,84,0,4,6,20,2,13,-7,1,1,21,26,7,2,1,50,1
80,307,3,154,16,0,0,94,4,4,6,16,2,25,0,2,2,2,-8,3,-8,0,38,1
87,297,7,68,23,0,0,100,-7,7,8,23,2,39,0,0,0,1,6,1,3,0,56,1
60,154,5,76,35,3,1,82,4,4,4,38,3,34,4,1,1,26,3,6,2,2,89,1
73,183,11,87,21,1,1,91,2,0,2,23,1,43,0,0,0,15,40,4,4,0,69,1
62,-8,5,38,13,0,0,92,1,4,6,0,3,29,5,0,0,58,97,5,3,1,89,0
72,199,0,84,15,1,1,94,35,6,2,19,3,47,0,3,3,10,-8,4,-8,0,56,1
69,132,16,85,19,0,0,90,10,4,6,20,0,25,0,0,0,8,-8,5,2,0,70,1
80,146,7,72,40,0,0,100,-7,7,8,43,1,26,2,2,2,29,-8,2,1,0,60,1
56,233,28,92,19,0,0,79,2,4,6,20,0,21,0,1,1,77,-8,7,1,4,73,0
79,242,3,71,19,0,0,100,-7,7,8,19,5,11,8,0,0,20,-8,3,1,0,50,1
91,355,18,200,8,0,0,100,-7,7,8,11,0,13,-8,0,0,8,-8,2,-8,0,40,1
81,181,1,74,13,0,0,93,19,6,6,14,1,29,-7,3,3,11,48,2,1,0,60,1
74,-8,3,92,26,0,0,100,-7,7,8,28,3,32,-7,2,2,52,60,8,4,4,75,1
84,112,3,55,15,0,0,93,-8,6,6,24,2,47,-7,0,0,3,-8,2,1,0,43,1
77,110,17,48,17,0,0,100,-7,7,8,18,0,39,0,2,2,22,67,4,3,0,64,0
79,193,18,100,24,0,0,96,36,6,6,34,0,40,19,0,0,16,-8,3,1,0,44,1
73,397,2,113,40,0,0,98,39,6,6,41,5,37,10,0,0,26,79,8,4,0,71,1
69,434,5,141,18,1,0,95,4,3,5,19,2,37,0,1,1,47,99,5,2,-8,78,0
63,133,100,113,4,1,1,80,38,6,6,5,0,80,12,0,0,79,-8,1,-8,-8,100,0
85,231,4,77,14,1,0,93,67,6,5,15,1,20,0,0,0,0,59,1,1,0,38,0
75,40,8,94,12,0,0,83,6,4,6,9,1,8,-7,2,2,3,-8,2,-8,0,50,0
75,194,18,89,12,0,0,100,-7,7,8,12,0,17,3,2,2,87,61,1,2,1,100,1
86,120,12,68,25,0,0,100,-7,7,8,25,0,40,0,1,1,1,-8,3,1,0,50,1
61,253,8,72,10,1,1,55,7,4,2,32,1,36,-7,1,1,78,-8,3,1,1,71,0
73,270,9,86,16,0,0,75,17,5,6,16,1,25,3,2,2,10,6,5,1,0,67,0
77,278,0,73,15,0,0,94,38,6,6,16,2,31,0,0,0,22,-8,6,1,2,64,0
70,105,9,57,14,0,0,86,6,4,6,14,1,7,0,0,0,24,-8,5,1,1,67,0
88,166,3,92,10,0,0,100,-7,7,8,10,1,40,0,2,2,0,96,0,1,0,25,1
83,195,56,117,9,1,1,90,34,6,3,10,0,20,-7,0,0,0,-8,0,-8,0,0,1
68,159,7,69,38,0,0,100,-7,7,8,40,3,30,-7,0,0,66,-8,8,1,5,91,0
57,232,3,83,21,0,0,63,0,4,6,24,3,29,4,1,1,90,36,10,2,4,93,1
87,128,9,59,13,0,0,100,-7,7,8,13,1,31,-7,0,0,3,6,3,2,0,63,0
69,117,7,34,8,0,0,89,44,6,6,9,1,78,0,3,2,0,94,0,3,-8,75,1
63,153,4,52,6,1,1,71,17,6,3,7,1,14,-7,1,1,54,76,5,1,1,86,0
79,116,8,67,46,0,0,100,-7,7,8,51,2,25,0,0,0,4,28,6,2,1,45,0
77,217,19,97,13,0,0,92,46,6,6,13,0,23,0,3,3,29,-8,1,-8,0,20,0
88,162,14,116,6,0,0,100,-7,7,8,6,0,17,13,0,0,2,-8,4,1,0,100,1
82,159,1,95,19,0,0,100,-7,7,8,5,2,70,-8,0,0,42,67,3,3,0,67,1
61,197,10,84,18,5,4,63,7,4,3,24,1,58,0,0,0,0,-8,1,1,-8,50,1
71,229,4,89,47,1,1,92,3,0,2,21,3,25,-7,0,0,24,88,10,4,1,63,0
60,101,13,49,9,2,2,67,10,4,2,12,0,83,0,0,0,-8,63,-8,3,-8,100,0
59,185,23,79,35,0,0,97,9,4,6,37,0,9,-7,2,2,73,-8,11,1,9,86,0
67,22,2,13,4,0,0,100,-7,7,8,5,2,40,-7,1,0,71,69,1,2,-8,75,1
74,304,10,78,18,0,0,89,15,6,6,23,1,53,3,2,2,7,54,3,3,0,67,1
72,86,3,51,27,0,0,100,-7,7,8,15,5,15,2,1,1,60,-8,5,1,2,50,1
62,353,2,119,27,1,1,86,2,4,6,29,6,41,0,2,2,37,99,8,7,1,89,0
87,-8,27,96,16,0,0,100,-7,7,8,0,0,19,0,2,2,0,-8,3,1,0,50,0
63,320,12,88,13,1,1,79,2,2,4,14,0,29,0,0,0,17,-8,3,1,0,36,0
61,93,1,41,29,0,0,100,-7,7,8,31,4,20,1,9,8,39,56,10,2,3,71,0
63,243,1,80,13,1,0,75,4,4,5,16,3,50,0,2,2,14,-8,6,1,0,78,0
84,230,8,66,13,0,0,100,-7,7,8,13,2,15,8,0,0,14,-8,1,1,0,33,0
77,53,3,24,13,0,0,100,-7,7,8,13,4,46,-7,1,1,19,99,3,2,0,56,0
91,180,24,112,6,0,0,100,-7,7,8,7,0,50,-8,0,0,2,-8,1,1,0,67,1
74,189,3,67,41,0,0,100,-7,7,8,59,5,31,-7,3,3,31,61,6,5,1,72,1
62,193,2,69,16,0,0,94,24,6,6,17,3,24,7,0,0,92,-8,6,1,2,100,0
44,-8,40,131,57,3,1,68,0,0,5,63,0,32,-7,1,1,58,13,17,3,4,79,0
85,363,72,147,21,0,0,100,-7,7,8,23,0,10,-8,0,0,31,-8,2,1,0,60,1
74,148,9,89,17,1,1,95,50,6,2,19,1,47,0,2,1,12,-8,1,1,0,40,1
58,128,12,61,29,0,0,97,5,4,6,29,0,45,-7,2,2,37,76,6,8,2,82,1
69,208,23,125,7,2,0,73,24,6,5,11,0,73,-7,5,5,-8,-8,-8,1,-8,100,0
58,138,15,65,9,6,6,60,14,6,2,17,0,60,0,0,0,38,-8,3,1,0,80,0
84,115,12,50,9,0,0,100,-7,7,8,11,0,9,19,0,0,0,-8,0,1,0,20,0
64,217,39,104,15,0,0,88,10,4,6,16,0,50,1,2,2,56,10,3,2,2,83,1
54,235,7,79,25,1,0,79,2,3,5,29,2,14,6,0,0,48,62,5,3,3,67,0
