vTemperature,vHumidity,vLight,vCO2,vHumidityRatio,Class
20.79,24.945,0.0,521.75,0.0037831279133643,0
23.272,25.772,178.0,974.6,0.00455287208154249,0
20.7,24.6,0.0,473.0,0.00370974784825709,0
22.39,24.7225,419.0,772.25,0.00413737694389585,1
21.1,26.6,0.0,651.0,0.0041139379302597605,0
20.7,24.6,0.0,479.333333333333,0.00370974784825709,0
20.6,24.39,0.0,468.2,0.00365516051087822,0
20.5,22.39,0.0,433.5,0.00333308443071495,0
22.937142857142895,30.391428571428598,469.0,1330.28571428571,0.00526729344587457,1
20.29,22.89,0.0,435.333333333333,0.00336377627875311,0
20.89,24.926666666666698,0.0,549.333333333333,0.0038038107539800897,0
20.34,22.6,0.0,439.25,0.00333126363950143,0
20.89,25.0,0.0,542.75,0.00381507006340074,0
20.39,22.463333333333303,0.0,433.0,0.00332130813483038,0
20.79,24.7,422.5,643.25,0.00374574775610345,1
22.6,25.525,433.5,882.5,0.004327853321560621,1
20.5,23.978,412.2,525.2,0.0035708389772613797,1
22.7,25.456,1209.8,958.6,0.00434253200619881,1
20.7,24.79,0.0,483.5,0.0037385725901998897,0
22.772,31.02,444.0,1364.0,0.00532317431933842,1
20.865,22.7675,0.0,475.0,0.00346711546963321,0
20.66,25.1,0.0,497.8,0.00377623227793241,0
20.5,24.1,0.0,464.666666666667,0.00358911223325629,0
23.272,25.772,594.8,889.4,0.00455287208154249,1
23.29,25.7225,173.5,954.25,0.00454904280691813,0
21.7,28.0725,474.0,1076.75,0.00450710619550781,1
20.533333333333303,24.2,0.0,459.333333333333,0.00361155395043591,0
20.39,23.434,397.4,494.2,0.00346562535180023,1
23.39,28.323333333333302,464.0,1086.0,0.005043310383489479,1
22.5,24.9175,433.0,811.5,0.00419839744963948,1
20.52,24.2,0.0,464.0,0.0036085671805396705,0
20.7,24.5,0.0,469.0,0.0036945779980858896,0
20.4175,22.3925,0.0,430.75,0.00331643637851585,0
22.05,28.34,532.25,1192.25,0.004649388734726071,1
23.245,25.7,174.5,951.5,0.00453260648270231,0
20.89,25.525,0.0,571.6,0.00389568831737105,0
22.7,26.1,440.25,919.0,0.0044531783239453206,1
20.6,24.39,0.0,459.75,0.00365516051087822,0
20.89,24.89,443.4,700.0,0.0037981812511967204,1
20.66,24.2,406.2,538.8,0.0036400371297586396,1
20.89,22.89,0.0,481.0,0.00349127081729973,0
20.29,22.7,0.0,427.6,0.00333570528717845,0
22.6,26.7225,668.5,1033.0,0.0045323731576807,1
20.89,25.29,0.0,565.75,0.0038595994836159,0
20.5,22.39,0.0,436.0,0.00333308443071495,0
20.7,22.34,0.0,452.75,0.0033670886765457,0
20.89,23.05,0.0,495.0,0.00351581257343747,0
20.6,22.2,0.0,446.75,0.00332520581189891,0
21.89,28.39,518.0,1178.6,0.0046120715434333605,1
23.39,28.2,454.75,1081.0,0.005021172116350729,1
22.6,26.79,660.0,1030.16666666667,0.00454390539234429,1
20.865,25.2675,0.0,566.0,0.0038501809049505,0
23.2,29.33,464.0,1196.5,0.00516396638590783,1
22.7,31.39,443.5,1390.5,0.00536354036793693,1
21.912,28.37,518.0,1170.6,0.00461503794243694,1
22.1,28.356666666666698,547.0,1211.5,0.00466645191070765,1
22.2,24.79,0.0,761.5,0.00410073726963565,0
21.5,28.1,0.0,844.5,0.004456288721782479,0
20.6,22.2225,0.0,449.0,0.00332859398802281,0
20.39,22.5,0.0,432.25,0.00332675846769344,0
20.5,22.39,0.0,439.666666666667,0.00333308443071495,0
20.865,24.9725,0.0,543.25,0.0038049547683620703,0
20.6333333333333,22.23,0.0,451.666666666667,0.0033366097602703197,0
20.65,22.245,0.0,443.0,0.00334232350934395,0
20.865,25.365,0.0,570.25,0.00386512996367583,0
22.68,25.772,432.0,902.4,0.00439144943150097,1
21.73,28.1333333333333,499.0,1131.0,0.004525295746604071,1
20.89,25.2,0.0,564.25,0.00384577933024355,0
22.5,24.89,419.0,813.5,0.0041937326810038,0
20.7,24.79,0.0,488.0,0.0037385725901998897,0
22.16,27.956,556.4,1173.8,0.0046170039021596705,1
20.6,24.39,419.0,585.0,0.00365516051087822,1
20.856666666666698,25.356666666666698,0.0,566.333333333333,0.0038618591230004102,0
22.6,30.1225,0.0,1205.25,0.00511378443654941,0
22.6,25.08,424.6,845.4,0.0042518862376435,1
21.7,27.893333333333302,484.0,1086.66666666667,0.00447813346367708,1
23.79,26.31,763.0,1158.2,0.0047972213207179,1
20.6,22.2,0.0,451.5,0.00332520581189891,0
20.5,24.1,0.0,464.0,0.00358911223325629,0
20.426666666666698,23.823333333333302,0.0,473.0,0.00353156169479861,0
20.865,25.575,0.0,578.25,0.00389733036200245,0
23.2,25.7225,547.0,899.75,0.0045241945088667,1
22.29,24.912,0.0,778.4,0.00414384601663705,0
20.718000000000004,22.52,0.0,457.4,0.00339815307635992,0
20.89,24.89,0.0,547.75,0.0037981812511967204,0
22.79,27.2,444.0,1018.0,0.0046678605840467895,1
20.7,24.6,0.0,474.75,0.00370974784825709,0
20.79,25.0,0.0,532.0,0.00379151999106046,0
21.2,26.89,0.0,692.333333333333,0.00418487560482166,0
20.29,22.7,0.0,436.25,0.00333570528717845,0
20.7225,22.4725,0.0,460.25,0.00339189173462569,0
20.79,24.963333333333303,0.0,518.333333333333,0.00378592524758721,0
20.718000000000004,22.434,0.0,462.0,0.00338510549082456,0
20.6,22.29,0.0,447.666666666667,0.00333875873669441,0
22.7,31.1,442.5,1369.75,0.0053135653993026,1
20.625,22.245,0.0,451.75,0.00333714932632965,0
23.2,26.0,651.666666666667,997.25,0.00457336138571879,1
20.445,22.34,0.0,434.25,0.00331427163328817,0
22.7,31.2,433.0,1352.0,0.0053307972477025,1
22.15,24.7225,0.0,745.25,0.00407697982248635,0
22.58,26.81,644.6,1031.2,0.0045417630458670704,1
20.5,22.29,0.0,441.333333333333,0.0033181185303638398,0
20.5,22.356666666666698,0.0,433.333333333333,0.00332809571766905,0
20.7225,22.55,0.0,460.5,0.0034036532240966397,0
20.29,22.7,0.0,434.25,0.00333570528717845,0
20.7,22.5,0.0,459.333333333333,0.00339133538795165,0
20.675,25.125,0.0,500.0,0.00378353340905175,0
22.6,30.1,415.5,1211.5,0.00510993331507665,1
22.79,31.1142857142857,441.28571428571405,1359.5,0.00534537386092276,1
20.6,22.2,0.0,446.0,0.00332520581189891,0
21.1833333333333,25.198333333333302,454.666666666667,754.333333333333,0.00391591015445099,1
20.7,25.1,0.0,510.0,0.00378560813415773,0
20.7,24.5,0.0,466.25,0.0036945779980858896,0
23.718000000000004,26.1,745.0,1123.4,0.00473790584115977,1
20.29,22.6,0.0,434.5,0.00332093209327951,0
21.815,24.4175,0.0,697.25,0.00394438928261232,0
20.39,22.39,0.0,430.0,0.00331040775412912,0
20.7,24.6,0.0,475.666666666667,0.00370974784825709,0
20.89,22.956,0.0,488.0,0.00350139405835438,0
22.6,30.55,419.0,1273.33333333333,0.00518696473257251,1
22.79,31.0,444.0,1356.33333333333,0.0053255716900577205,1
21.5,28.033333333333303,0.0,832.666666666667,0.00444564070446765,0
21.29,27.79,0.0,806.0,0.00435003631085442,0
21.15,24.9175,449.333333333333,750.333333333333,0.00386403159400571,1
20.7,24.79,0.0,480.6,0.0037385725901998897,0
20.745,22.34,0.0,451.5,0.0033764859040430603,0
20.55,22.245,0.0,446.5,0.003321669089444,0
20.89,25.0,0.0,556.0,0.00381507006340074,0
20.525,22.29,0.0,452.0,0.00332326801517587,0
23.445,28.125,454.75,1059.5,0.00502449114747957,1
20.89,24.9175,429.0,725.0,0.003802403368789,1
20.6,22.2,0.0,449.333333333333,0.00332520581189891,0
20.7,24.5666666666667,0.0,474.333333333333,0.00370469114980285,0
21.1,23.29,0.0,523.2,0.0035990534631735295,0
20.89,25.1,0.0,563.25,0.0038304243200990603,0
20.7,24.6,0.0,478.5,0.00370974784825709,0
20.456,22.414,0.0,439.2,0.0033275794687666603,0
21.2,23.7,0.0,561.4,0.0036854760818385295,0
20.7,24.5,0.0,464.8,0.0036945779980858896,0
21.254,23.85,0.0,587.2,0.0037213245372262798,0
20.7,24.6,0.0,466.0,0.00370974784825709,0
21.025,23.29,0.0,516.5,0.0035824122377097205,0
21.6,27.525,474.0,1040.25,0.00439144685621549,1
20.7,24.865,0.0,485.75,0.00374995150889035,0
21.5,28.2,0.0,852.25,0.00447226142648379,0
20.7,24.5,0.0,461.333333333333,0.0036945779980858896,0
20.7,24.963333333333303,0.0,493.0,0.00376487116263545,0
20.89,25.4725,0.0,570.75,0.0038876255573053703,0
20.477999999999998,22.392,0.0,432.6,0.00332883709371958,0
20.5,22.39,0.0,438.666666666667,0.00333308443071495,0
21.0,25.956,0.0,600.5,0.00398895057376564,0
20.89,24.926666666666698,0.0,553.666666666667,0.0038038107539800897,0
22.7,26.7,654.2,1020.4,0.00455630013842985,1
20.6666666666667,24.39,419.0,584.666666666667,0.00367030103838176,1
21.175,23.7,0.0,565.333333333333,0.0036797916635987102,0
22.7,31.3785714285714,433.0,1398.0,0.00536157076033165,1
22.7,31.1,433.0,1361.75,0.0053135653993026,1
22.64,25.695999999999998,429.0,904.4,0.00436771760822153,1
20.6,22.254,0.0,453.2,0.0033333374962797,0
21.5,28.29,0.0,863.5,0.00448663755713656,0
20.5,22.29,0.0,441.25,0.0033181185303638398,0
23.1166666666667,28.945,444.0,1160.0,0.0050698094671644605,1
20.7,22.33,0.0,454.6,0.00336557331950829,0
22.2,27.9175,555.0,1170.75,0.00462192951071389,1
20.7225,22.6,0.0,461.75,0.00341124151659625,0
20.39,22.5,0.0,438.0,0.00332675846769344,0
23.2,25.6,176.0,933.2,0.0045024926667472705,0
23.02,27.555999999999997,435.0,1042.6,0.00479628399598345,1
20.39,23.2,412.2,473.0,0.00343082850079598,1
23.2,28.7,456.5,1144.0,0.00505214492389298,1
20.39,23.7,399.5,518.0,0.0035051854492393697,1
20.7,22.34,0.0,453.0,0.0033670886765457,0
21.0,26.1,0.0,608.8,0.00401122338910984,0
20.39,22.5,0.0,435.8,0.00332675846769344,0
20.525,22.2675,0.0,452.666666666667,0.00331989553287361,0
22.912,28.1,429.0,1088.2,0.00485958290505565,1
20.5,24.075,0.0,466.75,0.00358536762662013,0
21.2,27.4725,0.0,750.0,0.00427615298595305,0
20.5,22.29,0.0,438.25,0.0033181185303638398,0
20.39,22.5,0.0,439.75,0.00332675846769344,0
20.5,22.39,0.0,434.0,0.00333308443071495,0
21.6,28.5,0.0,905.333333333333,0.00454813963399493,0
21.02,23.29,0.0,514.2,0.00358130523727,0
21.2225,25.34,475.75,774.75,0.00394760269427452,1
20.6,24.2,0.0,466.2,0.00362652051049971,0
22.873333333333303,27.6,429.0,1056.4,0.0047611982687734205,1
20.5,22.356666666666698,0.0,436.666666666667,0.00332809571766905,0
20.39,22.5,0.0,436.666666666667,0.00332675846769344,0
20.31,23.2,416.2,466.0,0.00341382178221691,0
23.33,26.956,538.0,993.6,0.00478048254400917,1
20.89,25.29,0.0,566.75,0.0038595994836159,0
21.89,28.445,513.0,1193.5,0.0046210728995467,1
20.7,24.6333333333333,0.0,475.333333333333,0.00371480462844446,0
22.79,27.02,432.0,1002.6,0.00463674005674535,1
24.408333333333303,25.681666666666697,798.0,1124.0,0.00486020770362199,1
20.39,22.5,0.0,439.666666666667,0.00332675846769344,0
20.7,24.6,0.0,479.75,0.00370974784825709,0
22.7,31.1,433.0,1354.66666666667,0.0053135653993026,1
23.06,27.772,444.0,1089.2,0.00484597890696344,1
20.7,22.5,0.0,459.75,0.00339133538795165,0
20.39,22.5,0.0,434.0,0.00332675846769344,0
20.625,24.4175,0.0,457.5,0.0036649836944551897,0
23.0,30.23,462.333333333333,1285.16666666667,0.0052592253070464605,1
22.456,24.83,419.0,807.8,0.004172308180643121,0
23.0,28.0816666666667,429.0,1059.6,0.004882537915140921,1
20.6,24.175,407.5,522.25,0.0036227522845972,0
20.5,22.365,0.0,442.25,0.00332934288846831,0
20.477999999999998,22.478,0.0,429.8,0.00334169070337164,0
22.2,27.823333333333302,555.0,1160.83333333333,0.00460622413573017,1
20.39,22.5,0.0,435.75,0.00332675846769344,0
20.5,22.34,0.0,442.75,0.00332560139099478,0
21.6,24.2,0.0,654.8,0.0038576731827532,0
20.89,24.89,429.0,716.166666666667,0.0037981812511967204,1
20.5,24.39,405.0,561.5,0.0036325529465421795,1
22.79,31.05,444.0,1373.33333333333,0.00533423498598668,1
20.89,23.26,0.0,499.333333333333,0.0035480265511301603,0
20.7,24.6333333333333,0.0,477.333333333333,0.00371480462844446,0
22.29,27.37,560.6,1064.2,0.0045557027728697795,1
21.29,25.6725,527.25,800.75,0.00401643856518858,1
21.55,24.2,0.0,648.25,0.0038458144762779202,0
20.2675,22.675,0.0,437.0,0.0033273563825288,0
20.89,25.025,0.0,555.25,0.0038189085569427703,0
20.89,24.823333333333302,435.0,715.833333333333,0.00378794605106893,1
21.29,27.79,0.0,795.0,0.00435003631085442,0
22.7,31.15,433.0,1357.5,0.00532218120516758,1
22.7,31.275,433.0,1373.33333333333,0.00534372175528233,1
21.7,28.1,484.0,1101.66666666667,0.00451155341017895,1
20.79,24.9975,419.0,611.25,0.00379113852810034,1
22.1,26.1,596.0,936.5,0.00429252572916348,1
23.29,25.89,173.2,993.4,0.00457888337102673,0
20.6,24.2,0.0,466.25,0.00362652051049971,0
22.79,31.0833333333333,444.0,1369.0,0.0053400106495396,1
21.5,24.1,0.0,620.666666666667,0.0038180477340365795,0
20.89,22.89,0.0,480.25,0.00349127081729973,0
20.39,22.5,0.0,432.5,0.00332675846769344,0
20.6,24.365,0.0,463.5,0.00365139193996433,0
21.2,27.54,0.0,747.8,0.00428673191371534,0
20.6,22.2,0.0,455.25,0.00332520581189891,0
20.533333333333303,22.26,0.0,453.666666666667,0.00332048710193108,0
20.575,22.125,0.0,442.0,0.0033087802127036,0
20.775,24.79,433.0,652.666666666667,0.0037559872272880297,1
20.7,24.39,419.0,600.5,0.0036778920124497703,1
20.5666666666667,22.2,0.0,445.0,0.0033183413387629103,0
20.7,24.6,0.0,477.5,0.00370974784825709,0
20.87,25.58,0.0,577.2,0.00389930405186146,0
20.5,22.29,0.0,439.8,0.0033181185303638398,0
20.79,25.0,0.0,518.6,0.00379151999106046,0
20.5,22.29,0.0,441.166666666667,0.0033181185303638398,0
20.865,25.365,433.0,656.75,0.00386512996367583,1
20.856666666666698,25.463333333333303,0.0,573.333333333333,0.0038782059111170295,0
23.79,26.125,740.5,1122.5,0.0047632311174623,1
21.815,29.0,0.0,992.0,0.0046902256978545,0
20.79,25.0,0.0,526.0,0.00379151999106046,0
22.7,31.4175,433.0,1398.25,0.0053682797869201,1
21.5,24.15,0.0,635.75,0.0038260177197901204,0
21.0,26.29,0.0,624.5,0.0040406135569536605,0
20.79,24.79,433.0,679.2,0.00375947872351275,1
20.39,22.7,0.0,431.75,0.00335648922862046,0
21.4175,27.9175,0.0,824.5,0.0044046675624544,0
23.2675,25.865,193.0,994.25,0.00456817106525555,0
20.7,24.6,0.0,475.8,0.00370974784825709,0
21.0,24.912,444.0,742.4,0.0038275200483029,1
22.7,31.236,433.0,1384.8,0.0053370009448791295,1
20.5,22.478,0.0,430.8,0.00334625501561398,0
21.79,28.125,499.0,1123.5,0.00454068479971385,1
20.7,25.1,0.0,493.333333333333,0.00378560813415773,0
20.7,25.0,0.0,490.25,0.0037704346054599296,0
23.2,29.356666666666698,464.0,1203.25,0.00516870044928234,1
20.39,22.5,0.0,432.4,0.00332675846769344,0
21.2,26.89,0.0,690.5,0.00418487560482166,0
22.7,26.754,432.0,976.2,0.00456558276701595,1
20.865,22.7675,0.0,474.0,0.00346711546963321,0
21.0,25.2,451.6,711.0,0.00387204429039337,1
21.6833333333333,27.84,474.0,1054.8,0.00446492460265262,1
23.29,25.89,561.0,912.0,0.00457888337102673,1
20.865,24.9175,0.0,547.75,0.0037965234997134204,0
20.89,22.79,0.0,475.75,0.0034759331976165,0
22.445,30.1,0.0,1189.25,0.0050616503992384106,0
22.0,26.12,578.8,939.0,0.00426954476696138,1
20.39,22.5,0.0,438.0,0.00332675846769344,0
20.7,24.533333333333303,0.0,468.333333333333,0.00369963453307978,0
22.7,31.29,433.0,1392.5,0.00534630672070471,1
20.463333333333303,22.393333333333302,0.0,445.666666666667,0.00332600811615316,0
20.7,22.5,0.0,456.25,0.00339133538795165,0
20.79,24.89,0.0,537.5,0.00377473606074636,0
20.89,23.0,0.0,490.0,0.00350814306776971,0
20.7675,22.5,0.0,460.25,0.00340554200808737,0
22.26,24.856666666666698,0.0,769.333333333333,0.00412698756337495,0
20.89,25.34,429.0,694.25,0.0038672776103409897,1
21.033333333333303,26.323333333333302,0.0,628.666666666667,0.00405412106853874,0
23.89,26.39,755.5,1166.0,0.004841174852605171,1
20.89,24.9175,0.0,558.25,0.003802403368789,0
22.89,30.79,454.0,1367.0,0.00532161636332885,1
20.7,24.79,0.0,486.333333333333,0.0037385725901998897,0
21.5,24.125,0.0,627.5,0.00382203270153845,0
20.7,25.0,0.0,494.2,0.0037704346054599296,0
20.6,22.2,0.0,443.666666666667,0.00332520581189891,0
20.29,22.625,0.0,440.5,0.00332462532631483,0
20.39,22.445,0.0,431.5,0.0033185830040274302,0
20.5,22.315,0.0,427.5,0.00332185993829356,0
23.304285714285697,28.0142857142857,503.71428571428595,1099.14285714286,0.004961890438102121,1
20.89,25.6,0.0,577.25,0.00390720690639245,0
23.14,28.79,451.6,1159.6,0.00504961840975861,1
21.08,26.478,0.0,640.4,0.00408988460864459,0
20.79,22.65,0.0,471.25,0.00343314993421406,0
20.89,25.5,0.0,573.6,0.0038918488819086397,0
20.29,23.0,419.0,453.0,0.00338002905736888,0
20.6,24.39,0.0,465.0,0.00365516051087822,0
20.29,22.7,0.0,439.5,0.00333570528717845,0
21.89,26.315,563.0,931.75,0.00427266374639605,1
22.29,27.356666666666698,559.666666666667,1060.33333333333,0.00455346720904263,1
22.356666666666698,30.1,0.0,1160.66666666667,0.0050343149090972,0
20.89,22.79,0.0,475.6,0.0034759331976165,0
21.1,23.39,0.0,523.0,0.00361459647930365,0
20.7,24.754,0.0,483.0,0.0037331108562227103,0
22.7,31.1,433.0,1355.75,0.0053135653993026,1
20.6,24.02,0.0,467.8,0.0035993902971351703,0
20.236,22.83,0.0,431.4,0.00334367068060774,0
20.7,24.6333333333333,0.0,484.0,0.00371480462844446,0
20.83,24.83,439.8,697.6,0.00377492144644985,1
23.29,28.5,467.75,1112.0,0.00504422920396206,1
21.29,27.7675,0.0,778.0,0.00434648971978134,0
23.2,25.5,696.8,1003.8,0.00448477799181549,1
21.7,28.865,0.0,958.75,0.00463529214876545,0
20.718000000000004,22.5,0.0,463.0,0.00339511870555902,0
21.1,23.5,0.0,533.333333333333,0.00363169468911561,0
20.6,22.1,0.0,444.5,0.0033101476955541,0
23.29,27.0,538.4,999.6,0.0047767046348402,1
20.5,22.434,0.0,434.6,0.0033396696538164302,0
20.29,22.7,0.0,434.75,0.00333570528717845,0
20.26,22.79,0.0,436.333333333333,0.00334276383108678,0
20.89,22.89,0.0,481.0,0.00349127081729973,0
20.52,24.1,0.0,461.4,0.0035935695959445203,0
21.29,27.79,0.0,781.0,0.00435003631085442,0
22.89,30.89,469.0,1386.4,0.00533904830684845,1
20.575,24.075,0.0,463.25,0.00360209033999183,0
23.215,28.6333333333333,462.333333333333,1127.83333333333,0.00504492264821108,1
20.79,24.89,0.0,538.0,0.00377473606074636,0
20.89,25.7,0.0,578.5,0.0039225656845997894,0
21.34,23.9725,0.0,604.5,0.0037604533217008,0
20.6,24.39,0.0,461.333333333333,0.00365516051087822,0
20.6,22.2,0.0,445.0,0.00332520581189891,0
21.0,23.29,0.0,509.333333333333,0.0035768802490343797,0
20.83,24.87,0.0,547.0,0.0037810396399206104,0
21.89,28.1833333333333,495.666666666667,1146.0,0.00457825057734741,1
23.0,27.956,429.0,1064.6,0.0048605176079969895,1
22.7,30.89,433.0,1306.33333333333,0.0052773815988853105,1
21.0,26.125,0.0,611.333333333333,0.00401509035879788,0
20.5,22.29,0.0,439.75,0.0033181185303638398,0
23.6,27.7225,483.5,1019.0,0.0049988794929492295,1
21.2,27.29,0.0,725.4,0.0042475524890909205,0
20.55,23.945,415.5,493.25,0.0035769763986099705,1
20.55,22.29,0.0,451.0,0.00332842453898209,0
21.39,27.79,0.0,806.666666666667,0.00437697549281461,0
21.7,28.1,495.25,1088.0,0.00451155341017895,1
21.1,23.5,0.0,524.5,0.00363169468911561,0
20.2675,22.7,0.0,434.5,0.00333104455852738,0
22.7,30.7,433.0,1299.66666666667,0.00524464747133036,1
20.6,24.39,0.0,469.75,0.00365516051087822,0
20.89,25.39,0.0,575.0,0.0038749559254609,0
23.2,26.0,650.0,998.5,0.00457336138571879,1
22.6,25.4725,1419.5,945.0,0.004318889953881071,1
22.7,31.29,447.0,1401.0,0.00534630672070471,1
21.365,27.89,0.0,808.0,0.00438606372384652,0
21.5,28.1,0.0,845.0,0.004456288721782479,0
20.39,22.39,0.0,429.75,0.00331040775412912,0
20.79,25.0,0.0,528.25,0.00379151999106046,0
20.62,24.412,0.0,467.6,0.00366301739748915,0
20.89,25.29,0.0,561.333333333333,0.0038595994836159,0
23.254,25.68,609.0,884.5,0.0045315347398536395,1
21.6,28.478,0.0,898.2,0.00454460313760389,0
23.29,28.66,459.0,1120.0,0.00507277863768927,1
20.5,22.29,0.0,445.333333333333,0.0033181185303638398,0
20.978,25.83,0.0,594.2,0.003964064233298479,0
20.65,22.245,0.0,449.25,0.00334232350934395,0
21.6,27.5,479.0,1032.25,0.00438743012323847,1
20.6,24.1,0.0,466.25,0.00361144787924265,0
20.64,24.434,0.0,462.2,0.0036708875707830795,0
20.39,22.5,0.0,440.666666666667,0.00332675846769344,0
20.7,22.29,0.0,454.0,0.0033595119647966,0
20.533333333333303,22.2,0.0,443.666666666667,0.0033114893521495603,0
20.6,24.05,0.0,463.25,0.00360391183595888,0
20.89,23.1,0.0,492.5,0.0035234822671828397,0
20.29,22.79,0.0,438.5,0.00334900175851823,0
22.2,27.7,544.25,1147.5,0.00458565545482424,1
20.525,22.29,0.0,443.75,0.00332326801517587,0
20.89,25.7225,0.0,584.5,0.00392602151357463,0
21.39,23.9725,0.0,596.5,0.0037720659972821204,0
20.963333333333303,25.7,0.0,583.333333333333,0.00394040960056339,0
23.7,26.7,469.0,845.333333333333,0.004842380755335629,1
20.29,22.7,0.0,436.0,0.00333570528717845,0
20.39,22.5,0.0,431.5,0.00332675846769344,0
23.1,26.0,655.0,994.0,0.004545591882176779,1
20.323333333333302,22.7,0.0,438.0,0.0033426206322112197,0
21.978,24.6,0.0,714.0,0.0040140562223397,0
20.52,24.1,0.0,469.8,0.0035935695959445203,0
20.736,24.39,419.0,601.4,0.0036861058054682,1
21.29,27.79,0.0,785.0,0.00435003631085442,0
20.79,24.926666666666698,0.0,538.666666666667,0.0037803306041500704,0
20.89,23.1,0.0,494.25,0.0035234822671828397,0
20.7,24.7,0.0,482.8,0.0037249184340265797,0
20.89,25.29,0.0,561.0,0.0038595994836159,0
21.0,26.2,0.0,616.4,0.0040266915545098605,0
20.7,24.5,0.0,472.333333333333,0.0036945779980858896,0
20.5,22.29,0.0,439.333333333333,0.0033181185303638398,0
23.5,28.025,444.25,1055.0,0.00502325200960961,1
23.1,27.925,444.0,1140.25,0.0048847835460129,1
20.34,22.7225,0.0,439.75,0.0033494175010543603,0
22.823333333333302,25.393333333333302,683.0,961.666666666667,0.00436451500523488,1
21.5,28.23,0.0,859.666666666667,0.00447705339672475,0
20.79,22.6,0.0,469.25,0.0034255294987624602,0
22.79,25.456,679.4,954.6,0.00436646730195512,1
23.525,28.0,454.0,1055.5,0.00502636675819462,1
20.73,25.1,0.0,513.0,0.0037926534895490202,0
20.39,22.5,0.0,436.25,0.00332675846769344,0
20.39,22.5,0.0,440.75,0.00332675846769344,0
20.89,22.76,0.0,475.333333333333,0.0034713320583865197,0
20.7,25.1,0.0,487.75,0.00378560813415773,0
20.29,22.65,0.0,431.0,0.00332831860297592,0
23.6,27.54,512.0,992.6,0.00496570864699156,1
20.79,24.7,421.8,642.4,0.00374574775610345,1
20.7,22.365,0.0,449.25,0.00337087710126894,0
22.6,25.042857142857102,433.0,845.333333333333,0.00424554631910682,1
20.525,22.245,0.0,446.75,0.0033165230869479896,0
20.29,22.6,0.0,435.5,0.00332093209327951,0
20.6,24.08,0.0,459.4,0.00360843344014219,0
23.33,27.874000000000002,528.0,1075.6,0.00494457844645588,1
21.1,26.6,0.0,663.5,0.0041139379302597605,0
20.477999999999998,22.37,0.0,435.6,0.00332554904589295,0
22.56,24.912,433.0,819.8,0.00421289593420237,1
20.7,22.29,0.0,455.75,0.0033595119647966,0
21.39,23.945,0.0,603.5,0.00376771266902404,0
20.865,24.8925,0.0,545.5,0.00379269117997465,0
23.29,26.16,561.0,911.166666666667,0.00462699056302192,1
22.39,27.14,579.2,1045.2,0.00454490827913193,1
22.89,30.79,454.0,1363.16666666667,0.00532161636332885,1
20.7225,22.6,0.0,464.75,0.00341124151659625,0
22.1,29.79,0.0,1105.5,0.0049041849823736,0
21.34,27.79,0.0,802.0,0.00436348755838157,0
20.4725,22.3925,0.0,438.25,0.00332777598530706,0
20.6,24.2,0.0,465.75,0.00362652051049971,0
20.5,24.323333333333302,407.0,555.166666666667,0.0036225660416438,1
20.5,24.1,0.0,468.5,0.00358911223325629,0
20.5,22.315,0.0,437.0,0.00332185993829356,0
20.7,24.5,0.0,468.25,0.0036945779980858896,0
21.033333333333303,23.29,0.0,517.666666666667,0.00358425790846352,0
21.29,25.4725,480.25,778.0,0.00398494828914425,1
20.356666666666698,22.6,0.0,439.0,0.0033347137758515,0
22.7675,31.0,433.0,1335.75,0.0053182490601398,1
20.856666666666698,25.356666666666698,0.0,567.333333333333,0.0038618591230004102,0
20.89,25.2675,0.0,564.5,0.00385614438805157,0
23.1,29.7,466.5,1224.66666666667,0.005197870297131171,1
21.0,26.0,0.0,614.75,0.00399575598808051,0
20.7,25.0,0.0,494.75,0.0037704346054599296,0
22.7,26.6833333333333,656.166666666667,1023.6666666666699,0.004553435185152529,1
23.1,29.84,469.0,1239.5,0.0052225777697639895,1
20.79,22.6,0.0,467.25,0.0034255294987624602,0
20.7,22.315,0.0,456.666666666667,0.00336330029772187,0
22.6,24.9175,433.0,818.0,0.00422415004171152,1
21.675,28.7675,0.0,941.0,0.00461241048602348,0
20.55,22.29,0.0,448.0,0.00332842453898209,0
22.1,24.7,0.0,727.0,0.00406077210033269,0
20.29,22.79,0.0,435.666666666667,0.00334900175851823,0
22.79,31.2,441.0,1379.5,0.00536022630950282,1
20.6,24.39,0.0,465.25,0.00365516051087822,0
20.823333333333302,22.73,0.0,470.666666666667,0.00345245938689913,0
20.89,22.89,0.0,478.5,0.00349127081729973,0
21.2,26.79,0.0,684.333333333333,0.00416920834398832,0
21.2,27.025,0.0,707.25,0.00420602765063266,0
21.926666666666698,24.5,0.0,706.666666666667,0.00398505157493118,0
22.625,25.55,442.5,889.25,0.00433874780423475,1
20.7225,22.365,0.0,456.25,0.0033755781428893698,0
22.963333333333303,30.39,469.0,1327.5,0.0052754745659686,1
22.745,31.15,447.0,1366.33333333333,0.00533685389183532,1
20.6,24.39,0.0,463.2,0.00365516051087822,0
20.84,24.92,0.0,542.0,0.0037910342862335295,0
20.89,25.0,0.0,558.0,0.00381507006340074,0
20.7,24.5,0.0,469.25,0.0036945779980858896,0
20.7,24.79,405.0,587.25,0.0037385725901998897,1
23.0,30.15,469.0,1284.5,0.00524519004352148,1
22.1,28.39,547.5,1200.5,0.00467197853896129,1
20.7,25.1,0.0,492.75,0.00378560813415773,0
20.29,22.79,0.0,435.75,0.00334900175851823,0
20.73,22.39,0.0,461.0,0.00338094199441115,0
20.7,24.65,405.0,554.666666666667,0.0037173330491887,1
20.7,24.5,0.0,468.75,0.0036945779980858896,0
21.1333333333333,23.6,0.0,552.0,0.00365475715962219,0
21.2,27.2,0.0,715.666666666667,0.00423344909620756,0
20.7,24.5,0.0,468.25,0.0036945779980858896,0
20.7,24.5,0.0,473.5,0.0036945779980858896,0
20.39,22.7,0.0,435.8,0.00335648922862046,0
20.575,22.2,0.0,448.25,0.00332005628567131,0
20.89,24.945,0.0,553.75,0.003806625543353,0
20.5,22.412,0.0,435.8,0.00333637702492895,0
20.5,24.1,0.0,470.0,0.00358911223325629,0
21.64,24.236,0.0,658.2,0.0038729719939613297,0
20.9175,23.1,0.0,490.0,0.0035294815922970397,0
23.29,28.675,467.75,1121.25,0.00507545528038826,1
20.58,22.254,0.0,449.6,0.00332920718350033,0
20.79,22.6,0.0,467.25,0.0034255294987624602,0
21.0,23.29,0.0,508.5,0.0035768802490343797,0
23.6,27.33,533.6,936.4,0.00492754379701558,1
22.1,28.39,536.333333333333,1197.0,0.00467197853896129,1
22.7,30.675,426.0,1286.0,0.00524034060362104,1
20.39,22.5,0.0,433.75,0.00332675846769344,0
22.5,27.0,617.0,1040.0,0.0045518496783126,1
23.6,27.978,470.0,1034.8,0.00504532457442066,1
20.865,24.92,0.0,558.25,0.0037969067342688797,0
20.675,22.2675,0.0,452.0,0.0033509088770266897,0
20.39,22.5,0.0,441.2,0.00332675846769344,0
20.5,24.2,0.0,466.75,0.0036040911080983296,0
20.55,24.39,416.666666666667,573.166666666667,0.00364384127303786,1
21.1,23.5,0.0,537.25,0.00363169468911561,0
20.445,23.8175,0.0,469.25,0.0035347131807768896,0
22.89,28.1,429.0,1087.5,0.00485306034574781,1
20.575,22.1,0.0,443.0,0.00330502161208519,0
20.456,22.35,0.0,433.0,0.00331802735234761,0
20.29,22.7,0.0,436.5,0.00333570528717845,0
20.89,22.89,0.0,475.0,0.00349127081729973,0
20.84,25.34,433.0,660.75,0.00385532415378895,1
21.23,23.823333333333302,0.0,585.0,0.00371163679525134,0
20.9175,25.0,444.0,736.25,0.003821568899283,1
20.39,22.39,0.0,433.0,0.00331040775412912,0
20.745,22.39,0.0,457.5,0.0033840840602220603,0
23.6,27.5,522.0,965.333333333333,0.00495843879351724,1
22.0,28.29,534.25,1190.0,0.00462688899775767,1
20.39,22.445,0.0,435.5,0.0033185830040274302,0
22.6,25.08,429.2,832.4,0.0042518862376435,1
22.426666666666698,27.033333333333303,625.666666666667,1038.0,0.00453709375237434,1
23.215,25.6833333333333,168.5,946.333333333333,0.00452138233147554,0
23.37,28.39,464.0,1090.6,0.005049129542326371,1
21.79,24.39,0.0,691.0,0.0039338681379609206,0
20.7,22.5,0.0,454.5,0.00339133538795165,0
21.89,28.33,518.2,1190.4,0.00460225217715481,1
21.05,26.34,0.0,630.5,0.0040608885927880395,0
22.7225,31.365,436.5,1397.5,0.005366615228720929,1
20.6,24.2,0.0,456.0,0.00362652051049971,0
20.772,22.6,0.0,461.4,0.00342171422452537,0
20.445,23.823333333333302,0.0,469.833333333333,0.00353558381640323,0
20.7,24.6,0.0,472.5,0.00370974784825709,0
20.7,25.0,0.0,493.333333333333,0.0037704346054599296,0
20.575,22.2,0.0,449.75,0.00332005628567131,0
22.0,28.2675,538.0,1194.0,0.00462318172342805,1
20.89,22.815,0.0,477.666666666667,0.00347976753201953,0
22.56,25.02,433.0,830.75,0.0042312841785683,1
22.7,31.29,447.0,1394.0,0.00534630672070471,1
21.89,28.5,511.333333333333,1189.66666666667,0.00463007451427484,1
22.5,24.911666666666697,433.0,811.0,0.00419740794745465,1
20.79,22.625,0.0,468.0,0.0034293396932757896,0
21.1,23.5,0.0,535.25,0.00363169468911561,0
20.79,24.89,0.0,523.0,0.00377473606074636,0
21.6,27.54,479.0,1045.0,0.00439385692072895,1
22.7,31.29,433.0,1384.25,0.00534630672070471,1
20.55,22.2,0.0,442.5,0.00331491378586315,0
20.89,24.856666666666698,435.0,715.0,0.0037930636092822,1
20.963333333333303,25.79,0.0,588.666666666667,0.0039542964265873795,0
20.29,22.79,217.2,441.6,0.00334900175851823,1
20.39,22.5,0.0,435.6,0.00332675846769344,0
20.745,22.39,0.0,452.5,0.0033840840602220603,0
22.5,24.89,419.0,811.0,0.0041937326810038,0
20.89,25.7,0.0,581.75,0.0039225656845997894,0
20.6,22.1,0.0,446.333333333333,0.0033101476955541,0
21.718000000000004,27.974,484.0,1091.4,0.00449615819804534,1
20.625,24.4175,0.0,467.75,0.0036649836944551897,0
22.6,25.1666666666667,433.0,854.333333333333,0.00426667988011176,1
20.84,24.92,0.0,553.0,0.0037910342862335295,0
21.2,23.76,0.0,565.333333333333,0.00369486182585656,0
20.6,24.2,0.0,464.25,0.00362652051049971,0
20.7,22.5,0.0,455.666666666667,0.00339133538795165,0
20.81,25.02,419.0,616.4,0.0037992752515078397,1
20.39,22.7,0.0,430.0,0.00335648922862046,0
22.79,30.83,444.0,1363.8,0.00529611827359213,1
20.79,24.79,433.0,668.0,0.00375947872351275,1
21.7,24.29,0.0,665.666666666667,0.0038960130145852295,0
20.7,22.29,0.0,457.5,0.0033595119647966,0
20.4725,22.39,0.0,441.5,0.00332740246984485,0
20.7,25.1,0.0,509.0,0.00378560813415773,0
22.2,29.856666666666698,0.0,1119.33333333333,0.004945524174829579,0
20.7,25.1,0.0,511.25,0.00378560813415773,0
20.39,22.5,0.0,434.2,0.00332675846769344,0
20.39,22.5,0.0,435.25,0.00332675846769344,0
20.6,22.2,0.0,449.25,0.00332520581189891,0
20.89,25.2,0.0,558.75,0.00384577933024355,0
20.39,23.7,311.75,474.75,0.0035051854492393697,1
21.1,23.3925,0.0,537.75,0.0036149850646024296,0
20.56,24.2,0.0,462.4,0.0036175340282338796,0
21.075,23.315,0.0,520.25,0.00359737848607855,0
20.772,24.7,419.0,640.8,0.0037415736966499,1
21.39,23.9725,0.0,610.75,0.0037720659972821204,0
22.175,27.945,555.0,1170.25,0.0046194242813307,1
20.7,25.1,0.0,505.5,0.00378560813415773,0
22.33,27.37,581.0,1057.0,0.00456688681371893,1
22.7,30.89,433.0,1318.0,0.0052773815988853105,1
22.1,28.2,555.0,1191.0,0.004640478063590111,1
22.5,26.89,659.4,1037.0,0.00453316995169055,1
21.5,24.2,0.0,640.333333333333,0.0038339879085467,0
21.89,29.2,0.0,1008.75,0.00474466311607751,0
21.2,27.4725,0.0,750.5,0.00427615298595305,0
21.1,23.6,0.0,545.75,0.00364723932725151,0
21.79,28.26,502.0,1148.66666666667,0.0045626399646426395,1
20.89,25.6,0.0,575.666666666667,0.00390720690639245,0
23.39,25.6,723.333333333333,1040.0,0.00455483707490689,1
20.39,22.68,0.0,433.8,0.00335351602531066,0
20.6,22.2,0.0,444.333333333333,0.00332520581189891,0
22.1333333333333,24.7,0.0,748.666666666667,0.004069083657579011,0
22.29,27.481666666666698,565.833333333333,1078.16666666667,0.00457442624622594,1
21.7,27.9725,489.0,1080.5,0.00449093503800171,1
22.6,30.275,426.0,1239.0,0.00513988772887235,1
21.89,28.445,513.0,1201.5,0.0046210728995467,1
21.0,26.0,0.0,602.25,0.00399575598808051,0
20.81,24.934,0.0,526.8,0.00378613670091785,0
21.29,26.6833333333333,454.0,895.166666666667,0.00417564415325051,1
20.6,22.23,0.0,451.666666666667,0.0033297233882232397,0
21.2,25.18,454.0,740.2,0.00391707332201621,1
20.5666666666667,24.1,0.0,465.0,0.0036039890893720702,0
22.6,30.1,419.0,1214.0,0.00510993331507665,1
20.675,22.2675,0.0,450.0,0.0033509088770266897,0
22.76,26.823333333333302,439.0,983.333333333333,0.00459431462064815,1
20.29,22.79,0.0,437.0,0.00334900175851823,0
23.0666666666667,29.856666666666698,464.0,1247.25,0.00521490474145376,1
20.7,24.6,0.0,476.5,0.00370974784825709,0
21.79,28.89,0.0,989.0,0.00466511774934596,0
23.29,27.5,505.8,1051.8,0.00486585412367001,1
20.6,24.1,414.6,514.6,0.00361144787924265,0
20.76,22.6,0.0,471.666666666667,0.00341917278864175,0
21.6,27.456,473.0,1030.0,0.0043803607983161,1
20.65,22.245,0.0,452.5,0.00334232350934395,0
22.5,25.0,419.0,829.6,0.004212392172552679,0
22.6666666666667,26.713333333333303,652.5,1030.33333333333,0.00454931379169049,1
22.945,28.1333333333333,429.0,1085.0,0.0048752027736280795,1
23.26,25.856666666666698,338.33333333333303,997.333333333333,0.00456460471615985,0
21.1,24.89,444.0,740.8,0.00384783443575005,1
20.7,25.1,0.0,508.5,0.00378560813415773,0
20.79,24.89,0.0,524.333333333333,0.00377473606074636,0
23.7,26.6,475.25,832.0,0.0048241038367487395,1
21.306666666666697,26.79,454.0,923.166666666667,0.00419676511367559,1
22.7,31.1,433.0,1356.0,0.0053135653993026,1
20.6,24.39,0.0,468.25,0.00365516051087822,0
21.718000000000004,28.1,484.0,1119.4,0.00451655676817307,1
20.89,25.0,0.0,554.333333333333,0.00381507006340074,0
22.2,27.56,555.0,1092.4,0.00456230885878974,1
22.5,30.1,0.0,1196.66666666667,0.00507873673636185,0
20.7,24.6,0.0,476.75,0.00370974784825709,0
21.7,27.84,474.0,1073.66666666667,0.004469509540126189,1
22.2,27.7,544.2,1152.4,0.00458565545482424,1
20.6,24.39,0.0,463.5,0.00365516051087822,0
20.6,24.39,0.0,465.0,0.00365516051087822,0
20.7,22.34,0.0,458.75,0.0033670886765457,0
20.89,25.39,441.0,681.0,0.0038749559254609,1
22.7,26.6833333333333,434.0,971.333333333333,0.004553435185152529,1
20.58,22.254,0.0,449.4,0.00332920718350033,0
21.2,27.0,0.0,696.666666666667,0.00420211049730072,0
20.89,25.0,0.0,556.75,0.00381507006340074,0
22.873333333333303,27.6833333333333,439.0,1064.16666666667,0.0047756842425233795,1
22.65,30.65,423.666666666667,1285.33333333333,0.0052200380105181104,1
20.65,25.05,0.0,491.75,0.0037663282820191795,0
20.39,22.5,0.0,435.0,0.00332675846769344,0
22.87,26.456,657.8,1019.0,0.00456147435928116,1
20.65,22.245,0.0,449.0,0.00334232350934395,0
23.2,25.54,543.0,894.4,0.00449186374157291,1
20.64,22.236,0.0,454.0,0.0033388943170400698,0
22.06,28.274,538.0,1190.4,0.0046413303225926105,1
20.79,25.0,0.0,532.0,0.00379151999106046,0
20.5,22.39,0.0,434.5,0.00333308443071495,0
22.963333333333303,26.29,668.0,1018.6666666666699,0.0045585293816626,1
20.7,24.6,0.0,482.0,0.00370974784825709,0
20.718000000000004,25.04,0.0,513.6,0.00378071953151168,0
21.1,24.89,444.0,742.0,0.00384783443575005,1
20.9725,25.815,0.0,597.5,0.00396039963283484,0
22.89,30.675,454.0,1351.75,0.005301570825881121,1
20.89,25.2225,0.0,562.75,0.00384923431136602,0
22.5,25.0,419.0,819.6,0.004212392172552679,0
20.29,22.6,0.0,434.25,0.00332093209327951,0
20.89,23.2,0.0,494.75,0.0035388222189340897,0
20.79,24.945,0.0,516.25,0.0037831279133643,0
22.89,25.39,692.0,961.75,0.00438172787670815,1
20.73,25.1,0.0,511.666666666667,0.0037926534895490202,0
22.2,27.772,543.0,1164.4,0.0045976629531329,1
23.7,26.89,464.0,861.0,0.00487710983719076,1
20.365,22.7,0.0,429.5,0.00335128257512357,0
21.89,29.2,0.0,1030.5,0.00474466311607751,0
20.89,25.0,0.0,558.0,0.00381507006340074,0
22.254,27.54,555.6,1074.4,0.0045740993282472105,1
20.7,24.5,0.0,468.0,0.0036945779980858896,0
20.745,22.39,0.0,460.25,0.0033840840602220603,0
20.6,24.39,0.0,464.75,0.00365516051087822,0
20.7,22.365,0.0,458.0,0.00337087710126894,0
20.7,24.65,0.0,482.75,0.0037173330491887,0
22.2,27.7225,547.0,1153.75,0.0045894077486098896,1
20.33,23.2,412.2,476.6,0.00341806648197945,1
21.7,24.29,0.0,668.0,0.0038960130145852295,0
21.6,28.4725,0.0,898.25,0.00454371901974407,0
20.7,25.1,0.0,509.0,0.00378560813415773,0
22.1,26.1,594.8,937.6,0.00429252572916348,1
20.7,24.65,0.0,481.5,0.0037173330491887,0
21.0,25.39,444.0,718.0,0.00390142139093685,0
23.58,25.736,738.0,1067.75,0.0046323779666775705,1
23.0,30.016666666666698,462.333333333333,1263.66666666667,0.0052217993333571,1
20.6666666666667,24.463333333333303,0.0,464.333333333333,0.00368140183570895,0
20.29,22.7,0.0,432.25,0.00333570528717845,0
21.1,23.533333333333303,0.0,544.0,0.00363687614933414,0
23.0,28.018,429.0,1061.6,0.00487138154496758,1
22.6,30.1666666666667,419.0,1214.16666666667,0.00512134418292066,1
20.73,22.39,0.0,456.0,0.00338094199441115,0
22.6,25.2,422.5,853.0,0.0042723699287058,0
21.0,26.236,0.0,622.0,0.00403226028118273,0
20.7,24.6,0.0,465.25,0.00370974784825709,0
23.1,29.075,444.0,1175.25,0.00508759281801227,1
22.6,30.1,419.0,1204.75,0.00510993331507665,1
20.2,22.89,0.0,440.666666666667,0.00334501033919613,0
20.6666666666667,24.463333333333303,0.0,465.333333333333,0.00368140183570895,0
21.2,27.5,0.0,747.0,0.0042804628763440395,0
22.7,31.245,447.0,1401.16666666667,0.0053385518883447705,1
22.7,31.1,433.0,1344.25,0.0053135653993026,1
23.245,25.715,178.0,961.0,0.00453527126228133,0
22.745,31.2225,438.0,1378.5,0.00534938196723674,1
22.5,30.1,0.0,1184.0,0.00507873673636185,0
20.7,22.29,0.0,453.5,0.0033595119647966,0
21.272,25.412,503.6,780.6,0.0039710085054068395,1
23.29,26.754,542.8,966.0,0.0047328523924129,1
20.7,24.76,0.0,475.666666666667,0.0037340211385977103,0
21.2,25.7633333333333,453.0,800.333333333333,0.00400840313060352,1
22.2,27.54,538.6,1093.2,0.00455897377280768,1
22.6,25.2675,442.5,868.75,0.0042838925937963,1
20.6,24.2,0.0,460.333333333333,0.00362652051049971,0
23.2,25.945,653.166666666667,992.5,0.0045636159861647705,1
20.745,22.6,0.0,471.5,0.00341599833244845,0
21.2,23.745,0.0,569.0,0.00369251536345345,0
21.2,27.0,0.0,699.5,0.00420211049730072,0
20.865,24.9725,0.0,545.25,0.0038049547683620703,0
22.29,27.5,563.4,1070.4,0.00457750035625741,1
21.2,27.5,0.0,746.4,0.0042804628763440395,0
20.29,22.79,0.0,441.666666666667,0.00334900175851823,0
20.39,22.5,0.0,434.0,0.00332675846769344,0
23.2,25.55,171.0,918.0,0.00449363520405676,0
20.89,22.9175,0.0,483.0,0.0034954887945841803,0
22.7,30.873333333333303,433.0,1311.16666666667,0.00527451004748194,1
20.7,24.5,0.0,463.333333333333,0.0036945779980858896,0
22.2,27.5,555.0,1094.0,0.00455230370735505,1
20.5,22.29,0.0,452.333333333333,0.0033181185303638398,0
23.0,30.0,464.0,1261.0,0.00521887561724853,1
20.89,25.0,0.0,555.25,0.00381507006340074,0
22.5,25.0,419.0,824.0,0.004212392172552679,0
20.7,24.6,0.0,471.0,0.00370974784825709,0
21.0,26.2675,0.0,622.75,0.00403713299829174,0
20.79,24.963333333333303,0.0,529.333333333333,0.00378592524758721,0
22.6,30.18,419.0,1220.6,0.00512362640632125,1
23.7,26.272,585.2,749.2,0.0047641630241641395,1
22.745,26.6,663.75,1014.75,0.0045516089930389,1
21.0,25.2,453.0,705.0,0.00387204429039337,1
20.7,24.5,0.0,463.5,0.0036945779980858896,0
20.66,24.215999999999998,412.2,535.8,0.00364245785923865,1
20.79,25.0,0.0,529.75,0.00379151999106046,0
22.7,25.926666666666698,439.0,927.333333333333,0.00442339389680503,1
23.0,25.39,686.5,971.25,0.0044112208499363205,1
20.7,22.39,0.0,461.666666666667,0.00337466557189241,0
22.0,29.39,0.0,1066.0,0.0048081870314844,0
21.89,24.5,0.0,694.75,0.00397608547610517,0
21.7675,28.125,495.25,1127.5,0.0045344011934834606,1
20.29,22.7225,0.0,436.0,0.00333902935200387,0
23.236,28.978,464.0,1167.0,0.005112685129071129,1
22.39,30.1,0.0,1180.75,0.0050446148366279,0
20.89,25.1333333333333,0.0,561.0,0.00383554257309491,0
20.89,22.865,0.0,482.25,0.00348743634186028,0
20.7,24.79,0.0,482.0,0.0037385725901998897,0
20.5666666666667,22.23,0.0,447.0,0.00332284953955743,0
20.5,23.89,419.0,487.2,0.0035576589307174398,1
21.1,23.6,0.0,553.0,0.00364723932725151,0
23.23,25.715,608.333333333333,883.0,0.00453113277335468,1
20.5,22.39,0.0,447.75,0.00333308443071495,0
23.89,26.29,772.75,1163.25,0.0048226878841074895,1
20.29,22.7,0.0,436.0,0.00333570528717845,0
21.23,27.7,0.0,767.0,0.00431980984000691,0
22.2,27.79,546.5,1161.0,0.0046006648996179894,1
23.2,28.7,464.0,1138.0,0.00505214492389298,1
20.79,24.9725,0.0,523.25,0.0037873239240770297,0
20.55,22.29,0.0,448.5,0.00332842453898209,0
20.945,25.39,444.0,697.333333333333,0.0038881688038662297,1
20.79,24.89,0.0,526.0,0.00377473606074636,0
22.2,24.736,0.0,757.0,0.0040917458809511895,0
21.075,26.39,0.0,640.75,0.00407494269500011,0
21.16,26.79,0.0,677.8,0.00415891577864711,0
23.245,28.92,467.75,1160.0,0.0051051661578754,1
20.533333333333303,24.2,0.0,462.666666666667,0.00361155395043591,0
20.7,22.5,0.0,463.75,0.00339133538795165,0
21.025,26.315,0.0,631.5,0.004050740750502621,0
21.23,26.498333333333303,449.0,871.833333333333,0.00413116548618656,1
20.575,22.2225,0.0,446.5,0.00332343918686436,0
22.6,25.2,423.666666666667,853.0,0.0042723699287058,0
22.937142857142895,30.405714285714303,456.142857142857,1330.0,0.00526979035275781,1
20.89,25.5,0.0,572.75,0.0038918488819086397,0
20.575,22.2675,0.0,447.75,0.00333020509905801,0
21.0,23.26,0.0,514.333333333333,0.00357224638533805,0
20.718000000000004,25.1,0.0,512.4,0.0037898339613418102,0
21.29,27.79,0.0,782.0,0.00435003631085442,0
20.39,22.5,0.0,434.25,0.00332675846769344,0
20.7,22.315,0.0,456.0,0.00336330029772187,0
23.718000000000004,26.29,578.4,760.4,0.00477266099212519,1
20.6,24.2,0.0,462.2,0.00362652051049971,0
20.89,23.2,0.0,492.5,0.0035388222189340897,0
20.39,23.7,0.0,472.0,0.0035051854492393697,0
20.525,22.2,0.0,443.5,0.00330977830422425,0
20.29,22.675,0.0,435.75,0.00333201192326353,0
21.0,25.815,0.0,594.25,0.00396714331105683,0
20.29,22.7225,0.0,431.25,0.00333902935200387,0
20.7,24.37,419.0,584.8,0.0036748582924948205,1
21.2,26.79,0.0,677.666666666667,0.00416920834398832,0
20.5,22.5,0.0,436.0,0.00334954774852514,0
22.6,30.254,424.6,1229.8,0.0051362930481255896,1
20.323333333333302,22.6,0.0,436.0,0.0033278166486012603,0
20.87,24.978,0.0,537.2,0.00380697612849538,0
20.365,22.575,0.0,438.5,0.00333272949673482,0
20.525,24.1,0.0,465.5,0.00359468469872632,0
23.2,29.05,464.0,1171.0,0.005114263035035121,1
20.772,24.956,419.0,592.0,0.0037805884637298103,1
20.823333333333302,25.033333333333303,419.0,622.666666666667,0.00380445252679579,1
21.0,23.29,0.0,521.0,0.0035768802490343797,0
20.6,22.1,0.0,447.0,0.0033101476955541,0
20.56,22.29,0.0,447.6,0.0033304891212768,0
22.89,30.89,465.25,1385.25,0.00533904830684845,1
20.7,25.0,0.0,491.0,0.0037704346054599296,0
22.2,27.7225,550.5,1157.75,0.0045894077486098896,1
23.6,27.804285714285697,480.142857142857,1030.42857142857,0.00501374584466786,1
21.2,26.79,0.0,687.6,0.00416920834398832,0
21.0,26.1666666666667,0.0,616.666666666667,0.00402153541444294,0
20.39,23.66,397.4,501.0,0.00349923624272876,1
20.7,24.79,0.0,486.0,0.0037385725901998897,0
20.6,24.1,0.0,467.5,0.00361144787924265,0
20.29,22.7,0.0,434.0,0.00333570528717845,0
20.6,22.2,0.0,446.25,0.00332520581189891,0
21.55,27.5,464.0,1034.25,0.00437393153272012,1
20.39,22.5,0.0,437.25,0.00332675846769344,0
20.7,24.5,0.0,470.25,0.0036945779980858896,0
20.29,22.79,0.0,439.0,0.00334900175851823,0
20.2,22.79,0.0,439.0,0.0033303186824580697,0
20.426666666666698,22.323333333333302,0.0,437.333333333333,0.0033080196891354897,0
20.81,22.62,0.0,467.4,0.0034328250361985698,0
20.89,25.7,0.0,579.8,0.0039225656845997894,0
21.0,26.15,0.0,608.75,0.00401895737625997,0
20.89,25.1,0.0,558.0,0.0038304243200990603,0
20.6,24.2,0.0,463.25,0.00362652051049971,0
22.6,25.2,439.8,860.6,0.0042723699287058,1
23.29,28.575,478.0,1132.25,0.00505761142733373,1
20.7,24.6,0.0,480.75,0.00370974784825709,0
22.79,30.89,444.0,1363.5,0.005306513281236379,1
21.2,26.05,449.5,815.2,0.00405329497589108,1
20.39,22.5,0.0,436.4,0.00332675846769344,0
21.025,26.315,0.0,629.5,0.004050740750502621,0
23.365,25.6,729.0,1040.5,0.00454791914921006,1
20.7,25.1,0.0,510.5,0.00378560813415773,0
21.0,26.0,0.0,605.25,0.00399575598808051,0
21.6333333333333,28.73,0.0,944.333333333333,0.00459454332333087,0
21.35,26.934,463.0,932.0,0.00423077833121522,1
20.7,24.89,0.0,487.0,0.00375374457375356,0
20.7675,24.6,419.0,628.75,0.00372529627333651,1
21.823333333333302,28.1333333333333,493.0,1142.33333333333,0.0045513659847956,1
22.89,26.39,668.0,1015.5,0.00455556875653445,1
22.0,28.29,528.0,1198.5,0.00462688899775767,1
21.412,27.272,453.0,985.4,0.00430066017745165,1
23.29,28.55,464.0,1123.75,0.0050531506227436,1
20.89,25.0,0.0,549.333333333333,0.00381507006340074,0
20.856666666666698,24.926666666666698,0.0,541.333333333333,0.0037959697919508102,0
21.1,23.575,0.0,545.75,0.00364335309530045,0
21.7,28.89,0.0,954.666666666667,0.00463933672315574,0
22.908333333333303,30.306666666666697,462.333333333333,1313.16666666667,0.00524324454762937,1
20.89,23.0,0.0,485.0,0.00350814306776971,0
22.1,24.7,0.0,738.0,0.00406077210033269,0
20.52,24.236,407.4,549.6,0.0036139664870275,1
23.2,28.62,469.0,1130.4,0.0050379482263243,1
20.73,25.0666666666667,0.0,511.0,0.00378758609466528,0
20.7225,22.6,0.0,458.5,0.00341124151659625,0
20.675,22.2675,0.0,451.0,0.0033509088770266897,0
21.2,25.163333333333302,444.0,752.666666666667,0.0039144642904838205,1
21.1,23.5,0.0,541.25,0.00363169468911561,0
21.6,28.56,0.0,920.2,0.0045577848270704395,0
22.89,30.89,451.6,1374.0,0.00533904830684845,1
23.2,25.525,587.0,869.75,0.0044892065666306295,1
21.0,26.1,0.0,604.5,0.00401122338910984,0
22.912,30.79,454.0,1365.8,0.00532877401973244,1
22.9175,30.5,465.25,1328.75,0.00527993189209704,1
21.2,27.34,0.0,737.75,0.004255387981851271,0
20.675,22.2675,0.0,450.25,0.0033509088770266897,0
20.5,24.1,0.0,467.0,0.00358911223325629,0
20.575,22.29,0.0,446.5,0.00333358811005981,0
20.6,22.125,0.0,445.75,0.0033139121566512103,0
21.89,28.31,512.0,1178.8,0.0045989791234505,1
22.7,31.2,442.5,1373.5,0.0053307972477025,1
23.39,28.373333333333303,457.5,1088.83333333333,0.00505228580200481,1
20.7,22.365,0.0,452.25,0.00337087710126894,0
20.7,25.1,0.0,491.25,0.00378560813415773,0
23.29,25.978333333333303,197.166666666667,996.5,0.00459462133070974,0
23.323333333333302,28.1,503.0,1108.83333333333,0.00498296766080685,1
20.5,24.1,414.0,538.0,0.00358911223325629,1
20.7,24.5,0.0,469.75,0.0036945779980858896,0
23.6,27.412,501.2,958.6,0.00494244570930318,1
23.245,25.825,178.0,984.0,0.00455481367184223,0
20.7,24.5,0.0,467.666666666667,0.0036945779980858896,0
24.218000000000004,25.912,805.0,1152.4,0.0048480885145136,1
22.89,30.745,454.0,1360.16666666667,0.005313772304801279,1
22.772,31.2,439.8,1377.0,0.00535432904378901,1
20.856666666666698,22.856666666666698,0.0,480.25,0.0034789756630827897,0
22.39,27.254,616.0,1061.8,0.00456413898746735,1
23.7,26.12,737.8,1119.0,0.0047363894614559105,1
20.945,25.79,0.0,582.25,0.00394981290597816,0
20.7,24.5,408.0,546.25,0.0036945779980858896,1
23.29,28.6833333333333,474.0,1142.83333333333,0.00507694231398356,1
22.39,24.717083333333303,419.0,772.925,0.00413646442172095,1
21.978,28.29,532.8,1193.0,0.0046206375251783794,1
22.9725,25.39,693.75,970.0,0.00440383124996745,1
20.7,25.1,0.0,495.333333333333,0.00378560813415773,0
22.6,30.4725,419.0,1238.75,0.005173696861751471,1
20.6,22.218000000000004,0.0,448.4,0.00332791634986075,0
24.2,25.891666666666698,786.166666666667,1145.33333333333,0.00483898711768363,1
20.2,22.89,0.0,433.75,0.00334501033919613,0
20.89,24.945,432.75,725.0,0.003806625543353,1
20.79,24.9175,0.0,538.0,0.00377893195892112,0
21.5,24.1,0.0,612.75,0.0038180477340365795,0
20.7,24.5,0.0,469.0,0.0036945779980858896,0
20.29,22.7,0.0,434.2,0.00333570528717845,0
20.65,22.2675,0.0,446.25,0.00334572233110724,0
22.1,24.7,0.0,740.666666666667,0.00406077210033269,0
22.981666666666698,28.0666666666667,429.0,1070.33333333333,0.0048744541729969105,1
21.15,25.2225,459.25,731.25,0.00391162630292601,1
21.2,25.2,465.25,762.75,0.00392020418856616,1
22.2,27.6,538.0,1121.2,0.004568979137268171,1
22.2,27.772,543.0,1148.6,0.0045976629531329,1
20.89,25.08,0.0,556.8,0.00382735340848547,0
20.2675,22.865,0.0,436.75,0.00335538761128267,0
22.73,31.1666666666667,441.0,1374.0,0.00533483634054531,1
21.1,26.6,0.0,665.0,0.0041139379302597605,0
22.675,26.675,652.75,1028.5,0.0045450525434806,1
22.7,31.2675,442.5,1395.33333333333,0.0053424292805595896,1
22.79,26.516666666666698,648.333333333333,1014.1666666666699,0.00454973424512434,1
20.64,24.434,0.0,460.0,0.0036708875707830795,0
20.89,24.926666666666698,0.0,543.0,0.0038038107539800897,0
21.2,27.1,0.0,702.75,0.00421777940467497,0
20.625,24.4175,0.0,464.5,0.0036649836944551897,0
20.89,23.254,0.0,504.0,0.00354710610572144,0
20.5666666666667,22.1333333333333,0.0,443.333333333333,0.00330832334749752,0
23.35,27.08,538.4,1005.4,0.00480849045959722,1
21.29,23.89,0.0,586.666666666667,0.00373589314251898,0
20.5,24.1,0.0,468.0,0.00358911223325629,0
21.2,27.575,0.0,749.75,0.00429221742436988,0
20.29,22.856666666666698,413.666666666667,442.666666666667,0.00335885136110578,1
20.956,25.39,444.0,717.8,0.0038908161412973398,0
20.7,24.5,419.0,608.75,0.0036945779980858896,1
23.29,28.6,470.0,1116.0,0.0050620722953919105,1
20.87,22.718000000000004,0.0,471.4,0.00346060593833997,0
20.9175,25.1,0.0,561.0,0.00383694947177254,0
20.7,25.1,0.0,505.5,0.00378560813415773,0
20.6,22.29,0.0,451.333333333333,0.00333875873669441,0
20.2,22.79,0.0,439.666666666667,0.0033303186824580697,0
20.6,22.2,0.0,451.0,0.00332520581189891,0
23.1,29.5,463.0,1219.6,0.00516257728412937,1
20.84,24.84,434.5,686.0,0.0037787900946656705,1
22.39,24.7,419.0,790.6,0.00413358648459168,0
20.6333333333333,24.426666666666698,0.0,468.333333333333,0.00366826270223185,0
20.7225,22.445,0.0,461.5,0.00338771840921383,0
21.2,27.0,0.0,692.75,0.00420211049730072,0
21.1,23.39,0.0,522.666666666667,0.00361459647930365,0
20.7,24.89,0.0,480.666666666667,0.00375374457375356,0
23.2,28.718000000000004,457.0,1140.0,0.0050553392694394,1
20.7,24.5,0.0,465.75,0.0036945779980858896,0
20.6,24.0,0.0,466.333333333333,0.00359637597422955,0
23.29,25.79,576.75,901.0,0.00456106776695527,1
20.7,25.1,0.0,496.25,0.00378560813415773,0
20.5666666666667,22.26,0.0,443.333333333333,0.0033273578053557,0
21.1,26.5,0.0,643.75,0.0040983700928640295,0
20.6,22.2225,0.0,451.0,0.00332859398802281,0
20.7,24.79,0.0,481.666666666667,0.0037385725901998897,0
22.39,27.29,603.6,1064.0,0.00457021208799111,0
20.5,24.033333333333303,413.0,531.333333333333,0.00357912671517753,1
21.1,23.6,0.0,553.25,0.00364723932725151,0
21.64,27.715999999999998,476.0,1045.8,0.00443304795553122,1
20.5,22.2675,0.0,453.5,0.00331475130150607,0
20.625,24.2925,0.0,464.5,0.0036461116379366,0
22.39,27.2,575.0,1050.5,0.0045550295574192205,0
21.0,26.2,0.0,617.25,0.0040266915545098605,0
22.575,25.075,433.0,834.5,0.00424454028030123,1
20.7,24.5,0.0,471.0,0.0036945779980858896,0
20.89,25.7,0.0,576.666666666667,0.0039225656845997894,0
20.39,22.5,0.0,436.666666666667,0.00332675846769344,0
20.56,22.2,0.0,445.6,0.00331696994314427,0
22.306666666666697,27.39,569.833333333333,1061.5,0.00456371667886437,1
23.125,29.4725,469.0,1212.25,0.005165593914299171,1
21.175,25.040416666666697,446.666666666667,751.5,0.0038892134146993203,1
22.6,30.5666666666667,419.0,1258.5,0.0051898181114685,1
20.6,22.1333333333333,0.0,449.0,0.0033151669870892103,0
20.89,24.89,0.0,550.0,0.0037981812511967204,0
20.7,24.5,0.0,466.6,0.0036945779980858896,0
20.6,22.125,0.0,444.75,0.0033139121566512103,0
20.9725,25.39,444.0,710.25,0.00389479012739197,1
23.2,25.5,171.0,907.0,0.00448477799181549,0
20.89,25.2,433.0,639.0,0.00384577933024355,1
20.89,24.9725,0.0,547.25,0.00381084777488986,0
20.745,24.79,0.0,481.5,0.0037490128096980702,0
23.6,27.7,483.166666666667,1009.5,0.00499478974690881,1
21.0,23.29,0.0,520.75,0.0035768802490343797,0
22.908333333333303,26.39,663.666666666667,1016.0,0.0045606681018561706,1
24.1,25.918000000000003,789.6,1160.2,0.0048147451404422,1
23.6666666666667,26.0666666666667,746.333333333333,1109.0,0.00471709525928931,1
21.7,28.89,0.0,976.75,0.00463933672315574,0
20.7,24.9725,0.0,478.75,0.0037662620140674103,0
21.245,26.5833333333333,454.0,876.666666666667,0.0041483470847770605,1
20.79,24.978,0.0,537.2,0.00378816313297203,0
20.7,24.6,0.0,473.2,0.00370974784825709,0
20.5666666666667,22.2,0.0,455.0,0.0033183413387629103,0
20.6,22.2,0.0,444.25,0.00332520581189891,0
20.89,25.29,0.0,567.5,0.0038595994836159,0
22.7225,26.7,432.75,980.75,0.00456256926364279,1
22.89,30.79,454.0,1368.5,0.00532161636332885,1
20.315,22.6,0.0,434.75,0.00332609433192358,0
20.39,22.5,0.0,434.25,0.00332675846769344,0
23.26,25.7933333333333,186.0,983.333333333333,0.00455334232387095,0
20.4725,22.39,0.0,433.5,0.00332740246984485,0
20.823333333333302,24.926666666666698,0.0,538.0,0.0037881430827897,0
20.7,25.0,0.0,492.25,0.0037704346054599296,0
22.5,25.6666666666667,652.0,940.333333333333,0.0043255037974044,1
21.0,23.29,0.0,509.75,0.0035768802490343797,0
22.2,27.7,548.0,1144.0,0.00458565545482424,1
20.575,22.175,0.0,441.75,0.00331629754949584,0
21.1,23.5,0.0,545.25,0.00363169468911561,0
21.39,24.0,0.0,617.333333333333,0.00377641938611092,0
23.23,28.5,449.0,1104.5,0.0050258311747689,1
21.0666666666667,26.463333333333303,0.0,643.0,0.00408423543698301,0
20.79,25.0,0.0,517.333333333333,0.00379151999106046,0
23.6,27.6,511.0,997.2,0.0049766137433226295,1
20.29,22.7,0.0,428.25,0.00333570528717845,0
20.7,22.29,0.0,455.0,0.0033595119647966,0
21.29,23.9725,0.0,590.5,0.00374887216352344,0
22.5,24.89,419.0,813.8,0.0041937326810038,0
20.5,23.89,419.0,492.4,0.0035576589307174398,1
22.9685714285714,30.304285714285697,460.428571428571,1294.57142857143,0.0052621521240719,1
20.89,23.1,0.0,501.5,0.0035234822671828397,0
20.926666666666698,23.0,0.0,492.333333333333,0.00351610913906784,0
20.31,23.2,415.0,470.8,0.00341382178221691,1
20.7,24.6,0.0,480.25,0.00370974784825709,0
22.6,30.37,419.0,1246.8,0.005156149894757871,1
20.575,22.2,0.0,442.5,0.00332005628567131,0
20.79,22.6,0.0,469.0,0.0034255294987624602,0
20.772,25.0,0.0,516.4,0.00378729461678286,0
24.1,25.831999999999997,799.0,1139.0,0.00479864580556749,1
22.245,27.5833333333333,562.0,1077.0,0.00457882151640635,1
22.715,31.2,441.0,1368.33333333333,0.00533569215804204,1
21.89,29.2,0.0,1030.8,0.00474466311607751,0
21.5,24.2,0.0,650.75,0.0038339879085467,0
20.65,25.075,0.0,498.5,0.00377010987584578,0
22.4175,24.7475,419.0,796.75,0.00414856636550583,0
20.35,22.5,0.0,429.2,0.00331850539059036,0
20.89,25.39,0.0,569.6,0.0038749559254609,0
20.6333333333333,22.26,0.0,453.0,0.00334113679495563,0
21.26,26.5666666666667,454.0,890.333333333333,0.00414957116092305,1
20.68,24.478,0.0,464.6,0.0036866678523263603,0
21.125,23.65,0.0,550.5,0.0036606611147234204,0
20.2,22.89,0.0,440.6,0.00334501033919613,0
21.81,26.274,567.8,919.2,0.00424502903402628,1
23.14,29.456,469.0,1209.0,0.00516740184512806,1
20.4725,23.7675,0.0,471.0,0.00353327712377474,0
20.575,22.29,0.0,452.0,0.00333358811005981,0
20.29,22.7225,0.0,438.0,0.00333902935200387,0
20.29,22.7,0.0,433.0,0.00333570528717845,0
21.89,29.2,0.0,1018.6666666666699,0.00474466311607751,0
22.7675,25.315,684.75,952.25,0.00433615170348689,1
20.963333333333303,25.89,0.0,602.0,0.003969726955971089,0
20.815,24.815,433.0,683.5,0.0037691244531884,1
20.6,24.39,0.0,465.75,0.00365516051087822,0
23.2,25.7,610.2,881.333333333333,0.00452020834351849,1
20.89,23.0,0.0,491.666666666667,0.00350814306776971,0
20.6,22.29,0.0,447.333333333333,0.00333875873669441,0
21.29,25.426666666666698,487.0,779.0,0.00397773221374547,1
20.6,22.1,0.0,446.333333333333,0.0033101476955541,0
22.1,28.365,535.0,1197.5,0.0046678335586324,1
20.7,24.79,0.0,486.5,0.0037385725901998897,0
20.7,22.29,0.0,449.666666666667,0.0033595119647966,0
22.5666666666667,25.6,648.666666666667,942.166666666667,0.00433182012264332,1
23.365,28.5,471.5,1103.5,0.00506731029811295,1
20.7,25.0,0.0,498.25,0.0037704346054599296,0
22.865,27.84,432.75,1077.25,0.0048004764264941895,1
20.4725,22.3925,0.0,435.75,0.00332777598530706,0
21.356666666666698,24.0,0.0,600.0,0.0037686651040406602,0
20.5,22.29,0.0,438.25,0.0033181185303638398,0
20.5,22.39,0.0,437.0,0.00333308443071495,0
22.1,28.2,543.666666666667,1201.66666666667,0.004640478063590111,1
20.29,22.7225,0.0,438.75,0.00333902935200387,0
20.39,23.5,399.5,498.75,0.0034754405483064,1
22.7675,31.125,440.25,1374.25,0.00533987771455223,1
23.29,28.89,479.0,1159.33333333333,0.00511382300356036,1
21.1,23.39,0.0,521.0,0.00361459647930365,0
21.0,26.1,0.0,612.0,0.00401122338910984,0
23.1857142857143,25.5285714285714,268.714285714286,899.285714285714,0.0044859361553864704,0
20.79,25.0,0.0,534.4,0.00379151999106046,0
22.7,31.016666666666698,433.0,1343.33333333333,0.00529920624876767,1
21.2,27.2,0.0,719.0,0.00423344909620756,0
24.2,25.89,794.25,1149.25,0.00483867320518602,1
20.7,25.05,0.0,509.75,0.00377802127782894,0
21.6,28.29,0.0,885.333333333333,0.00451438379662567,0
23.29,26.575,546.0,956.75,0.004700947503647229,1
20.39,22.5,0.0,435.666666666667,0.00332675846769344,0
20.6,22.29,0.0,451.5,0.00333875873669441,0
20.7,24.6,0.0,478.666666666667,0.00370974784825709,0
22.7225,30.9725,433.0,1340.25,0.00529888555878151,1
21.365,23.89,0.0,602.0,0.0037532161493875798,0
20.5,22.39,0.0,434.666666666667,0.00333308443071495,0
21.1,26.6,0.0,652.75,0.0041139379302597605,0
20.7,22.29,0.0,457.25,0.0033595119647966,0
20.675,24.4725,0.0,469.0,0.0036846924014502297,0
22.39,30.05,0.0,1172.5,0.005036167229102329,0
20.29,22.6333333333333,0.0,440.666666666667,0.00332585641368785,0
20.55,22.2,0.0,448.5,0.00331491378586315,0
22.29,24.9175,0.0,781.0,0.00414476697940617,0
23.2,25.65,638.0,938.25,0.00451135037989764,0
22.525,24.945,433.0,822.25,0.00420949461543371,1
20.9175,25.125,0.0,559.75,0.0038407947330213795,0
20.84,24.8925,0.0,544.75,0.00378682529133795,0
20.7,24.79,0.0,484.8,0.0037385725901998897,0
21.2,25.1,454.0,735.75,0.0039045501690233705,1
20.39,22.456,0.0,435.4,0.00332021807965894,0
22.0,28.2,523.0,1198.0,0.00461206016363195,1
22.7225,26.6,650.75,1021.25,0.00454535611417879,1
20.7225,22.5,0.0,459.25,0.00339606511573662,0
23.0,27.926666666666698,429.0,1058.33333333333,0.00485537781204804,1
23.29,27.9175,516.75,1085.25,0.0049403133780148295,1
20.912,25.7,0.0,581.8,0.0039279113623644606,0
22.0,24.58,0.0,716.6,0.00401619278733235,0
20.79,22.6,0.0,467.666666666667,0.0034255294987624602,0
21.05,26.29,0.0,627.0,0.00405312976495311,0
20.5,24.1,0.0,467.666666666667,0.00358911223325629,0
20.575,22.2675,0.0,444.5,0.00333020509905801,0
22.6,25.0,433.0,832.0,0.0042382311879931205,1
22.7,31.1666666666667,441.0,1365.33333333333,0.00532505319304875,1
23.2,25.5,598.4,866.2,0.00448477799181549,1
20.89,25.0,0.0,554.5,0.00381507006340074,0
21.0,25.29,456.8,714.8,0.0038859594153106396,0
20.856666666666698,24.93,0.0,539.0,0.0037964805086030296,0
21.15,26.7,0.0,671.25,0.0041422900640776,0
20.477999999999998,22.392,0.0,435.4,0.00332883709371958,0
20.463333333333303,23.856666666666698,0.0,473.0,0.0035445907796677898,0
21.7,27.9175,489.0,1088.75,0.00448204125720489,1
20.7,25.125,0.0,502.25,0.00378940163130914,0
21.1,23.5,0.0,533.4,0.00363169468911561,0
20.89,22.84,0.0,481.5,0.0034836019134338396,0
21.456,27.33,453.0,996.2,0.00432158397988126,1
23.306666666666697,28.533333333333303,466.5,1105.66666666667,0.005055303974300989,1
20.26,22.6666666666667,0.0,433.333333333333,0.00332457700340578,0
21.7675,24.365,0.0,679.75,0.00392437745140477,0
20.2,22.89,0.0,442.0,0.00334501033919613,0
20.575,24.2,0.0,460.75,0.00362090165616911,0
20.79,25.0,0.0,534.0,0.00379151999106046,0
20.81,24.956,0.0,541.6,0.00378949767297425,0
21.39,27.1,462.333333333333,959.333333333333,0.00426755360931977,1
23.2,25.5,561.5,870.5,0.00448477799181549,1
22.434,27.04,584.8,1049.6,0.00454025934484615,1
20.6,24.2,0.0,463.25,0.00362652051049971,0
21.2,27.2,0.0,712.25,0.00423344909620756,0
23.29,28.6166666666667,466.5,1115.66666666667,0.00506504624269139,1
24.1,25.8925,797.5,1156.25,0.0048099714141955,1
21.2,27.245,0.0,727.0,0.0042405007132445705,0
20.6,22.2,0.0,447.666666666667,0.00332520581189891,0
23.254,28.912,476.0,1160.8,0.00510654102587916,1
21.865,26.315,554.0,923.5,0.0042661023632274,1
20.736,25.1,0.0,511.8,0.00379406394707,0
22.945,30.39,469.0,1311.5,0.00526957174907314,1
20.7,25.0,0.0,490.5,0.0037704346054599296,0
20.625,24.4175,0.0,463.5,0.0036649836944551897,0
20.5,24.1,413.0,538.333333333333,0.00358911223325629,1
20.6,24.0,0.0,463.5,0.00359637597422955,0
21.2,23.79,0.0,577.333333333333,0.00369955480346118,0
22.7,31.29,433.0,1387.33333333333,0.00534630672070471,1
20.7,24.9725,0.0,480.0,0.0037662620140674103,0
22.6,25.0,433.0,837.0,0.0042382311879931205,1
23.7,26.774,464.0,852.4,0.00485590636128976,1
21.1333333333333,24.823333333333302,444.0,747.333333333333,0.0038453769536416797,0
23.272,25.87,184.0,998.6,0.00457031193495107,0
20.73,25.0666666666667,0.0,509.75,0.00378758609466528,0
20.245,22.815,0.0,435.0,0.00334333190248453,0
20.89,24.873333333333303,441.0,697.333333333333,0.00379562241977668,1
22.08,28.37,544.2,1198.6,0.00466293178958891,1
20.7,22.29,0.0,453.333333333333,0.0033595119647966,0
20.55,22.29,0.0,447.0,0.00332842453898209,0
22.52,24.976,430.2,824.0,0.0042134725650431895,1
22.9725,28.1,429.0,1085.0,0.00487755984259212,1
23.14,26.0,660.0,990.2,0.00455668179296498,1
20.7,25.0,0.0,486.5,0.0037704346054599296,0
23.1,29.62,469.0,1219.8,0.0051837526152813205,1
22.1,24.7,0.0,746.25,0.00406077210033269,0
22.6,25.0,433.0,836.25,0.0042382311879931205,1
20.7,24.533333333333303,0.0,469.0,0.00369963453307978,0
21.315,27.0,469.0,946.75,0.00423206298786129,1
20.79,22.64,0.0,466.8,0.0034316258322677,0
20.525,22.29,0.0,449.75,0.00332326801517587,0
20.434,22.412,0.0,435.4,0.00332274112706532,0
22.5,24.856666666666698,419.0,802.333333333333,0.00418807850916583,0
20.9175,25.1,0.0,559.0,0.00383694947177254,0
23.29,27.65,503.5,1054.5,0.0048926039157939,1
20.29,22.7,0.0,436.25,0.00333570528717845,0
20.39,22.5,0.0,432.6,0.00332675846769344,0
20.89,22.84,0.0,483.5,0.0034836019134338396,0
21.978,24.56,0.0,714.2,0.00400748724931948,0
23.754,26.29,509.0,797.0,0.00478309370839038,1
20.7,25.1,0.0,502.0,0.00378560813415773,0
