vseismic,vseismoacoustic,vshift,vgenergy,vgpuls,vgdenergy,vgdpuls,vghazard,vnbumps,vnbumps2,vnbumps3,vnbumps4,vnbumps5,vnbumps6,vnbumps7,vnbumps89,venergy,vmaxenergy,Class
0,0,0,8790,53,-91,-91,0,1,0,1,0,0,0,0,0,3000,3000,0
0,0,0,6130,111,-28,-59,0,0,0,0,0,0,0,0,0,0,0,0
0,1,1,9060,165,-67,-66,0,0,0,0,0,0,0,0,0,0,0,0
1,1,1,834760,2307,37,18,0,4,0,2,2,0,0,0,0,54000,30000,0
0,0,0,10300,144,13,-22,0,0,0,0,0,0,0,0,0,0,0,0
0,1,1,35800,722,27,11,1,0,0,0,0,0,0,0,0,0,0,0
0,0,1,7320,177,-71,-65,0,0,0,0,0,0,0,0,0,0,0,0
0,1,1,12150,361,-36,-29,0,0,0,0,0,0,0,0,0,0,0,0
0,0,0,5840,102,-17,-39,0,0,0,0,0,0,0,0,0,0,0,0
0,0,1,302440,1250,-16,9,0,2,2,0,0,0,0,0,0,600,300,0
1,0,1,55120,713,85,59,0,2,1,1,0,0,0,0,0,9200,9000,0
0,0,0,18040,317,95,43,0,0,0,0,0,0,0,0,0,0,0,0
0,0,1,15160,180,-33,-55,0,1,1,0,0,0,0,0,0,500,500,0
0,1,0,135210,3261,1245,838,1,2,0,1,0,1,0,0,0,208000,200000,0
0,0,1,28570,336,3,-13,0,1,0,1,0,0,0,0,0,2000,2000,0
0,0,0,850,6,-85,-90,0,0,0,0,0,0,0,0,0,0,0,0
1,0,0,2580,115,-77,-49,0,0,0,0,0,0,0,0,0,0,0,0
1,0,1,27440,635,-5,-28,0,1,1,0,0,0,0,0,0,400,400,0
1,0,0,28290,478,126,91,0,0,0,0,0,0,0,0,0,0,0,0
0,0,0,2720,23,-34,-42,0,0,0,0,0,0,0,0,0,0,0,0
0,0,0,3170,36,-88,-79,0,0,0,0,0,0,0,0,0,0,0,0
0,0,1,325750,1068,50,67,0,1,0,1,0,0,0,0,0,3000,3000,0
0,0,0,17700,174,-81,-81,0,1,0,1,0,0,0,0,0,2000,2000,0
1,1,0,44240,678,327,79,1,0,0,0,0,0,0,0,0,0,0,0
1,0,1,27960,804,95,94,0,0,0,0,0,0,0,0,0,0,0,0
0,0,0,3610,16,-69,-60,0,0,0,0,0,0,0,0,0,0,0,0
0,0,0,9000,241,31,40,0,0,0,0,0,0,0,0,0,0,0,0
0,0,0,100190,303,54,52,0,0,0,0,0,0,0,0,0,0,0,0
1,1,1,21060,588,-37,-36,1,0,0,0,0,0,0,0,0,0,0,1
1,2,1,57440,538,27,-23,1,0,0,0,0,0,0,0,0,0,0,0
0,1,1,34660,516,23,-20,1,0,0,0,0,0,0,0,0,0,0,0
0,0,1,28660,471,-3,-6,0,1,1,0,0,0,0,0,0,600,600,0
0,0,0,11730,59,-53,-88,0,1,1,0,0,0,0,0,0,300,300,0
1,1,0,12780,376,23,-1,1,0,0,0,0,0,0,0,0,0,0,0
0,0,1,210960,773,-44,-35,0,1,0,1,0,0,0,0,0,5000,5000,0
0,0,1,25480,484,-20,-8,0,1,0,1,0,0,0,0,0,7000,7000,0
0,0,0,147520,472,-2,-6,0,0,0,0,0,0,0,0,0,0,0,0
1,1,0,31780,538,27,-14,1,0,0,0,0,0,0,0,0,0,0,0
0,0,1,47690,518,42,63,0,6,4,2,0,0,0,0,0,7400,3000,0
1,1,1,31160,623,-6,20,0,1,1,0,0,0,0,0,0,400,400,0
1,0,1,39830,636,36,28,0,0,0,0,0,0,0,0,0,0,0,0
0,1,1,11630,481,-27,21,0,0,0,0,0,0,0,0,0,0,0,0
0,0,0,30130,82,65,57,0,3,3,0,0,0,0,0,0,500,200,0
0,1,1,8260,343,-39,2,1,0,0,0,0,0,0,0,0,0,0,0
1,0,1,96070,537,3,19,0,3,1,1,1,0,0,0,0,49200,40000,0
0,0,1,269070,767,-1,4,0,2,2,0,0,0,0,0,0,800,400,0
1,0,1,24400,352,-10,-25,0,1,0,1,0,0,0,0,0,2000,2000,0
0,1,0,24150,364,176,90,0,1,0,1,0,0,0,0,0,5000,5000,0
0,1,1,34750,368,36,-17,0,0,0,0,0,0,0,0,0,0,0,0
1,0,1,17500,324,21,22,0,0,0,0,0,0,0,0,0,0,0,0
1,0,1,172250,1250,-43,-50,0,2,0,1,1,0,0,0,0,73000,70000,0
0,0,0,6980,37,-10,-81,0,1,1,0,0,0,0,0,0,300,300,0
1,0,1,15130,372,18,51,0,0,0,0,0,0,0,0,0,0,0,0
1,1,0,19760,445,114,101,0,0,0,0,0,0,0,0,0,0,0,0
1,0,1,60710,782,92,79,0,3,1,2,0,0,0,0,0,4800,2000,0
0,0,1,46740,553,27,29,0,6,3,3,0,0,0,0,0,5800,2000,0
0,0,0,7090,220,-38,-10,0,0,0,0,0,0,0,0,0,0,0,0
0,0,1,1138340,2106,-20,-20,0,2,0,2,0,0,0,0,0,11000,9000,0
0,0,1,17660,140,-60,-52,0,1,1,0,0,0,0,0,0,900,900,0
1,1,1,22820,833,25,65,1,0,0,0,0,0,0,0,0,0,0,0
0,1,1,40900,776,43,57,0,1,1,0,0,0,0,0,0,400,400,0
1,0,1,32310,194,-56,-49,0,4,1,2,1,0,0,0,0,28400,20000,0
0,0,1,16290,463,-4,-17,0,1,0,0,1,0,0,0,0,20000,20000,0
0,1,0,23000,157,-28,-17,0,1,0,1,0,0,0,0,0,2000,2000,0
0,0,0,12960,194,27,3,0,0,0,0,0,0,0,0,0,0,0,0
0,0,1,26800,657,54,13,0,0,0,0,0,0,0,0,0,0,0,0
1,1,1,18340,534,3,17,0,0,0,0,0,0,0,0,0,0,0,0
0,0,1,19420,279,-35,-13,0,4,3,1,0,0,0,0,0,2800,1000,0
1,1,0,24020,462,-4,-26,1,0,0,0,0,0,0,0,0,0,0,0
1,1,1,19120,389,-23,-14,1,0,0,0,0,0,0,0,0,0,0,0
0,1,1,541040,1295,-26,-19,1,4,3,1,0,0,0,0,0,4200,3000,0
0,0,0,10410,422,4,21,0,0,0,0,0,0,0,0,0,0,0,0
0,1,1,225040,575,-3,5,0,2,0,2,0,0,0,0,0,7000,6000,0
0,0,1,48930,769,54,46,0,0,0,0,0,0,0,0,0,0,0,0
0,2,1,22210,658,-48,0,1,0,0,0,0,0,0,0,0,0,0,0
0,0,1,35510,313,8,3,0,1,1,0,0,0,0,0,0,500,500,0
0,0,1,125340,292,35,62,0,0,0,0,0,0,0,0,0,0,0,0
0,1,1,190960,1651,58,45,0,2,0,2,0,0,0,0,0,11000,9000,0
0,0,0,41950,135,-39,-36,0,1,0,1,0,0,0,0,0,5000,5000,0
1,0,1,28900,692,0,-13,0,0,0,0,0,0,0,0,0,0,0,0
0,0,1,11890,475,23,10,0,0,0,0,0,0,0,0,0,0,0,0
0,0,1,26220,707,51,22,0,0,0,0,0,0,0,0,0,0,0,0
1,0,1,199030,1255,-30,-45,0,2,2,0,0,0,0,0,0,700,400,1
0,0,1,51950,144,-44,-17,0,2,0,2,0,0,0,0,0,3000,2000,0
0,1,1,104410,631,54,50,0,3,2,1,0,0,0,0,0,1600,1000,0
0,0,1,82480,172,-34,-21,0,1,0,1,0,0,0,0,0,1000,1000,0
0,0,0,3510,19,22,-52,0,0,0,0,0,0,0,0,0,0,0,0
1,0,1,380320,1545,-40,-24,0,4,1,2,1,0,0,0,0,30900,20000,1
1,0,1,18420,255,-21,-46,0,0,0,0,0,0,0,0,0,0,0,0
0,0,1,10730,542,16,30,0,0,0,0,0,0,0,0,0,0,0,0
0,1,1,31800,769,295,313,1,0,0,0,0,0,0,0,0,0,0,1
0,1,0,45150,140,24,-4,0,0,0,0,0,0,0,0,0,0,0,0
0,0,0,4630,89,-56,-42,0,1,0,0,0,0,0,0,0,50,50,1
0,1,0,58410,113,84,88,0,0,0,0,0,0,0,0,0,0,0,0
0,0,1,25050,353,-7,-19,0,0,0,0,0,0,0,0,0,0,0,0
0,0,1,13990,307,-58,-43,0,0,0,0,0,0,0,0,0,0,0,0
0,1,0,12290,471,30,49,0,1,1,0,0,0,0,0,0,500,500,0
0,1,1,1061760,1443,-3,0,0,1,0,1,0,0,0,0,0,3000,3000,1
0,0,1,26620,356,-18,-15,0,0,0,0,0,0,0,0,0,0,0,0
0,1,1,32670,476,103,95,0,1,1,0,0,0,0,0,0,800,800,0
0,0,1,11610,315,-21,3,0,0,0,0,0,0,0,0,0,0,0,0
0,1,1,19170,158,-44,-46,0,2,1,1,0,0,0,0,0,4500,4000,0
0,0,0,9540,339,3,53,0,0,0,0,0,0,0,0,0,0,0,0
0,1,1,226790,717,2,0,0,0,0,0,0,0,0,0,0,0,0,0
0,1,0,11230,383,19,22,0,0,0,0,0,0,0,0,0,0,0,0
1,0,1,44990,508,36,16,0,2,1,1,0,0,0,0,0,5500,5000,0
0,0,1,1988970,3697,78,57,0,0,0,0,0,0,0,0,0,0,0,0
0,0,0,10140,176,12,-5,0,0,0,0,0,0,0,0,0,0,0,0
1,0,0,9340,153,-10,-60,0,0,0,0,0,0,0,0,0,0,0,0
0,0,0,28460,117,-45,-45,0,0,0,0,0,0,0,0,0,0,0,0
1,0,1,45330,485,-4,25,0,3,0,2,0,1,0,0,0,402000,400000,0
1,1,1,7770,300,-57,-33,0,1,0,0,1,0,0,0,0,20000,20000,0
0,0,1,18210,150,-54,-51,0,3,1,2,0,0,0,0,0,7700,5000,0
0,1,1,29060,660,125,103,1,1,1,0,0,0,0,0,0,300,300,0
0,0,0,4230,48,-92,-85,0,0,0,0,0,0,0,0,0,0,0,0
0,1,1,60340,495,68,96,0,5,3,2,0,0,0,0,0,12500,8000,0
1,0,1,6580,161,-75,-63,0,0,0,0,0,0,0,0,0,0,0,0
1,0,1,77040,772,143,-7,0,1,0,1,0,0,0,0,0,2000,2000,0
0,0,1,11210,296,-66,-29,0,0,0,0,0,0,0,0,0,0,0,0
0,0,0,64540,215,0,9,0,1,0,1,0,0,0,0,0,6000,6000,0
1,1,1,20610,274,-18,-33,0,0,0,0,0,0,0,0,0,0,0,0
1,0,1,29720,368,12,-14,0,1,0,1,0,0,0,0,0,4000,4000,0
0,0,1,8080,294,-48,4,0,0,0,0,0,0,0,0,0,0,0,0
1,0,1,12030,308,-16,-26,0,0,0,0,0,0,0,0,0,0,0,0
1,0,0,20040,777,99,123,0,0,0,0,0,0,0,0,0,0,0,0
1,0,1,118120,1716,-33,-14,0,1,0,0,1,0,0,0,0,20000,20000,0
0,1,0,60460,191,56,29,0,0,0,0,0,0,0,0,0,0,0,0
0,1,0,53380,108,-13,-8,0,3,2,1,0,0,0,0,0,1700,1000,0
0,0,0,39040,231,-26,-5,0,1,0,1,0,0,0,0,0,5000,5000,0
0,0,0,4050,34,-31,-37,0,1,1,0,0,0,0,0,0,600,600,0
1,1,1,18580,121,-31,-59,0,2,2,0,0,0,0,0,0,1200,800,0
1,0,1,26860,282,-46,-44,0,2,0,2,0,0,0,0,0,5000,3000,0
1,1,1,109110,417,6,-54,0,2,2,0,0,0,0,0,0,1300,800,0
1,1,0,48590,134,28,84,1,1,0,0,1,0,0,0,0,20000,20000,0
1,0,1,22460,732,69,89,0,1,1,0,0,0,0,0,0,400,400,0
1,1,1,47670,507,40,-11,0,0,0,0,0,0,0,0,0,0,0,0
0,1,0,44730,79,-58,-49,0,0,0,0,0,0,0,0,0,0,0,0
1,0,1,13460,229,-11,-25,0,0,0,0,0,0,0,0,0,0,0,0
0,0,1,52780,350,-30,-16,0,1,1,0,0,0,0,0,0,200,200,0
0,1,1,362360,575,122,93,1,4,2,2,0,0,0,0,0,10400,7000,0
1,0,1,27900,1158,-25,11,0,0,0,0,0,0,0,0,0,0,0,0
0,0,0,4120,23,-67,-52,0,0,0,0,0,0,0,0,0,0,0,0
0,0,0,13160,46,-71,-76,0,0,0,0,0,0,0,0,0,0,0,0
0,0,0,2820,25,10,-38,0,0,0,0,0,0,0,0,0,0,0,0
0,0,0,4240,25,19,-38,0,0,0,0,0,0,0,0,0,0,0,0
1,0,1,12160,364,-15,-12,0,0,0,0,0,0,0,0,0,0,0,0
0,1,1,65240,1008,73,39,0,4,3,1,0,0,0,0,0,2500,1000,0
0,0,0,40370,755,223,202,0,0,0,0,0,0,0,0,0,0,0,0
1,0,1,16170,414,-37,6,0,0,0,0,0,0,0,0,0,0,0,0
1,1,1,13740,218,-55,-42,0,0,0,0,0,0,0,0,0,0,0,1
0,1,1,833250,1840,64,-6,0,4,1,2,1,0,0,0,0,14600,10000,0
0,0,0,6860,282,-45,13,0,0,0,0,0,0,0,0,0,0,0,0
0,0,1,18440,403,-50,-34,0,0,0,0,0,0,0,0,0,0,0,0
1,1,1,90960,2039,308,243,1,2,0,1,1,0,0,0,0,32000,30000,0
0,1,0,9870,360,5,14,0,0,0,0,0,0,0,0,0,0,0,0
0,0,0,6070,46,14,-9,0,1,0,1,0,0,0,0,0,3000,3000,0
0,1,1,150220,709,53,-25,0,2,0,1,1,0,0,0,0,23000,20000,0
1,0,1,358490,1231,-36,-58,0,1,1,0,0,0,0,0,0,400,400,0
1,0,1,192650,1185,-8,-14,0,4,2,1,1,0,0,0,0,27100,20000,1
0,0,1,55530,438,-8,18,0,1,0,1,0,0,0,0,0,2000,2000,0
0,0,0,65800,259,-58,-49,0,1,0,1,0,0,0,0,0,4000,4000,0
0,1,1,9410,383,-37,2,1,0,0,0,0,0,0,0,0,0,0,0
0,1,0,32240,61,65,18,0,0,0,0,0,0,0,0,0,0,0,0
0,0,0,16630,81,-65,-59,0,0,0,0,0,0,0,0,0,0,0,0
1,1,1,65150,952,25,60,0,4,3,1,0,0,0,0,0,4100,2000,0
0,0,1,628360,636,-37,-58,0,2,1,1,0,0,0,0,0,2300,2000,0
0,1,1,17470,643,-9,23,0,1,1,0,0,0,0,0,0,300,300,0
1,0,0,285990,1109,67,62,0,1,0,1,0,0,0,0,0,6000,6000,0
0,1,1,21350,376,-38,-31,0,0,0,0,0,0,0,0,0,0,0,0
0,2,1,106030,988,148,49,1,0,0,0,0,0,0,0,0,0,0,0
1,1,0,6200,211,-50,-16,0,0,0,0,0,0,0,0,0,0,0,0
0,0,1,18590,320,-34,-31,0,0,0,0,0,0,0,0,0,0,0,1
0,0,0,4390,16,95,-60,0,0,0,0,0,0,0,0,0,0,0,0
0,1,1,715540,1471,-13,-4,0,2,2,0,0,0,0,0,0,900,600,1
0,1,0,10520,72,46,1,0,1,0,1,0,0,0,0,0,5000,5000,0
1,1,1,754760,2218,30,15,0,2,1,1,0,0,0,0,0,3200,3000,1
1,0,0,7170,278,-23,-7,0,0,0,0,0,0,0,0,0,0,0,0
1,1,1,87060,1043,212,122,0,2,1,1,0,0,0,0,0,2800,2000,0
0,0,0,29290,235,-20,24,0,1,1,0,0,0,0,0,0,500,500,0
1,0,1,20330,413,-42,-25,0,0,0,0,0,0,0,0,0,0,0,0
1,2,1,39900,984,-12,41,1,1,0,1,0,0,0,0,0,4000,4000,0
0,0,0,342050,1607,-2,-20,0,0,0,0,0,0,0,0,0,0,0,0
0,0,0,3320,98,-52,-44,0,0,0,0,0,0,0,0,0,0,0,0
0,1,1,43030,625,50,26,0,1,1,0,0,0,0,0,0,300,300,0
0,0,1,29690,636,-10,18,0,1,1,0,0,0,0,0,0,800,800,0
0,1,1,22640,691,32,60,0,2,2,0,0,0,0,0,0,400,300,0
0,1,0,2410,109,-76,-69,0,0,0,0,0,0,0,0,0,0,0,0
0,0,0,1340,21,-42,-48,0,0,0,0,0,0,0,0,0,0,0,0
0,1,1,22900,481,-32,-8,0,0,0,0,0,0,0,0,0,0,0,0
1,1,1,23490,748,32,63,0,0,0,0,0,0,0,0,0,0,0,0
0,1,0,5420,163,-46,-29,0,0,0,0,0,0,0,0,0,0,0,0
0,0,0,9670,186,-59,-7,0,0,0,0,0,0,0,0,0,0,0,0
1,1,1,51560,1088,52,8,0,0,0,0,0,0,0,0,0,0,0,0
0,0,0,4200,74,54,85,0,0,0,0,0,0,0,0,0,0,0,0
0,1,1,2595650,4365,81,66,0,0,0,0,0,0,0,0,0,0,0,0
0,0,1,28450,528,3,9,0,0,0,0,0,0,0,0,0,0,0,0
0,0,0,8440,261,-30,6,0,0,0,0,0,0,0,0,0,0,0,0
0,0,1,1260100,2519,-12,-5,0,1,1,0,0,0,0,0,0,600,600,0
0,1,0,11500,35,13,-30,1,0,0,0,0,0,0,0,0,0,0,0
0,0,0,2070,14,-23,-65,0,0,0,0,0,0,0,0,0,0,0,0
0,0,0,12200,580,105,310,1,0,0,0,0,0,0,0,0,0,0,0
0,1,1,4170,224,-78,-64,0,0,0,0,0,0,0,0,0,0,0,0
1,0,1,17050,367,19,-12,0,0,0,0,0,0,0,0,0,0,0,0
0,0,1,23160,393,-34,-28,0,0,0,0,0,0,0,0,0,0,0,0
0,0,0,10370,402,3,16,0,0,0,0,0,0,0,0,0,0,0,0
0,0,0,5180,167,-43,-10,0,0,0,0,0,0,0,0,0,0,0,0
1,1,1,124380,1220,324,146,2,0,0,0,0,0,0,0,0,0,0,0
1,1,0,26360,459,154,21,1,2,2,0,0,0,0,0,0,700,500,0
1,0,1,40250,451,91,91,0,4,3,1,0,0,0,0,0,2900,2000,0
1,1,1,49030,1026,71,34,0,0,0,0,0,0,0,0,0,0,0,0
0,0,1,29340,294,-25,-31,0,3,3,0,0,0,0,0,0,1400,600,0
1,1,0,10690,367,182,227,0,0,0,0,0,0,0,0,0,0,0,0
1,1,0,23880,488,-4,-22,0,0,0,0,0,0,0,0,0,0,0,0
1,1,1,31160,1133,-7,23,1,1,0,1,0,0,0,0,0,5000,5000,0
0,0,1,21280,217,-1,-43,0,0,0,0,0,0,0,0,0,0,0,0
1,1,1,1367690,2902,0,90,0,4,2,1,1,0,0,0,0,25400,20000,0
0,0,1,28380,628,14,26,0,1,0,0,1,0,0,0,0,20000,20000,0
1,1,1,40030,577,-28,-13,0,0,0,0,0,0,0,0,0,0,0,0
0,0,1,24970,325,-35,-26,0,2,0,2,0,0,0,0,0,4000,3000,0
0,1,1,134640,611,-41,-16,0,0,0,0,0,0,0,0,0,0,0,0
0,1,0,14350,36,-47,-47,0,0,0,0,0,0,0,0,0,0,0,0
0,0,0,2440,16,-27,-60,0,0,0,0,0,0,0,0,0,0,0,0
0,2,0,24740,530,223,123,2,1,0,1,0,0,0,0,0,7000,7000,0
0,0,1,24650,332,-29,-41,0,0,0,0,0,0,0,0,0,0,0,0
0,0,1,154470,263,-21,-24,0,3,1,2,0,0,0,0,0,8400,6000,0
1,0,1,87260,2457,275,258,0,1,0,0,1,0,0,0,0,80000,80000,0
1,1,1,63390,1039,188,179,0,1,0,1,0,0,0,0,0,7000,7000,0
0,0,0,1180,14,-57,-65,0,0,0,0,0,0,0,0,0,0,0,0
1,1,1,100960,1183,244,138,1,1,1,0,0,0,0,0,0,100,100,0
1,1,0,21190,402,105,6,1,1,0,1,0,0,0,0,0,6000,6000,0
0,0,1,34600,389,-13,6,0,4,0,4,0,0,0,0,0,15000,8000,1
0,1,1,111510,169,-36,-63,0,2,0,2,0,0,0,0,0,5000,3000,0
0,0,0,37490,224,-70,-51,0,0,0,0,0,0,0,0,0,0,0,0
1,1,1,23750,442,32,44,1,1,1,0,0,0,0,0,0,600,600,0
0,1,0,94110,314,-76,-58,0,0,0,0,0,0,0,0,0,0,0,0
0,1,0,19120,36,-24,-20,0,0,0,0,0,0,0,0,0,0,0,0
0,1,0,56120,222,100,89,0,1,0,1,0,0,0,0,0,5000,5000,0
0,0,0,4810,142,-49,-56,0,0,0,0,0,0,0,0,0,0,0,0
0,1,1,15180,196,-3,-21,0,0,0,0,0,0,0,0,0,0,0,0
1,1,1,21300,710,19,55,0,1,0,1,0,0,0,0,0,2000,2000,0
0,1,1,9450,209,-63,-59,0,0,0,0,0,0,0,0,0,0,0,0
0,0,1,36400,411,-7,-5,0,2,1,1,0,0,0,0,0,8700,8000,0
0,0,0,39660,86,80,87,0,0,0,0,0,0,0,0,0,0,0,0
0,0,1,12740,203,-33,-39,0,0,0,0,0,0,0,0,0,0,0,0
0,0,1,30750,508,-4,-21,0,0,0,0,0,0,0,0,0,0,0,0
1,0,1,581540,2102,7,-23,0,2,1,1,0,0,0,0,0,6500,6000,1
0,0,1,14010,340,-53,-32,0,1,1,0,0,0,0,0,0,600,600,0
0,0,1,37580,574,33,23,0,0,0,0,0,0,0,0,0,0,0,0
1,0,1,76200,766,166,71,0,0,0,0,0,0,0,0,0,0,0,0
0,1,1,19300,509,60,69,1,0,0,0,0,0,0,0,0,0,0,0
0,0,1,106610,546,26,43,0,6,2,4,0,0,0,0,0,20800,7000,1
0,1,1,29380,381,18,-15,0,0,0,0,0,0,0,0,0,0,0,0
0,0,1,1101540,1185,-7,-14,0,0,0,0,0,0,0,0,0,0,0,0
0,0,1,53590,527,68,24,0,1,1,0,0,0,0,0,0,900,900,0
1,0,1,13390,203,-14,-43,0,0,0,0,0,0,0,0,0,0,0,0
0,0,1,788230,1484,-1,-1,0,0,0,0,0,0,0,0,0,0,0,0
0,0,1,434360,1584,-38,-60,0,2,0,2,0,0,0,0,0,9000,6000,1
0,0,0,4140,186,-67,-26,0,0,0,0,0,0,0,0,0,0,0,0
0,1,1,14990,185,-49,-51,0,2,1,1,0,0,0,0,0,4500,4000,1
0,0,0,3110,23,6,-42,0,0,0,0,0,0,0,0,0,0,0,0
0,0,1,145440,358,-3,-28,0,0,0,0,0,0,0,0,0,0,0,0
0,1,0,72460,150,166,180,1,1,0,1,0,0,0,0,0,1000,1000,0
0,0,1,202640,588,-33,-41,0,2,1,1,0,0,0,0,0,4300,4000,0
0,0,1,26830,192,-77,-88,0,1,1,0,0,0,0,0,0,600,600,0
0,1,0,11400,50,14,0,1,0,0,0,0,0,0,0,0,0,0,0
0,1,0,96600,383,87,70,0,0,0,0,0,0,0,0,0,0,0,0
1,0,1,1104700,2584,3,33,0,0,0,0,0,0,0,0,0,0,0,0
1,1,1,58460,540,73,1,0,2,1,1,0,0,0,0,0,3900,3000,1
0,0,0,3720,43,75,8,0,0,0,0,0,0,0,0,0,0,0,0
1,1,1,21900,276,128,71,0,1,1,0,0,0,0,0,0,600,600,0
0,0,1,261010,1352,-38,-19,0,2,1,1,0,0,0,0,0,3700,3000,1
0,0,1,21040,402,-38,-25,0,1,1,0,0,0,0,0,0,300,300,0
0,0,1,42090,794,30,50,0,2,2,0,0,0,0,0,0,400,200,0
0,0,0,45630,155,49,52,0,0,0,0,0,0,0,0,0,0,0,0
0,0,0,6500,67,-87,-87,0,0,0,0,0,0,0,0,0,0,0,0
1,1,1,19790,825,-32,6,1,1,1,0,0,0,0,0,0,400,400,0
0,0,0,12640,57,-63,-52,0,0,0,0,0,0,0,0,0,0,0,0
0,1,1,22830,608,53,61,1,0,0,0,0,0,0,0,0,0,0,0
0,1,1,27590,314,6,-35,0,0,0,0,0,0,0,0,0,0,0,0
1,0,1,49660,747,48,36,0,0,0,0,0,0,0,0,0,0,0,0
1,0,1,21000,466,-10,-1,0,0,0,0,0,0,0,0,0,0,0,0
1,0,0,8880,112,-15,-71,0,1,0,1,0,0,0,0,0,7000,7000,0
1,0,1,507230,2116,-21,-40,0,1,0,1,0,0,0,0,0,3000,3000,0
0,0,0,2910,24,-5,-40,0,0,0,0,0,0,0,0,0,0,0,0
0,1,0,7860,165,-21,-28,0,0,0,0,0,0,0,0,0,0,0,0
0,0,0,6040,112,-44,-24,0,2,1,1,0,0,0,0,0,2400,2000,1
0,1,0,5660,118,59,95,0,0,0,0,0,0,0,0,0,0,0,0
1,0,0,5700,135,-50,-40,0,0,0,0,0,0,0,0,0,0,0,0
0,0,0,2210,34,-64,-51,0,2,1,1,0,0,0,0,0,3400,3000,0
0,1,0,5630,98,64,86,0,0,0,0,0,0,0,0,0,0,0,0
1,1,0,30840,1022,235,235,1,0,0,0,0,0,0,0,0,0,0,0
0,0,0,41120,132,-21,-43,0,0,0,0,0,0,0,0,0,0,0,0
1,1,1,22550,859,-23,10,1,1,1,0,0,0,0,0,0,300,300,0
0,1,1,15930,171,-2,-21,0,0,0,0,0,0,0,0,0,0,0,0
0,0,1,6020,129,-71,-64,0,0,0,0,0,0,0,0,0,0,0,0
1,1,1,600400,1688,-54,-1,1,2,1,1,0,0,0,0,0,2200,2000,1
1,1,1,13880,507,-22,11,0,0,0,0,0,0,0,0,0,0,0,0
0,0,0,560,7,-84,-82,0,0,0,0,0,0,0,0,0,0,0,0
1,0,1,58720,513,175,8,0,0,0,0,0,0,0,0,0,0,0,0
0,0,0,18330,91,-57,-43,0,1,0,1,0,0,0,0,0,4000,4000,0
0,0,0,10720,271,-5,11,0,1,1,0,0,0,0,0,0,300,300,0
0,0,1,60100,94,-43,-52,0,2,2,0,0,0,0,0,0,1000,800,0
1,1,1,46880,523,30,-12,0,0,0,0,0,0,0,0,0,0,0,0
1,0,1,26960,540,101,112,0,0,0,0,0,0,0,0,0,0,0,0
0,0,0,6370,34,-68,-39,0,0,0,0,0,0,0,0,0,0,0,0
0,1,1,16640,407,38,35,1,0,0,0,0,0,0,0,0,0,0,0
0,0,1,64150,872,133,81,0,1,0,0,1,0,0,0,0,20000,20000,0
0,0,1,90330,913,98,75,0,4,2,2,0,0,0,0,0,14100,7000,0
0,1,0,6010,329,-36,5,0,0,0,0,0,0,0,0,0,0,0,0
0,0,1,10360,131,76,-49,0,0,0,0,0,0,0,0,0,0,0,0
1,1,1,24490,1079,10,82,0,0,0,0,0,0,0,0,0,0,0,0
0,0,0,12880,62,-35,12,0,0,0,0,0,0,0,0,0,0,0,0
0,1,0,10760,28,-1,-30,0,0,0,0,0,0,0,0,0,0,0,0
0,0,1,60420,537,30,43,0,2,1,1,0,0,0,0,0,4500,4000,0
0,1,0,20020,49,88,22,1,0,0,0,0,0,0,0,0,0,0,0
1,2,0,18900,208,-81,-67,0,1,0,1,0,0,0,0,0,3000,3000,0
1,1,1,1134540,1363,1,-5,0,2,0,2,0,0,0,0,0,7000,5000,0
0,0,0,8510,104,22,-38,0,0,0,0,0,0,0,0,0,0,0,0
0,0,0,414700,900,69,63,0,0,0,0,0,0,0,0,0,0,0,0
1,1,1,64490,755,120,55,0,0,0,0,0,0,0,0,0,0,0,0
0,1,0,48650,73,-51,-51,0,0,0,0,0,0,0,0,0,0,0,0
1,1,1,59380,949,27,30,0,5,2,2,1,0,0,0,0,26600,20000,0
0,0,0,39770,870,218,248,0,0,0,0,0,0,0,0,0,0,0,0
0,0,1,782750,1593,9,-17,0,2,0,2,0,0,0,0,0,6000,3000,0
1,1,1,59950,815,105,67,0,0,0,0,0,0,0,0,0,0,0,0
1,0,1,15600,274,-39,-30,0,0,0,0,0,0,0,0,0,0,0,0
0,0,0,1920,32,-29,-20,0,0,0,0,0,0,0,0,0,0,0,0
0,0,0,41340,89,42,12,0,0,0,0,0,0,0,0,0,0,0,0
0,0,1,25200,318,-20,-40,0,1,0,1,0,0,0,0,0,1000,1000,1
1,1,0,10030,244,-20,-2,0,0,0,0,0,0,0,0,0,0,0,0
1,0,1,30460,457,-39,-36,0,3,2,0,1,0,0,0,0,70600,70000,0
0,1,1,32110,427,9,2,0,1,1,0,0,0,0,0,0,200,200,0
0,0,0,9550,24,-86,-77,0,0,0,0,0,0,0,0,0,0,0,0
0,0,1,25650,157,2,-42,0,4,1,3,0,0,0,0,0,16900,8000,0
0,0,1,336600,984,-32,-34,0,1,0,1,0,0,0,0,0,4000,4000,0
0,0,0,7060,241,-44,-4,0,0,0,0,0,0,0,0,0,0,0,0
1,1,1,22450,568,47,29,1,0,0,0,0,0,0,0,0,0,0,0
1,0,1,12950,343,-12,-9,0,0,0,0,0,0,0,0,0,0,0,0
1,1,0,4690,126,-55,-65,1,0,0,0,0,0,0,0,0,0,0,0
0,1,1,52200,828,95,27,0,1,0,0,1,0,0,0,0,10000,10000,0
0,0,0,6130,129,-27,-50,0,0,0,0,0,0,0,0,0,0,0,0
0,0,0,4720,186,-62,-26,0,0,0,0,0,0,0,0,0,0,0,0
0,1,1,14050,228,-45,-55,0,0,0,0,0,0,0,0,0,0,0,0
0,0,0,25580,120,-54,-53,0,1,0,1,0,0,0,0,0,6000,6000,0
0,1,1,12600,266,-60,-47,0,0,0,0,0,0,0,0,0,0,0,0
0,1,1,22830,467,-19,-28,1,1,1,0,0,0,0,0,0,500,500,0
1,0,1,33760,568,-7,35,0,3,1,1,1,0,0,0,0,81500,80000,0
0,1,1,37520,843,13,57,0,0,0,0,0,0,0,0,0,0,0,0
0,1,1,32830,1134,17,75,1,0,0,0,0,0,0,0,0,0,0,0
0,0,0,38820,213,-82,-57,0,1,0,1,0,0,0,0,0,4000,4000,0
0,0,0,6660,274,-29,-15,0,0,0,0,0,0,0,0,0,0,0,0
1,1,1,36100,608,8,17,0,0,0,0,0,0,0,0,0,0,0,1
0,0,0,39510,204,12,40,0,1,0,1,0,0,0,0,0,5000,5000,0
0,0,1,20250,157,-41,-39,0,4,3,1,0,0,0,0,0,2600,1000,1
0,1,1,46580,260,-56,-48,0,1,0,1,0,0,0,0,0,2000,2000,0
1,1,1,61620,1211,176,104,0,0,0,0,0,0,0,0,0,0,0,1
1,0,1,30130,403,-15,-27,0,0,0,0,0,0,0,0,0,0,0,0
0,0,1,2196220,3848,62,51,0,3,1,2,0,0,0,0,0,8500,4000,0
0,0,1,11440,505,0,81,0,0,0,0,0,0,0,0,0,0,0,0
0,0,1,25750,494,9,-3,0,0,0,0,0,0,0,0,0,0,0,0
1,1,1,12220,465,-78,-41,0,0,0,0,0,0,0,0,0,0,0,0
0,1,1,820600,3506,92,97,0,2,1,1,0,0,0,0,0,8700,8000,1
0,0,1,34980,296,-29,5,0,0,0,0,0,0,0,0,0,0,0,0
0,0,1,54830,694,46,68,0,5,3,2,0,0,0,0,0,4000,1000,0
1,0,0,8980,189,-14,-50,0,0,0,0,0,0,0,0,0,0,0,0
0,0,0,46020,267,-18,6,0,1,0,1,0,0,0,0,0,5000,5000,0
0,0,1,19570,153,-36,-21,0,1,1,0,0,0,0,0,0,700,700,0
0,0,1,8620,201,-51,-37,0,0,0,0,0,0,0,0,0,0,0,0
0,0,0,29310,445,214,38,0,0,0,0,0,0,0,0,0,0,0,0
0,0,0,3180,11,4,-72,0,0,0,0,0,0,0,0,0,0,0,0
0,0,0,3610,20,32,-50,0,0,0,0,0,0,0,0,0,0,0,0
0,0,0,14720,33,-70,-79,0,1,0,1,0,0,0,0,0,2000,2000,0
1,1,1,42350,1625,70,144,0,0,0,0,0,0,0,0,0,0,0,0
0,1,1,40480,639,51,-2,0,0,0,0,0,0,0,0,0,0,0,0
0,0,1,768080,2124,8,24,0,1,1,0,0,0,0,0,0,300,300,0
0,0,0,65100,172,-82,-75,0,1,0,1,0,0,0,0,0,3000,3000,0
1,1,1,63670,846,138,86,0,0,0,0,0,0,0,0,0,0,0,0
0,0,0,3040,63,-43,26,0,0,0,0,0,0,0,0,0,0,0,0
0,0,1,36680,513,47,3,0,0,0,0,0,0,0,0,0,0,0,0
0,1,0,36380,222,-32,-2,0,1,0,1,0,0,0,0,0,4000,4000,0
0,1,1,48250,573,9,44,0,3,1,2,0,0,0,0,0,12600,8000,0
0,0,1,31810,514,27,3,0,1,1,0,0,0,0,0,0,100,100,0
0,0,1,31220,530,13,10,0,0,0,0,0,0,0,0,0,0,0,0
1,1,1,59950,865,19,18,0,1,1,0,0,0,0,0,0,700,700,0
0,0,1,10590,256,-19,-2,0,0,0,0,0,0,0,0,0,0,0,0
1,0,1,254750,2932,50,66,0,1,0,1,0,0,0,0,0,2000,2000,1
0,1,0,6690,163,-3,0,0,0,0,0,0,0,0,0,0,0,0,0
1,0,1,28300,569,-41,-20,0,1,0,1,0,0,0,0,0,8000,8000,0
0,0,1,17180,310,-50,-47,0,0,0,0,0,0,0,0,0,0,0,0
1,0,1,42450,429,99,-10,0,0,0,0,0,0,0,0,0,0,0,0
0,1,0,92520,169,-73,-74,0,1,0,0,1,0,0,0,0,10000,10000,1
1,0,1,151660,900,-25,-33,0,7,2,3,2,0,0,0,0,67700,30000,0
1,0,1,34120,519,14,5,0,1,1,0,0,0,0,0,0,400,400,0
0,0,0,1490,10,-37,-75,0,0,0,0,0,0,0,0,0,0,0,0
1,0,0,26830,584,287,205,0,0,0,0,0,0,0,0,0,0,0,0
0,0,0,9470,79,-81,-84,0,1,0,1,0,0,0,0,0,2000,2000,0
1,0,1,26940,429,-18,-17,0,0,0,0,0,0,0,0,0,0,0,0
0,1,0,2480,145,-80,-40,0,0,0,0,0,0,0,0,0,0,0,0
0,1,0,22270,53,-23,-3,0,1,0,1,0,0,0,0,0,4000,4000,0
0,0,0,9010,255,-28,2,0,0,0,0,0,0,0,0,0,0,0,0
0,0,0,3540,53,-71,-77,0,0,0,0,0,0,0,0,0,0,0,0
0,0,0,17730,134,97,-38,0,0,0,0,0,0,0,0,0,0,0,0
0,1,0,5680,127,-43,-64,0,0,0,0,0,0,0,0,0,0,0,0
0,0,1,16840,318,-28,-17,0,0,0,0,0,0,0,0,0,0,0,0
1,1,0,16500,321,115,96,1,0,0,0,0,0,0,0,0,0,0,0
0,1,1,18830,201,-23,-52,0,0,0,0,0,0,0,0,0,0,0,0
0,0,0,12950,41,-65,-55,0,0,0,0,0,0,0,0,0,0,0,0
0,0,1,95050,860,-16,-22,0,2,0,2,0,0,0,0,0,5000,3000,0
0,1,0,9380,234,-13,-3,0,0,0,0,0,0,0,0,0,0,0,0
1,1,1,21320,402,-38,-30,0,0,0,0,0,0,0,0,0,0,0,0
1,1,1,70490,330,-38,-37,0,6,1,5,0,0,0,0,0,10300,3000,0
0,0,0,38800,38,17,-45,0,2,1,1,0,0,0,0,0,1700,1000,0
1,1,1,44010,961,167,109,1,1,1,0,0,0,0,0,0,500,500,0
1,1,1,134070,1283,357,159,1,0,0,0,0,0,0,0,0,0,0,0
0,1,0,7970,44,-32,-15,0,0,0,0,0,0,0,0,0,0,0,0
1,1,1,1446770,1471,13,5,0,0,0,0,0,0,0,0,0,0,0,0
1,0,1,41260,529,77,13,0,0,0,0,0,0,0,0,0,0,0,0
0,1,0,12840,471,37,51,0,1,1,0,0,0,0,0,0,200,200,0
1,2,1,87250,1048,93,51,1,1,1,0,0,0,0,0,0,500,500,0
0,0,0,11780,159,-7,-35,0,1,1,0,0,0,0,0,0,300,300,0
0,0,1,26130,260,-15,-21,0,6,3,3,0,0,0,0,0,7700,3000,0
0,0,0,4310,172,-30,9,0,0,0,0,0,0,0,0,0,0,0,0
0,0,0,3100,22,4,-45,0,0,0,0,0,0,0,0,0,0,0,0
0,0,0,3770,50,-47,-40,0,0,0,0,0,0,0,0,0,0,0,0
1,0,1,23490,595,76,54,0,1,0,1,0,0,0,0,0,1000,1000,0
0,1,1,14980,267,-7,9,0,0,0,0,0,0,0,0,0,0,0,0
1,1,0,10600,268,2,-29,1,0,0,0,0,0,0,0,0,0,0,0
1,1,1,38590,716,32,47,0,0,0,0,0,0,0,0,0,0,0,0
0,0,1,7870,141,-71,-67,0,1,1,0,0,0,0,0,0,700,700,0
1,1,1,47200,562,91,24,1,0,0,0,0,0,0,0,0,0,0,0
1,0,0,18440,398,122,137,0,1,1,0,0,0,0,0,0,200,200,0
1,0,1,428740,2031,-44,-5,0,1,0,1,0,0,0,0,0,4000,4000,0
0,1,1,59240,941,5,29,0,3,1,2,0,0,0,0,0,5200,3000,0
1,1,1,51410,922,80,47,1,0,0,0,0,0,0,0,0,0,0,0
0,0,0,950,46,-68,15,0,0,0,0,0,0,0,0,0,0,0,0
1,1,1,55200,1259,35,9,0,1,0,1,0,0,0,0,0,4000,4000,1
1,0,1,20550,381,-37,-26,0,0,0,0,0,0,0,0,0,0,0,1
0,0,0,48990,194,-27,-3,0,1,0,1,0,0,0,0,0,4000,4000,0
0,1,1,27670,305,283,53,0,0,0,0,0,0,0,0,0,0,0,0
0,1,0,315650,645,-33,-9,0,1,0,1,0,0,0,0,0,5000,5000,0
0,1,0,5250,66,-49,36,0,0,0,0,0,0,0,0,0,0,0,0
0,1,0,17670,255,130,56,0,0,0,0,0,0,0,0,0,0,0,0
1,0,1,25910,424,-22,-3,0,1,1,0,0,0,0,0,0,900,900,0
0,1,1,5930,120,-65,-54,0,0,0,0,0,0,0,0,0,0,0,0
1,1,1,36970,1033,9,3,0,0,0,0,0,0,0,0,0,0,0,0
0,1,1,48240,565,187,116,0,0,0,0,0,0,0,0,0,0,0,0
0,1,0,10210,394,169,251,0,0,0,0,0,0,0,0,0,0,0,0
0,0,0,3000,72,-75,-69,0,0,0,0,0,0,0,0,0,0,0,0
0,1,1,15190,367,-39,-18,0,0,0,0,0,0,0,0,0,0,0,0
0,1,0,10900,176,34,4,0,1,1,0,0,0,0,0,0,700,700,0
0,0,0,9260,266,-23,8,0,0,0,0,0,0,0,0,0,0,0,0
1,1,1,23260,746,27,48,1,0,0,0,0,0,0,0,0,0,0,0
0,0,0,2760,24,2,-40,0,0,0,0,0,0,0,0,0,0,0,0
0,0,0,4310,66,83,65,0,0,0,0,0,0,0,0,0,0,0,0
1,0,1,38220,1192,33,35,0,1,0,1,0,0,0,0,0,6000,6000,0
0,0,0,209760,919,46,89,0,0,0,0,0,0,0,0,0,0,0,0
0,0,1,12750,235,-10,-10,0,0,0,0,0,0,0,0,0,0,0,0
1,0,0,15280,521,63,74,0,0,0,0,0,0,0,0,0,0,0,0
0,0,1,30110,868,73,49,0,1,0,1,0,0,0,0,0,4000,4000,0
1,1,1,77870,271,626,18,1,0,0,0,0,0,0,0,0,0,0,0
0,0,1,33500,231,48,-53,0,0,0,0,0,0,0,0,0,0,0,0
0,0,1,15300,293,-2,15,0,0,0,0,0,0,0,0,0,0,0,0
0,1,1,12000,379,-5,64,1,0,0,0,0,0,0,0,0,0,0,0
1,0,1,31310,504,47,6,0,0,0,0,0,0,0,0,0,0,0,0
0,1,1,16980,451,-30,-38,0,0,0,0,0,0,0,0,0,0,0,0
0,0,1,102720,265,-64,-66,0,2,1,1,0,0,0,0,0,2700,2000,0
0,0,1,15470,286,163,12,0,0,0,0,0,0,0,0,0,0,0,0
0,1,1,24360,444,-20,-31,0,0,0,0,0,0,0,0,0,0,0,0
0,0,0,2650,18,7,-55,0,0,0,0,0,0,0,0,0,0,0,0
0,0,0,99160,514,-34,4,0,1,0,1,0,0,0,0,0,4000,4000,0
1,1,1,60490,788,129,70,1,1,1,0,0,0,0,0,0,600,600,0
0,1,1,25460,412,-14,-2,0,0,0,0,0,0,0,0,0,0,0,0
0,0,1,53170,461,9,23,0,5,2,3,0,0,0,0,0,4800,2000,0
1,1,1,40130,1324,120,162,1,2,2,0,0,0,0,0,0,1100,600,0
0,0,0,1270,9,-75,-78,0,0,0,0,0,0,0,0,0,0,0,0
1,1,1,57440,879,4,12,0,0,0,0,0,0,0,0,0,0,0,0
1,0,1,35540,487,31,3,0,0,0,0,0,0,0,0,0,0,0,0
1,1,0,13110,417,57,148,0,0,0,0,0,0,0,0,0,0,0,0
0,1,0,3410,33,-62,-32,0,0,0,0,0,0,0,0,0,0,0,0
1,0,1,33640,699,150,81,0,0,0,0,0,0,0,0,0,0,0,0
1,1,0,15500,255,72,86,0,1,0,1,0,0,0,0,0,2000,2000,0
1,1,1,17300,656,-56,-43,0,1,0,1,0,0,0,0,0,7000,7000,0
0,1,1,200350,1668,43,24,0,0,0,0,0,0,0,0,0,0,0,0
1,1,1,59820,855,100,65,0,2,2,0,0,0,0,0,0,600,300,0
1,1,1,34960,565,-27,2,0,5,1,4,0,0,0,0,0,14200,7000,1
1,0,1,19890,236,-40,-55,0,1,0,1,0,0,0,0,0,8000,8000,1
0,0,0,11190,27,4,-32,0,0,0,0,0,0,0,0,0,0,0,0
1,0,1,16330,270,7,-14,0,0,0,0,0,0,0,0,0,0,0,0
1,1,1,30730,890,5,14,1,0,0,0,0,0,0,0,0,0,0,0
0,0,1,49440,491,56,-7,0,3,1,2,0,0,0,0,0,9300,6000,0
1,0,0,8560,210,-18,2,0,0,0,0,0,0,0,0,0,0,0,0
1,1,0,66800,441,-34,-31,0,0,0,0,0,0,0,0,0,0,0,0
0,0,0,10730,205,-5,-16,0,0,0,0,0,0,0,0,0,0,0,0
1,1,0,14770,48,-60,-41,1,0,0,0,0,0,0,0,0,0,0,0
0,0,1,2102300,4014,27,26,0,2,0,2,0,0,0,0,0,4000,3000,0
0,0,1,27350,602,-1,25,0,1,1,0,0,0,0,0,0,200,200,0
1,1,1,886800,2519,-29,44,0,3,0,2,1,0,0,0,0,49000,40000,0
1,0,0,24870,507,259,165,1,0,0,0,0,0,0,0,0,0,0,0
1,1,1,14460,271,-42,-40,1,0,0,0,0,0,0,0,0,0,0,0
1,1,1,54660,1287,90,68,0,0,0,0,0,0,0,0,0,0,0,0
1,1,1,1355970,2326,-7,-12,0,0,0,0,0,0,0,0,0,0,0,0
0,1,1,132520,1174,-31,-39,0,1,1,0,0,0,0,0,0,200,200,0
1,0,1,38010,410,-10,10,0,1,0,1,0,0,0,0,0,1000,1000,0
0,0,1,233810,839,-31,-24,0,0,0,0,0,0,0,0,0,0,0,0
0,1,1,11320,472,-6,56,1,0,0,0,0,0,0,0,0,0,0,0
0,1,1,28440,405,-19,-27,0,0,0,0,0,0,0,0,0,0,0,0
1,0,1,42110,555,213,118,0,0,0,0,0,0,0,0,0,0,0,0
1,0,1,9940,142,-56,-62,0,0,0,0,0,0,0,0,0,0,0,0
1,0,0,4380,134,-60,-31,0,0,0,0,0,0,0,0,0,0,0,0
0,0,0,18410,30,-33,-61,0,0,0,0,0,0,0,0,0,0,0,0
0,0,0,7080,260,-41,5,0,0,0,0,0,0,0,0,0,0,0,0
0,1,1,664090,1824,-12,5,0,2,2,0,0,0,0,0,0,1100,600,0
0,1,1,29470,347,-14,22,1,0,0,0,0,0,0,0,0,0,0,0
0,0,1,21760,250,-54,-48,0,2,2,0,0,0,0,0,0,600,400,1
0,0,1,107100,1003,-28,-21,0,3,3,0,0,0,0,0,0,1600,600,1
0,1,1,232470,361,28,11,0,3,2,1,0,0,0,0,0,4000,3000,0
0,0,1,25650,553,96,115,0,0,0,0,0,0,0,0,0,0,0,0
0,0,1,32220,513,-8,-6,0,2,1,1,0,0,0,0,0,2300,2000,0
0,1,1,12370,346,2,15,1,0,0,0,0,0,0,0,0,0,0,0
0,0,0,5280,178,-29,-16,0,0,0,0,0,0,0,0,0,0,0,0
1,1,1,571990,1608,0,-18,0,4,0,3,1,0,0,0,0,44000,30000,0
0,0,1,32580,494,150,89,0,3,3,0,0,0,0,0,0,1600,700,0
0,1,1,25850,476,1,-6,0,0,0,0,0,0,0,0,0,0,0,0
0,0,0,2970,50,-95,-87,0,0,0,0,0,0,0,0,0,0,0,0
0,0,1,22890,283,104,23,0,0,0,0,0,0,0,0,0,0,0,0
0,1,0,34050,68,38,13,0,0,0,0,0,0,0,0,0,0,0,0
0,0,1,250030,687,-8,-5,0,0,0,0,0,0,0,0,0,0,0,0
1,1,1,127770,1141,7,24,0,4,2,1,1,0,0,0,0,44400,40000,0
1,2,1,45020,936,-1,35,1,1,0,1,0,0,0,0,0,1000,1000,0
0,1,1,1323740,1405,7,-2,0,1,0,1,0,0,0,0,0,3000,3000,0
0,0,1,48560,726,105,58,0,0,0,0,0,0,0,0,0,0,0,1
1,1,1,13200,199,-18,-15,0,0,0,0,0,0,0,0,0,0,0,0
0,0,0,920,9,-71,-78,0,0,0,0,0,0,0,0,0,0,0,0
0,1,0,1630,26,-72,-44,0,1,1,0,0,0,0,0,0,800,800,0
1,1,0,8660,205,16,188,1,1,0,0,1,0,0,0,0,10000,10000,0
0,1,1,37440,686,7,-35,0,0,0,0,0,0,0,0,0,0,0,0
0,0,1,54980,115,-72,-66,0,1,1,0,0,0,0,0,0,600,600,0
0,1,1,943300,987,-23,-30,0,2,1,1,0,0,0,0,0,1400,1000,0
1,1,1,42700,700,53,49,0,1,1,0,0,0,0,0,0,400,400,0
0,0,1,37710,233,2,-12,0,1,0,1,0,0,0,0,0,2000,2000,0
0,0,0,6530,38,-72,-92,0,1,1,0,0,0,0,0,0,100,100,0
0,0,1,67040,785,111,84,0,2,2,0,0,0,0,0,0,1600,900,0
0,0,0,29500,92,-21,6,0,1,1,0,0,0,0,0,0,300,300,0
0,0,1,43290,663,36,26,0,0,0,0,0,0,0,0,0,0,0,0
0,0,0,15040,458,50,32,0,1,1,0,0,0,0,0,0,400,400,0
0,1,0,44790,57,74,-3,0,0,0,0,0,0,0,0,0,0,0,0
1,0,1,127010,1388,-30,-22,0,3,0,3,0,0,0,0,0,9000,5000,1
0,0,1,28360,181,-60,-80,0,2,1,1,0,0,0,0,0,3800,3000,0
1,1,1,26290,104,-6,-67,0,5,2,2,1,0,0,0,0,25300,20000,0
1,1,0,38900,697,56,12,1,0,0,0,0,0,0,0,0,0,0,0
0,1,0,28210,83,8,30,0,1,0,1,0,0,0,0,0,3000,3000,0
0,0,1,24360,351,-25,-16,0,2,2,0,0,0,0,0,0,1300,900,0
1,0,1,108280,2157,190,106,0,2,1,1,0,0,0,0,0,9500,9000,0
1,0,1,132470,1552,-28,-16,0,5,2,2,1,0,0,0,0,54800,50000,0
0,1,1,3560,83,-79,-67,0,0,0,0,0,0,0,0,0,0,0,0
0,0,1,20090,74,-78,-62,0,0,0,0,0,0,0,0,0,0,0,0
0,0,0,1620,11,-30,-72,0,0,0,0,0,0,0,0,0,0,0,0
1,0,1,29560,1067,2,35,0,0,0,0,0,0,0,0,0,0,0,0
1,0,1,151210,1727,-18,-12,0,4,1,2,1,0,0,0,0,31800,20000,0
0,0,1,20380,338,-24,-22,0,1,1,0,0,0,0,0,0,200,200,0
1,0,1,22060,275,64,8,0,0,0,0,0,0,0,0,0,0,0,0
0,1,0,32830,85,33,31,0,0,0,0,0,0,0,0,0,0,0,0
1,0,1,15740,222,4,-27,0,1,0,1,0,0,0,0,0,6000,6000,0
0,0,1,11860,292,-60,-42,0,0,0,0,0,0,0,0,0,0,0,0
0,0,0,6910,25,-85,-66,0,0,0,0,0,0,0,0,0,0,0,0
0,1,1,43270,673,29,28,0,0,0,0,0,0,0,0,0,0,0,1
1,0,1,415690,1486,-37,-26,0,1,0,1,0,0,0,0,0,7000,7000,1
0,0,0,2910,80,-58,-54,0,0,0,0,0,0,0,0,0,0,0,0
0,0,0,1070,17,-73,-65,0,0,0,0,0,0,0,0,0,0,0,0
0,0,1,9790,422,-4,-6,0,0,0,0,0,0,0,0,0,0,0,0
0,0,1,43380,693,83,36,0,0,0,0,0,0,0,0,0,0,0,0
1,0,0,6780,112,-33,-40,0,0,0,0,0,0,0,0,0,0,0,0
0,1,1,31390,376,-7,18,0,2,0,2,0,0,0,0,0,6000,4000,1
0,0,1,104340,1269,221,108,0,0,0,0,0,0,0,0,0,0,0,0
1,0,1,31440,361,-27,-22,0,3,2,1,0,0,0,0,0,4600,4000,0
0,1,0,10540,321,15,3,0,0,0,0,0,0,0,0,0,0,0,0
0,1,1,29550,486,-16,-13,0,0,0,0,0,0,0,0,0,0,0,0
0,0,0,8320,213,9,-10,0,0,0,0,0,0,0,0,0,0,0,0
1,0,1,12840,350,157,40,0,0,0,0,0,0,0,0,0,0,0,0
1,1,1,42220,515,159,79,0,0,0,0,0,0,0,0,0,0,0,1
0,1,1,32960,982,93,128,0,0,0,0,0,0,0,0,0,0,0,0
0,0,1,53900,320,-36,-20,0,2,0,2,0,0,0,0,0,4000,2000,0
0,0,1,317360,1068,-36,-44,0,0,0,0,0,0,0,0,0,0,0,0
0,0,1,23930,426,-20,-13,0,0,0,0,0,0,0,0,0,0,0,0
0,0,0,9280,294,35,71,0,0,0,0,0,0,0,0,0,0,0,0
0,1,0,11230,26,-56,-41,0,0,0,0,0,0,0,0,0,0,0,0
0,0,1,42860,588,24,5,0,0,0,0,0,0,0,0,0,0,0,0
1,0,1,29900,665,-50,-31,0,1,1,0,0,0,0,0,0,900,900,1
0,0,1,15460,208,-50,-51,0,1,0,1,0,0,0,0,0,4000,4000,0
0,1,0,49910,208,61,61,0,1,0,1,0,0,0,0,0,3000,3000,0
0,0,1,49430,434,1,9,0,2,2,0,0,0,0,0,0,1500,800,0
0,0,1,42280,375,-17,-6,0,5,3,2,0,0,0,0,0,12100,7000,0
0,0,0,4620,175,-63,-30,0,0,0,0,0,0,0,0,0,0,0,0
0,0,0,2610,39,5,-2,0,0,0,0,0,0,0,0,0,0,0,0
0,1,1,27890,276,-72,-72,0,6,3,3,0,0,0,0,0,9800,6000,0
0,1,1,436650,1232,23,6,0,0,0,0,0,0,0,0,0,0,0,0
0,0,0,3990,231,66,98,0,0,0,0,0,0,0,0,0,0,0,0
0,1,1,26960,514,85,41,1,0,0,0,0,0,0,0,0,0,0,0
0,0,1,78430,455,12,8,0,5,1,3,0,1,0,0,0,207900,200000,0
0,0,1,17670,538,4,-3,0,0,0,0,0,0,0,0,0,0,0,1
1,0,0,4400,120,-57,-36,0,0,0,0,0,0,0,0,0,0,0,0
0,1,0,12260,413,31,32,0,1,1,0,0,0,0,0,0,200,200,0
0,0,1,25920,369,17,0,0,0,0,0,0,0,0,0,0,0,0,0
1,0,1,62880,826,338,99,1,1,1,0,0,0,0,0,0,700,700,0
0,0,0,12560,469,0,88,0,0,0,0,0,0,0,0,0,0,0,0
0,0,1,29240,217,-71,-85,0,2,0,2,0,0,0,0,0,8000,5000,0
1,0,0,13160,271,58,61,0,0,0,0,0,0,0,0,0,0,0,0
0,0,1,10080,349,11,40,0,1,0,1,0,0,0,0,0,3000,3000,0
0,0,1,8210,247,-44,-23,0,0,0,0,0,0,0,0,0,0,0,0
0,0,1,10870,220,-51,-40,0,0,0,0,0,0,0,0,0,0,0,0
0,1,1,240350,458,24,34,0,4,3,1,0,0,0,0,0,3000,2000,0
0,0,1,95020,859,-20,-25,0,1,1,0,0,0,0,0,0,600,600,0
0,1,1,13550,358,-7,-2,1,0,0,0,0,0,0,0,0,0,0,0
1,0,1,25850,504,-18,13,0,0,0,0,0,0,0,0,0,0,0,0
0,0,1,441960,1006,-42,-33,0,3,0,3,0,0,0,0,0,6000,3000,0
0,0,1,6800,224,-79,-47,0,0,0,0,0,0,0,0,0,0,0,0
1,1,1,47500,668,12,46,0,8,4,2,2,0,0,0,0,97100,50000,0
0,2,0,47250,961,517,305,2,1,1,0,0,0,0,0,0,200,200,0
0,0,1,56830,394,-20,-2,0,5,2,3,0,0,0,0,0,10500,5000,0
1,0,1,73160,654,155,46,0,1,0,1,0,0,0,0,0,3000,3000,0
1,0,1,34490,594,20,21,0,0,0,0,0,0,0,0,0,0,0,0
0,0,0,3720,43,75,8,0,0,0,0,0,0,0,0,0,0,0,0
0,0,1,82460,154,-17,-16,0,0,0,0,0,0,0,0,0,0,0,0
0,0,1,22810,508,-35,-7,0,0,0,0,0,0,0,0,0,0,0,0
1,0,1,9890,183,-29,-31,0,0,0,0,0,0,0,0,0,0,0,0
1,0,1,16820,244,-32,-39,0,0,0,0,0,0,0,0,0,0,0,0
0,0,1,314100,904,-41,-37,0,0,0,0,0,0,0,0,0,0,0,0
1,0,1,92450,777,15,24,0,4,1,2,1,0,0,0,0,27600,10000,0
1,0,1,28010,693,23,3,0,0,0,0,0,0,0,0,0,0,0,0
1,1,1,58100,1267,161,113,0,1,1,0,0,0,0,0,0,300,300,0
1,0,1,71650,1173,-53,-40,0,1,0,1,0,0,0,0,0,7000,7000,0
1,1,1,18850,587,4,23,0,0,0,0,0,0,0,0,0,0,0,0
1,0,1,15530,237,33,-6,0,0,0,0,0,0,0,0,0,0,0,0
0,1,0,4120,67,-40,-59,0,0,0,0,0,0,0,0,0,0,0,0
1,1,1,34090,601,14,16,0,0,0,0,0,0,0,0,0,0,0,0
0,2,1,43740,1056,9,66,2,0,0,0,0,0,0,0,0,0,0,0
0,0,0,10670,223,47,38,0,0,0,0,0,0,0,0,0,0,0,0
0,1,1,22710,481,191,166,0,0,0,0,0,0,0,0,0,0,0,0
1,0,1,17170,356,-46,-19,0,1,1,0,0,0,0,0,0,500,500,0
0,0,0,2440,104,-71,-61,0,0,0,0,0,0,0,0,0,0,0,0
1,0,0,72370,581,-79,-70,0,0,0,0,0,0,0,0,0,0,0,0
1,0,1,37670,488,19,-41,0,0,0,0,0,0,0,0,0,0,0,0
0,0,0,3860,77,-38,12,0,0,0,0,0,0,0,0,0,0,0,0
0,1,0,3020,29,-53,-40,0,0,0,0,0,0,0,0,0,0,0,0
0,1,1,20720,284,13,-11,0,0,0,0,0,0,0,0,0,0,0,0
0,0,0,4400,67,-64,-71,0,0,0,0,0,0,0,0,0,0,0,0
1,0,1,36910,455,6,-18,0,0,0,0,0,0,0,0,0,0,0,0
0,0,0,12240,452,33,104,0,0,0,0,0,0,0,0,0,0,0,0
1,0,1,60730,797,110,1,0,2,1,1,0,0,0,0,0,3600,3000,0
1,0,1,32030,350,12,-22,0,0,0,0,0,0,0,0,0,0,0,0
0,0,0,22470,307,98,26,0,1,1,0,0,0,0,0,0,300,300,0
1,0,1,31800,585,-9,6,0,1,1,0,0,0,0,0,0,100,100,0
0,1,1,169370,644,-53,-45,0,0,0,0,0,0,0,0,0,0,0,0
0,0,1,14590,865,45,90,0,0,0,0,0,0,0,0,0,0,0,0
0,0,0,4910,25,-58,-40,0,0,0,0,0,0,0,0,0,0,0,0
0,1,1,21060,242,-14,-42,0,0,0,0,0,0,0,0,0,0,0,1
0,0,0,2360,16,-54,-71,0,0,0,0,0,0,0,0,0,0,0,0
0,1,1,21000,483,40,28,1,1,1,0,0,0,0,0,0,200,200,0
0,0,0,4190,25,22,-38,0,0,0,0,0,0,0,0,0,0,0,0
1,0,1,58850,679,113,-20,0,3,3,0,0,0,0,0,0,1300,800,1
0,2,1,151920,1132,255,71,1,2,1,0,1,0,0,0,0,20300,20000,0
0,0,1,26280,404,-13,-18,0,0,0,0,0,0,0,0,0,0,0,0
1,0,1,41060,555,30,27,0,0,0,0,0,0,0,0,0,0,0,0
0,1,1,8720,175,-48,-31,0,0,0,0,0,0,0,0,0,0,0,0
1,1,1,13360,383,-59,-61,0,0,0,0,0,0,0,0,0,0,0,0
0,0,0,7120,227,-23,2,0,0,0,0,0,0,0,0,0,0,0,0
0,1,0,19040,50,7,0,0,0,0,0,0,0,0,0,0,0,0,0
0,1,1,763520,2079,5,36,1,0,0,0,0,0,0,0,0,0,0,0
0,0,1,29150,259,0,18,0,1,1,0,0,0,0,0,0,600,600,1
0,0,0,2920,20,-7,-50,0,0,0,0,0,0,0,0,0,0,0,0
1,0,1,394660,1764,-2,8,0,3,1,1,1,0,0,0,0,35900,30000,1
1,0,1,17320,586,-17,-6,0,0,0,0,0,0,0,0,0,0,0,0
0,0,1,478520,1493,-1,-47,0,4,3,1,0,0,0,0,0,4300,3000,0
1,0,1,70980,1157,161,37,0,2,0,2,0,0,0,0,0,10000,6000,0
0,1,1,14770,241,-19,-24,0,0,0,0,0,0,0,0,0,0,0,0
0,0,0,2260,17,-29,-58,0,0,0,0,0,0,0,0,0,0,0,0
0,1,0,348780,723,-23,4,0,1,1,0,0,0,0,0,0,300,300,0
1,0,1,26630,785,25,27,0,0,0,0,0,0,0,0,0,0,0,0
0,1,1,836500,2313,55,19,0,4,0,4,0,0,0,0,0,19000,9000,1
1,0,1,36870,579,163,119,0,1,0,1,0,0,0,0,0,5000,5000,0
0,0,0,4490,35,-78,-73,0,0,0,0,0,0,0,0,0,0,0,0
0,1,0,66510,215,93,50,1,1,1,0,0,0,0,0,0,300,300,0
0,0,0,251120,624,1,1,0,0,0,0,0,0,0,0,0,0,0,0
0,1,0,4560,112,-63,-54,0,0,0,0,0,0,0,0,0,0,0,0
0,0,0,5890,301,-43,-13,0,0,0,0,0,0,0,0,0,0,0,0
0,0,1,8450,121,-63,-70,0,0,0,0,0,0,0,0,0,0,0,0
0,0,1,31430,484,-10,-11,0,0,0,0,0,0,0,0,0,0,0,0
0,0,0,26800,94,-18,-49,0,1,0,1,0,0,0,0,0,3000,3000,0
0,0,0,10850,131,55,49,0,0,0,0,0,0,0,0,0,0,0,0
1,0,0,7220,218,-29,16,0,0,0,0,0,0,0,0,0,0,0,0
0,0,0,1330,54,-88,-76,0,0,0,0,0,0,0,0,0,0,0,0
0,0,0,11330,246,-9,-2,0,0,0,0,0,0,0,0,0,0,0,0
0,1,1,691310,1416,-14,-6,0,0,0,0,0,0,0,0,0,0,0,0
0,2,1,71540,608,80,-1,2,2,0,2,0,0,0,0,0,4000,2000,0
1,0,1,47840,594,106,27,0,0,0,0,0,0,0,0,0,0,0,0
1,0,1,480250,2368,-42,13,0,2,0,1,1,0,0,0,0,34000,30000,0
0,0,1,45940,702,67,45,0,0,0,0,0,0,0,0,0,0,0,0
1,1,1,34820,550,16,6,0,0,0,0,0,0,0,0,0,0,0,0
1,0,0,11190,245,10,31,0,0,0,0,0,0,0,0,0,0,0,0
0,1,1,19340,218,18,-19,0,1,0,1,0,0,0,0,0,3000,3000,0
0,1,0,29650,93,-51,-20,0,0,0,0,0,0,0,0,0,0,0,0
0,0,1,182210,1766,63,63,0,6,1,5,0,0,0,0,0,17800,7000,0
1,1,0,20340,271,16,93,0,2,0,1,0,1,0,0,0,202000,200000,0
0,0,1,18370,486,18,72,0,0,0,0,0,0,0,0,0,0,0,0
0,0,0,72780,269,-48,-52,0,1,0,1,0,0,0,0,0,3000,3000,0
0,0,0,3510,27,-22,-35,0,0,0,0,0,0,0,0,0,0,0,0
0,0,0,4720,26,73,-35,0,0,0,0,0,0,0,0,0,0,0,0
0,0,1,474770,1512,-32,-14,0,0,0,0,0,0,0,0,0,0,0,0
0,0,1,23310,242,-2,-53,0,1,1,0,0,0,0,0,0,700,700,0
1,0,1,10220,408,-62,-14,0,0,0,0,0,0,0,0,0,0,0,0
0,0,1,17050,404,-2,-30,0,1,1,0,0,0,0,0,0,700,700,0
0,0,1,86740,486,17,25,0,2,0,2,0,0,0,0,0,9000,7000,0
0,0,1,64920,690,103,7,0,1,0,1,0,0,0,0,0,1000,1000,0
0,0,1,44960,643,19,56,0,4,1,3,0,0,0,0,0,14400,9000,0
0,1,0,1020,10,-81,-82,0,0,0,0,0,0,0,0,0,0,0,0
0,0,0,42300,55,37,-10,0,1,0,1,0,0,0,0,0,4000,4000,0
0,1,1,10980,327,-16,0,1,0,0,0,0,0,0,0,0,0,0,0
0,0,1,55730,387,-89,-87,0,3,2,1,0,0,0,0,0,9600,8000,1
0,1,0,18400,46,-68,-60,0,0,0,0,0,0,0,0,0,0,0,0
0,0,0,7340,213,-19,-28,0,0,0,0,0,0,0,0,0,0,0,0
0,1,1,59840,696,124,7,0,2,1,1,0,0,0,0,0,6300,6000,1
0,0,1,129190,278,47,67,0,4,1,3,0,0,0,0,0,13500,8000,0
0,0,1,259110,1409,-11,46,0,1,1,0,0,0,0,0,0,900,900,0
1,1,1,43780,529,168,84,0,1,0,1,0,0,0,0,0,1000,1000,0
0,0,0,2810,7,15,-82,0,0,0,0,0,0,0,0,0,0,0,0
0,0,1,70740,154,-50,-36,0,0,0,0,0,0,0,0,0,0,0,0
0,1,1,3590,203,-69,-60,0,0,0,0,0,0,0,0,0,0,0,0
0,0,1,26130,220,-46,-27,0,2,1,1,0,0,0,0,0,2200,2000,0
1,1,1,30220,592,6,-6,1,1,1,0,0,0,0,0,0,100,100,0
1,1,1,45680,1276,84,92,0,1,1,0,0,0,0,0,0,500,500,0
0,0,1,33560,590,194,111,0,0,0,0,0,0,0,0,0,0,0,0
0,1,1,107250,168,43,-8,0,0,0,0,0,0,0,0,0,0,0,0
0,1,1,14570,326,-8,-18,0,0,0,0,0,0,0,0,0,0,0,0
1,1,1,18490,451,-34,-4,0,0,0,0,0,0,0,0,0,0,0,0
0,0,0,1970,17,-14,-58,0,0,0,0,0,0,0,0,0,0,0,0
1,0,1,57010,535,144,14,0,1,1,0,0,0,0,0,0,600,600,0
1,1,1,26370,524,73,119,0,1,0,0,1,0,0,0,0,30000,30000,0
1,1,1,68970,624,71,94,0,5,2,2,1,0,0,0,0,34400,20000,1
0,2,0,24940,543,226,129,2,2,1,1,0,0,0,0,0,2500,2000,0
1,1,1,48950,744,67,53,0,0,0,0,0,0,0,0,0,0,0,0
0,0,0,2570,10,18,-75,0,0,0,0,0,0,0,0,0,0,0,0
0,0,1,76490,1203,484,367,1,0,0,0,0,0,0,0,0,0,0,0
0,0,0,2970,19,0,-52,0,0,0,0,0,0,0,0,0,0,0,0
0,0,0,13610,262,46,-19,0,0,0,0,0,0,0,0,0,0,0,0
1,1,1,28360,781,7,68,1,0,0,0,0,0,0,0,0,0,0,0
0,0,1,33310,274,-30,-27,0,6,3,3,0,0,0,0,0,6800,3000,0
1,0,1,31770,231,2,-3,0,3,1,2,0,0,0,0,0,10400,8000,0
1,0,1,29500,794,119,106,0,0,0,0,0,0,0,0,0,0,0,1
1,1,1,21950,375,-24,-15,0,1,0,1,0,0,0,0,0,2000,2000,0
1,1,1,30150,691,13,52,0,0,0,0,0,0,0,0,0,0,0,0
0,0,1,44080,339,-22,11,0,2,1,1,0,0,0,0,0,3700,3000,0
0,0,0,26510,106,-55,-60,0,0,0,0,0,0,0,0,0,0,0,0
0,1,0,4650,104,-62,-57,0,0,0,0,0,0,0,0,0,0,0,0
1,0,1,542890,1623,-51,-14,0,3,0,2,1,0,0,0,0,25000,20000,0
1,0,1,19640,302,-16,-36,0,0,0,0,0,0,0,0,0,0,0,0
1,0,1,16450,378,-48,-16,0,0,0,0,0,0,0,0,0,0,0,0
1,0,1,993080,3023,49,56,0,3,1,0,2,0,0,0,0,70800,40000,1
0,0,0,10100,23,-82,-75,0,0,0,0,0,0,0,0,0,0,0,0
1,0,1,833660,2493,22,32,0,4,2,2,0,0,0,0,0,11000,6000,0
0,0,1,178220,371,13,7,0,2,2,0,0,0,0,0,0,800,400,0
1,0,1,7340,166,-53,-54,0,0,0,0,0,0,0,0,0,0,0,0
0,0,0,22200,685,153,130,0,1,0,1,0,0,0,0,0,3000,3000,0
0,0,1,951410,1332,98,-7,0,0,0,0,0,0,0,0,0,0,0,0
0,0,0,7160,182,-13,-34,0,0,0,0,0,0,0,0,0,0,0,0
0,1,1,12900,201,-50,-59,0,0,0,0,0,0,0,0,0,0,0,0
1,0,1,15650,316,-52,-28,0,0,0,0,0,0,0,0,0,0,0,0
0,0,0,16410,32,51,-20,0,0,0,0,0,0,0,0,0,0,0,0
0,0,0,3310,17,33,-58,0,0,0,0,0,0,0,0,0,0,0,0
0,0,0,114540,488,-23,0,0,2,0,2,0,0,0,0,0,8000,5000,0
0,1,1,25080,244,62,12,0,2,1,1,0,0,0,0,0,9500,9000,0
1,0,1,645750,2035,7,6,0,4,1,1,2,0,0,0,0,63800,40000,0
0,1,0,13060,81,96,-18,0,0,0,0,0,0,0,0,0,0,0,0
0,0,0,3610,154,-67,-55,0,0,0,0,0,0,0,0,0,0,0,0
0,1,0,9450,325,0,3,0,0,0,0,0,0,0,0,0,0,0,0
1,0,1,90650,2005,135,86,0,2,0,2,0,0,0,0,0,4000,3000,0
0,0,1,122640,979,10,21,0,6,4,2,0,0,0,0,0,9200,6000,1
1,1,1,93280,747,273,49,0,3,0,2,1,0,0,0,0,16000,10000,0
1,1,0,19640,556,-21,-11,1,0,0,0,0,0,0,0,0,0,0,0
0,0,0,3380,262,-68,-30,0,0,0,0,0,0,0,0,0,0,0,0
0,1,1,211440,403,24,38,0,4,2,2,0,0,0,0,0,7300,4000,0
1,1,1,74960,1471,124,60,1,1,0,0,1,0,0,0,0,10000,10000,0
0,0,1,27870,238,-6,-5,0,0,0,0,0,0,0,0,0,0,0,0
0,0,1,17800,436,58,56,0,0,0,0,0,0,0,0,0,0,0,0
0,0,0,5550,44,-31,-12,0,2,1,1,0,0,0,0,0,4300,4000,0
0,0,1,1256570,3289,86,88,0,3,2,1,0,0,0,0,0,6200,5000,0
0,0,1,20570,346,-7,-6,0,0,0,0,0,0,0,0,0,0,0,0
0,1,0,2960,49,-62,-34,0,0,0,0,0,0,0,0,0,0,0,0
0,0,1,8210,351,-52,-37,0,0,0,0,0,0,0,0,0,0,0,0
0,0,1,41410,630,38,29,0,0,0,0,0,0,0,0,0,0,0,0
0,2,1,43730,832,10,35,2,0,0,0,0,0,0,0,0,0,0,0
0,0,1,298230,916,9,-2,0,0,0,0,0,0,0,0,0,0,0,0
0,0,0,13960,36,-85,-74,0,0,0,0,0,0,0,0,0,0,0,0
0,0,1,14070,504,25,81,0,0,0,0,0,0,0,0,0,0,0,0
1,0,1,22090,174,-47,-54,0,4,1,3,0,0,0,0,0,8800,5000,0
1,0,1,44980,597,45,19,0,0,0,0,0,0,0,0,0,0,0,0
1,1,1,690550,3915,28,29,0,3,1,1,1,0,0,0,0,34400,30000,1
0,0,1,620720,1789,17,23,0,0,0,0,0,0,0,0,0,0,0,0
0,0,0,8750,47,-80,-75,0,0,0,0,0,0,0,0,0,0,0,0
1,1,1,45520,1214,177,164,1,0,0,0,0,0,0,0,0,0,0,0
0,1,1,936850,1737,24,17,0,2,1,1,0,0,0,0,0,2600,2000,0
0,0,1,42220,382,29,-9,0,1,0,1,0,0,0,0,0,8000,8000,0
0,0,1,23190,368,-22,-27,0,0,0,0,0,0,0,0,0,0,0,0
0,0,0,74570,308,-41,-35,0,2,0,2,0,0,0,0,0,4000,3000,0
0,0,1,61200,625,116,34,0,0,0,0,0,0,0,0,0,0,0,0
0,0,0,6390,138,-29,-36,0,0,0,0,0,0,0,0,0,0,0,0
0,1,1,532290,2055,-4,-19,0,2,0,2,0,0,0,0,0,4000,2000,0
0,0,1,24100,197,16,-45,0,0,0,0,0,0,0,0,0,0,0,0
0,0,1,105160,284,34,66,0,1,0,1,0,0,0,0,0,6000,6000,0
1,0,0,5920,82,-94,-85,0,0,0,0,0,0,0,0,0,0,0,0
1,0,1,11390,233,-66,-55,0,0,0,0,0,0,0,0,0,0,0,0
1,0,1,54920,801,102,70,0,1,1,0,0,0,0,0,0,200,200,0
0,0,0,3430,23,27,-42,0,0,0,0,0,0,0,0,0,0,0,0
1,1,1,75890,1742,315,245,1,1,0,1,0,0,0,0,0,1000,1000,0
0,0,1,14580,308,-42,-38,0,0,0,0,0,0,0,0,0,0,0,0
1,1,1,60140,800,267,181,0,2,0,2,0,0,0,0,0,3000,2000,0
1,1,1,9090,511,-51,4,0,0,0,0,0,0,0,0,0,0,0,0
0,1,0,13120,19,-73,-81,0,0,0,0,0,0,0,0,0,0,0,0
1,1,0,4600,105,-63,-58,0,0,0,0,0,0,0,0,0,0,0,0
0,1,0,10920,136,58,-16,0,1,1,0,0,0,0,0,0,200,200,0
0,1,0,9350,44,-20,10,0,0,0,0,0,0,0,0,0,0,0,0
0,1,1,34360,604,40,44,0,0,0,0,0,0,0,0,0,0,0,0
1,2,1,84510,1049,87,51,1,1,1,0,0,0,0,0,0,200,200,0
0,1,0,7780,291,-17,-7,0,0,0,0,0,0,0,0,0,0,0,0
0,1,0,49410,74,-33,-69,0,2,0,2,0,0,0,0,0,6000,3000,0
1,1,1,25180,592,39,24,0,0,0,0,0,0,0,0,0,0,0,0
0,1,1,309010,983,15,38,1,2,1,1,0,0,0,0,0,1800,1000,0
0,1,1,38360,759,29,83,0,1,0,1,0,0,0,0,0,7000,7000,0
0,0,0,3530,27,30,-32,0,0,0,0,0,0,0,0,0,0,0,0
0,1,0,4030,127,-13,48,1,0,0,0,0,0,0,0,0,0,0,0
1,0,0,8170,119,-20,-37,0,1,0,1,0,0,0,0,0,2000,2000,0
0,0,1,120690,150,-18,-43,0,0,0,0,0,0,0,0,0,0,0,0
0,0,0,7370,110,-63,-46,0,0,0,0,0,0,0,0,0,0,0,0
0,0,0,5770,45,-86,-89,0,1,0,1,0,0,0,0,0,2000,2000,0
0,0,0,1400,51,-88,-78,0,0,0,0,0,0,0,0,0,0,0,0
0,1,1,22820,311,-25,-51,0,0,0,0,0,0,0,0,0,0,0,0
1,1,1,15210,527,-64,-56,0,0,0,0,0,0,0,0,0,0,0,0
0,0,1,11740,278,-47,-25,0,0,0,0,0,0,0,0,0,0,0,0
1,1,0,32410,1205,252,295,1,0,0,0,0,0,0,0,0,0,0,0
0,0,0,7290,185,-20,0,0,0,0,0,0,0,0,0,0,0,0,1
1,1,0,301550,922,32,66,0,1,0,1,0,0,0,0,0,3000,3000,0
0,1,1,15030,484,-5,22,0,0,0,0,0,0,0,0,0,0,0,0
0,1,0,22890,81,-63,-58,0,0,0,0,0,0,0,0,0,0,0,0
0,1,0,9860,324,7,46,0,0,0,0,0,0,0,0,0,0,0,0
0,1,1,20760,326,-32,-49,0,0,0,0,0,0,0,0,0,0,0,0
1,0,1,28500,446,-1,-1,0,0,0,0,0,0,0,0,0,0,0,0
0,0,1,11570,166,-46,-56,0,0,0,0,0,0,0,0,0,0,0,0
0,1,1,140090,380,-40,-46,0,0,0,0,0,0,0,0,0,0,0,0
0,1,0,59060,264,65,85,1,1,0,1,0,0,0,0,0,6000,6000,0
1,1,0,10110,531,-2,51,0,0,0,0,0,0,0,0,0,0,0,0
1,1,1,176830,1297,54,56,0,5,2,2,1,0,0,0,0,36200,30000,0
0,1,1,34230,551,15,33,0,1,0,1,0,0,0,0,0,2000,2000,0
1,1,1,24950,344,-7,-21,0,1,1,0,0,0,0,0,0,300,300,0
0,1,1,197620,406,19,-16,0,0,0,0,0,0,0,0,0,0,0,0
0,0,0,32070,138,-36,-23,0,0,0,0,0,0,0,0,0,0,0,0
1,0,0,16380,736,63,112,0,0,0,0,0,0,0,0,0,0,0,0
1,0,1,9360,157,-69,-68,0,0,0,0,0,0,0,0,0,0,0,0
1,1,1,32180,934,44,57,0,1,1,0,0,0,0,0,0,400,400,0
0,0,1,28350,467,-19,-15,0,0,0,0,0,0,0,0,0,0,0,0
0,0,1,14650,325,-56,-40,0,1,1,0,0,0,0,0,0,300,300,0
0,0,1,373180,1246,-32,-14,0,1,0,1,0,0,0,0,0,2000,2000,0
0,0,1,13830,145,-58,-51,0,3,2,1,0,0,0,0,0,3900,3000,0
0,1,1,21520,477,-32,-5,0,0,0,0,0,0,0,0,0,0,0,0
0,1,1,35940,609,28,-6,1,0,0,0,0,0,0,0,0,0,0,0
0,0,1,37270,293,-31,-23,0,3,1,2,0,0,0,0,0,6200,4000,0
1,0,1,206610,1421,-7,1,0,2,1,1,0,0,0,0,0,4200,4000,1
0,0,0,8390,33,262,-65,0,0,0,0,0,0,0,0,0,0,0,0
1,0,1,22840,842,146,311,1,0,0,0,0,0,0,0,0,0,0,0
0,0,0,1650,46,-37,15,0,0,0,0,0,0,0,0,0,0,0,0
0,0,1,64990,802,77,32,0,1,0,1,0,0,0,0,0,4000,4000,0
0,0,1,716630,1677,-8,14,0,2,2,0,0,0,0,0,0,700,500,0
0,1,1,56350,999,26,19,0,2,2,0,0,0,0,0,0,1000,800,0
0,0,1,23170,348,-18,-25,0,0,0,0,0,0,0,0,0,0,0,0
0,0,0,8380,234,-9,6,0,0,0,0,0,0,0,0,0,0,0,0
0,0,0,8810,262,-27,6,0,0,0,0,0,0,0,0,0,0,0,0
1,1,0,32600,880,224,153,0,2,1,0,1,0,0,0,0,60500,60000,0
1,0,1,29370,694,0,40,0,0,0,0,0,0,0,0,0,0,0,0
0,1,1,121870,935,-15,-26,0,2,2,0,0,0,0,0,0,900,500,0
1,0,1,5890,166,-60,-56,0,0,0,0,0,0,0,0,0,0,0,0
0,0,1,446210,1030,-40,-32,0,0,0,0,0,0,0,0,0,0,0,0
1,0,1,44600,591,64,75,0,1,0,1,0,0,0,0,0,2000,2000,0
1,0,1,347400,1684,-28,-22,0,2,0,1,1,0,0,0,0,31000,30000,0
0,1,1,148160,1282,1,0,0,2,2,0,0,0,0,0,0,1300,900,0
1,1,1,54860,989,233,115,1,0,0,0,0,0,0,0,0,0,0,0
0,1,0,12270,24,-52,-62,0,0,0,0,0,0,0,0,0,0,0,0
1,0,0,2600,116,-76,-40,0,0,0,0,0,0,0,0,0,0,0,0
0,1,0,6330,327,-33,4,0,0,0,0,0,0,0,0,0,0,0,0
0,0,1,118860,1122,4,2,0,0,0,0,0,0,0,0,0,0,0,0
0,0,1,285750,791,1,-19,0,0,0,0,0,0,0,0,0,0,0,0
0,0,0,23220,112,-53,-45,0,0,0,0,0,0,0,0,0,0,0,0
0,0,1,9710,248,-72,-57,0,0,0,0,0,0,0,0,0,0,0,0
0,0,0,5310,49,-88,-89,0,0,0,0,0,0,0,0,0,0,0,0
0,1,0,21780,944,136,209,0,0,0,0,0,0,0,0,0,0,0,0
0,1,1,10130,133,-67,-32,0,1,0,1,0,0,0,0,0,2000,2000,0
1,0,1,44330,485,27,-10,0,0,0,0,0,0,0,0,0,0,0,0
0,0,1,28500,337,-26,-22,0,1,1,0,0,0,0,0,0,400,400,0
1,1,1,45330,648,72,40,1,2,2,0,0,0,0,0,0,900,600,1
1,0,1,21660,433,-30,-14,0,0,0,0,0,0,0,0,0,0,0,0
0,1,1,14000,286,-59,-48,0,0,0,0,0,0,0,0,0,0,0,0
0,1,1,23040,392,-10,-22,0,0,0,0,0,0,0,0,0,0,0,0
0,0,1,25680,515,-14,2,0,0,0,0,0,0,0,0,0,0,0,0
0,0,0,11440,121,-68,-37,0,0,0,0,0,0,0,0,0,0,0,0
1,0,0,2940,123,-72,-68,0,0,0,0,0,0,0,0,0,0,0,0
0,0,1,35800,341,16,38,0,0,0,0,0,0,0,0,0,0,0,0
0,0,0,5130,115,-55,-49,0,0,0,0,0,0,0,0,0,0,0,0
0,0,1,34390,646,6,22,0,0,0,0,0,0,0,0,0,0,0,0
0,0,1,48630,126,-48,-35,0,0,0,0,0,0,0,0,0,0,0,0
0,1,1,61770,1062,31,90,0,6,2,4,0,0,0,0,0,10800,6000,1
1,1,1,54610,527,95,84,0,6,1,5,0,0,0,0,0,14700,4000,1
0,0,0,10250,177,-18,-29,0,0,0,0,0,0,0,0,0,0,0,0
0,1,0,21730,56,37,18,0,0,0,0,0,0,0,0,0,0,0,0
0,0,1,26400,510,13,9,0,0,0,0,0,0,0,0,0,0,0,0
0,0,0,9840,217,-6,6,0,1,0,0,1,0,0,0,0,10000,10000,0
0,0,0,5780,163,-36,-25,0,0,0,0,0,0,0,0,0,0,0,0
0,0,1,149050,697,-54,-35,0,1,0,1,0,0,0,0,0,6000,6000,0
0,0,1,41740,331,37,29,0,2,2,0,0,0,0,0,0,1100,700,0
1,1,1,51910,495,57,73,1,0,0,0,0,0,0,0,0,0,0,0
1,0,1,37560,493,149,61,0,1,1,0,0,0,0,0,0,200,200,0
1,0,0,12150,118,-52,-36,0,1,0,1,0,0,0,0,0,3000,3000,0
0,0,0,7460,240,-28,-32,0,0,0,0,0,0,0,0,0,0,0,0
0,0,1,12400,402,9,44,0,0,0,0,0,0,0,0,0,0,0,0
0,0,0,7590,20,-31,-50,0,0,0,0,0,0,0,0,0,0,0,0
0,0,0,40210,193,-71,-59,0,1,0,1,0,0,0,0,0,5000,5000,0
1,0,1,71360,827,143,67,0,2,1,1,0,0,0,0,0,4700,4000,0
0,0,1,32210,510,147,95,0,1,1,0,0,0,0,0,0,600,600,0
0,1,1,328050,707,51,0,0,1,1,0,0,0,0,0,0,200,200,0
0,1,0,8110,29,-33,-28,0,0,0,0,0,0,0,0,0,0,0,0
0,0,1,29990,203,-55,-75,0,3,1,2,0,0,0,0,0,9400,6000,0
0,0,1,71080,767,88,94,0,5,3,2,0,0,0,0,0,4600,2000,1
1,1,0,6890,204,-34,-46,1,0,0,0,0,0,0,0,0,0,0,0
0,0,0,3100,184,-72,-47,0,0,0,0,0,0,0,0,0,0,0,0
0,1,0,9870,363,8,16,0,1,0,1,0,0,0,0,0,8000,8000,0
0,0,1,73930,94,-55,-76,0,1,0,1,0,0,0,0,0,1000,1000,0
0,0,1,270040,717,10,-14,0,2,2,0,0,0,0,0,0,800,500,0
0,0,0,6220,76,-26,-65,0,0,0,0,0,0,0,0,0,0,0,0
1,0,1,9820,167,-60,-58,0,0,0,0,0,0,0,0,0,0,0,0
1,1,0,6660,153,-35,-58,1,0,0,0,0,0,0,0,0,0,0,0
1,0,1,19220,149,-34,-33,0,6,2,4,0,0,0,0,0,10700,5000,0
0,0,0,87740,357,-30,-24,0,0,0,0,0,0,0,0,0,0,0,0
0,0,0,14810,45,41,12,0,0,0,0,0,0,0,0,0,0,0,0
0,1,0,7130,105,134,142,1,0,0,0,0,0,0,0,0,0,0,0
0,0,1,4150,262,-64,-49,0,0,0,0,0,0,0,0,0,0,0,0
0,0,1,1367850,3137,-15,5,0,1,0,1,0,0,0,0,0,1000,1000,0
1,0,1,59410,1552,59,48,0,2,2,0,0,0,0,0,0,900,600,0
1,0,0,6450,112,-38,-71,0,0,0,0,0,0,0,0,0,0,0,0
0,1,0,5250,66,-49,36,0,0,0,0,0,0,0,0,0,0,0,0
0,0,0,950,4,-40,-90,0,0,0,0,0,0,0,0,0,0,0,0
0,0,0,6460,27,-37,-32,0,0,0,0,0,0,0,0,0,0,0,0
0,1,1,17610,228,5,-13,0,0,0,0,0,0,0,0,0,0,0,0
1,0,1,35130,859,65,38,0,0,0,0,0,0,0,0,0,0,0,0
1,0,1,21200,794,-43,-24,0,1,1,0,0,0,0,0,0,200,200,0
0,1,0,15050,52,-61,-38,0,0,0,0,0,0,0,0,0,0,0,0
0,1,1,15740,278,8,-24,1,1,0,1,0,0,0,0,0,3000,3000,0
1,1,1,62860,596,154,31,1,3,3,0,0,0,0,0,0,1300,500,0
0,0,1,19630,295,-40,-11,0,3,2,1,0,0,0,0,0,8300,7000,0
0,0,1,45080,468,3,-6,0,3,2,1,0,0,0,0,0,2000,1000,0
0,0,0,9920,221,37,36,0,0,0,0,0,0,0,0,0,0,0,0
1,1,1,17960,780,-38,0,1,0,0,0,0,0,0,0,0,0,0,0
1,0,1,464220,1808,16,10,0,2,1,0,1,0,0,0,0,40700,40000,0
0,1,1,36770,657,25,57,0,1,0,1,0,0,0,0,0,1000,1000,0
0,1,1,39410,1146,12,9,0,1,0,1,0,0,0,0,0,3000,3000,0
0,0,1,481630,1678,-10,17,0,0,0,0,0,0,0,0,0,0,0,0
1,0,0,3610,107,-65,-72,0,0,0,0,0,0,0,0,0,0,0,0
1,1,0,16470,661,60,88,0,0,0,0,0,0,0,0,0,0,0,0
1,0,1,110510,708,-58,-58,0,4,2,1,1,0,0,0,0,44200,40000,0
1,1,1,35290,754,-16,-36,0,0,0,0,0,0,0,0,0,0,0,0
0,1,1,140610,254,-20,-17,1,1,1,0,0,0,0,0,0,800,800,0
0,1,1,64380,844,94,57,0,4,3,1,0,0,0,0,0,4200,3000,1
0,0,1,94190,2191,161,117,0,5,2,1,2,0,0,0,0,116500,90000,0
0,1,0,8190,325,-13,3,0,0,0,0,0,0,0,0,0,0,0,0
0,0,0,1380,56,-49,40,0,0,0,0,0,0,0,0,0,0,0,0
0,1,1,37110,484,17,-3,0,1,0,1,0,0,0,0,0,1000,1000,0
0,1,1,12980,436,-13,16,1,0,0,0,0,0,0,0,0,0,0,0
0,0,0,9660,511,-4,47,0,0,0,0,0,0,0,0,0,0,0,0
1,0,1,9050,436,-10,1,0,0,0,0,0,0,0,0,0,0,0,0
0,0,1,372380,1264,-26,-9,0,0,0,0,0,0,0,0,0,0,0,0
0,1,1,273200,2387,89,71,0,2,1,1,0,0,0,0,0,3400,3000,0
0,0,0,31540,121,-32,-30,0,0,0,0,0,0,0,0,0,0,0,0
0,0,1,24790,236,-31,-17,0,1,1,0,0,0,0,0,0,600,600,0
1,1,1,21300,257,33,10,0,0,0,0,0,0,0,0,0,0,0,0
1,1,0,10370,134,-44,-6,0,3,1,2,0,0,0,0,0,6300,4000,1
0,1,1,22990,395,-8,-12,0,0,0,0,0,0,0,0,0,0,0,0
1,0,1,91420,774,-61,-49,0,4,1,3,0,0,0,0,0,12700,9000,1
1,0,1,35300,816,-9,-24,0,0,0,0,0,0,0,0,0,0,0,0
0,0,1,7000,131,-40,-56,0,1,0,1,0,0,0,0,0,1000,1000,0
0,1,1,111950,997,-8,-13,0,4,3,1,0,0,0,0,0,4400,3000,0
0,0,1,19240,370,-43,-31,0,0,0,0,0,0,0,0,0,0,0,0
0,0,0,6320,32,11,-38,0,1,0,1,0,0,0,0,0,4000,4000,0
0,1,1,14830,492,-21,-2,0,0,0,0,0,0,0,0,0,0,0,0
0,0,0,12070,296,0,20,0,1,1,0,0,0,0,0,0,100,100,0
1,0,1,32490,595,-7,7,0,0,0,0,0,0,0,0,0,0,0,0
1,1,1,32500,873,97,90,1,1,1,0,0,0,0,0,0,300,300,0
0,2,1,27950,702,-31,10,2,0,0,0,0,0,0,0,0,0,0,0
1,0,1,47010,375,57,63,0,4,2,1,0,1,0,0,0,204400,200000,0
0,1,1,15930,177,-57,-29,0,2,1,1,0,0,0,0,0,2600,2000,0
0,1,1,26860,458,244,153,0,0,0,0,0,0,0,0,0,0,0,0
1,0,0,23670,721,153,140,0,1,1,0,0,0,0,0,0,300,300,0
0,0,0,3130,25,6,-38,0,0,0,0,0,0,0,0,0,0,0,0
1,0,1,20660,335,-42,-39,0,1,1,0,0,0,0,0,0,200,200,0
1,0,1,1699290,3425,21,36,0,1,0,0,1,0,0,0,0,50000,50000,0
0,2,1,83180,744,-32,-19,0,3,1,2,0,0,0,0,0,14600,9000,1
1,0,1,31620,520,-9,-4,0,0,0,0,0,0,0,0,0,0,0,0
0,1,1,29800,627,12,-4,0,0,0,0,0,0,0,0,0,0,0,0
0,1,1,5680,210,-66,-20,0,0,0,0,0,0,0,0,0,0,0,0
0,0,1,918020,1759,-36,-34,0,2,0,2,0,0,0,0,0,5000,3000,0
1,0,1,26330,386,13,-18,0,0,0,0,0,0,0,0,0,0,0,0
1,0,1,8610,79,-74,-69,0,1,0,1,0,0,0,0,0,5000,5000,0
0,1,0,5690,100,-53,-59,0,0,0,0,0,0,0,0,0,0,0,0
1,1,1,34620,661,18,36,0,0,0,0,0,0,0,0,0,0,0,0
0,0,0,5990,53,-42,-64,0,0,0,0,0,0,0,0,0,0,0,0
1,0,1,27480,441,-21,-18,0,1,0,1,0,0,0,0,0,4000,4000,0
0,0,0,73030,240,25,7,0,0,0,0,0,0,0,0,0,0,0,0
1,0,1,56940,769,72,48,0,1,0,0,1,0,0,0,0,40000,40000,0
0,1,1,13930,423,-26,-32,0,0,0,0,0,0,0,0,0,0,0,0
0,1,0,12520,321,37,3,0,0,0,0,0,0,0,0,0,0,0,0
0,0,0,75930,305,-38,-27,0,1,0,1,0,0,0,0,0,6000,6000,0
1,1,1,17730,568,-1,24,0,0,0,0,0,0,0,0,0,0,0,0
0,0,0,71840,255,54,28,0,1,0,1,0,0,0,0,0,6000,6000,0
0,1,1,32660,290,31,-42,0,0,0,0,0,0,0,0,0,0,0,0
0,1,1,42930,341,54,-11,0,5,2,3,0,0,0,0,0,6200,3000,0
0,1,1,28520,483,-19,5,1,3,3,0,0,0,0,0,0,1700,700,1
1,0,1,25090,383,78,30,0,0,0,0,0,0,0,0,0,0,0,0
0,0,0,18250,67,95,68,0,0,0,0,0,0,0,0,0,0,0,0
1,0,1,55890,1204,-3,34,0,5,0,2,3,0,0,0,0,149000,80000,0
1,0,0,6970,154,-33,-25,0,0,0,0,0,0,0,0,0,0,0,0
0,1,1,40610,672,22,25,0,0,0,0,0,0,0,0,0,0,0,0
1,1,1,742750,3037,87,85,0,4,0,4,0,0,0,0,0,18000,8000,0
0,0,1,1661100,1772,52,32,0,1,0,1,0,0,0,0,0,9000,9000,0
0,1,0,14390,329,34,36,0,0,0,0,0,0,0,0,0,0,0,0
0,1,0,26720,53,21,21,1,1,0,1,0,0,0,0,0,1000,1000,0
0,1,1,33620,762,97,77,0,1,1,0,0,0,0,0,0,700,700,0
1,0,0,11700,181,15,-4,0,0,0,0,0,0,0,0,0,0,0,0
0,0,1,157740,440,-31,-35,0,0,0,0,0,0,0,0,0,0,0,0
1,1,0,7590,233,-27,-38,1,0,0,0,0,0,0,0,0,0,0,0
1,0,0,8520,254,-32,2,0,0,0,0,0,0,0,0,0,0,0,0
0,2,1,53180,1048,34,70,2,0,0,0,0,0,0,0,0,0,0,0
0,2,1,124850,1014,191,53,1,0,0,0,0,0,0,0,0,0,0,0
0,1,0,7400,206,-31,-15,0,0,0,0,0,0,0,0,0,0,0,0
0,1,1,28960,444,14,0,0,1,1,0,0,0,0,0,0,300,300,0
1,0,0,12380,126,-56,-35,0,1,0,0,1,0,0,0,0,70000,70000,0
0,0,1,268170,1352,-41,-35,0,1,1,0,0,0,0,0,0,400,400,1
0,2,1,95180,1144,122,73,1,2,0,1,1,0,0,0,0,27000,20000,1
0,0,0,5440,126,-18,-28,0,1,1,0,0,0,0,0,0,300,300,0
1,1,0,23040,482,201,103,0,0,0,0,0,0,0,0,0,0,0,0
0,1,1,49930,1525,43,49,0,2,1,0,1,0,0,0,0,10200,10000,0
0,0,1,19370,351,-44,-38,0,0,0,0,0,0,0,0,0,0,0,0
0,0,1,1531530,1680,52,18,0,2,0,2,0,0,0,0,0,5000,3000,0
1,0,1,39100,868,36,10,0,1,0,0,1,0,0,0,0,30000,30000,0
0,0,0,53250,140,-19,-31,0,0,0,0,0,0,0,0,0,0,0,0
1,0,1,27810,265,-6,11,0,1,1,0,0,0,0,0,0,500,500,0
0,2,1,63410,767,57,21,2,1,1,0,0,0,0,0,0,600,600,0
1,1,1,46640,1439,88,116,0,0,0,0,0,0,0,0,0,0,0,1
1,0,1,32500,474,-5,10,0,1,1,0,0,0,0,0,0,700,700,0
1,0,1,401730,1329,-32,-31,0,3,2,0,1,0,0,0,0,91700,90000,1
0,1,0,7170,170,-27,-26,0,0,0,0,0,0,0,0,0,0,0,0
1,0,1,14660,229,-3,-25,0,0,0,0,0,0,0,0,0,0,0,0
1,0,1,118110,1660,-34,-15,0,1,0,1,0,0,0,0,0,2000,2000,1
0,0,1,102710,1159,-11,5,0,1,1,0,0,0,0,0,0,400,400,0
1,0,1,52360,1004,150,61,0,0,0,0,0,0,0,0,0,0,0,0
0,0,1,96760,1125,197,84,0,0,0,0,0,0,0,0,0,0,0,0
1,0,1,56550,1092,93,120,0,0,0,0,0,0,0,0,0,0,0,0
1,0,0,7460,189,-31,-2,0,0,0,0,0,0,0,0,0,0,0,0
0,0,1,424650,1069,1,7,0,2,0,2,0,0,0,0,0,6000,4000,0
0,0,0,1070,10,-64,-75,0,0,0,0,0,0,0,0,0,0,0,0
0,1,1,20610,670,-41,-36,0,0,0,0,0,0,0,0,0,0,0,0
1,0,1,36530,700,27,42,0,0,0,0,0,0,0,0,0,0,0,0
1,0,1,16320,454,23,17,0,0,0,0,0,0,0,0,0,0,0,0
1,1,1,47600,763,78,68,0,0,0,0,0,0,0,0,0,0,0,0
1,0,1,38530,1232,3,18,0,1,1,0,0,0,0,0,0,700,700,0
0,1,0,68200,137,-5,-38,0,0,0,0,0,0,0,0,0,0,0,0
0,0,1,19170,430,-1,29,0,0,0,0,0,0,0,0,0,0,0,0
0,0,0,720,2,-62,-95,0,0,0,0,0,0,0,0,0,0,0,0
1,0,1,34570,446,7,2,0,2,1,1,0,0,0,0,0,3300,3000,0
1,1,1,29520,779,-28,-32,0,0,0,0,0,0,0,0,0,0,0,0
0,0,0,3390,13,55,-68,0,0,0,0,0,0,0,0,0,0,0,0
1,1,0,7400,169,-28,-54,1,0,0,0,0,0,0,0,0,0,0,0
0,0,1,15380,251,-34,-34,0,0,0,0,0,0,0,0,0,0,0,0
0,0,0,58850,236,-73,-74,0,0,0,0,0,0,0,0,0,0,0,0
0,0,0,2020,18,-76,-76,0,1,1,0,0,0,0,0,0,400,400,0
1,0,1,20860,470,180,131,0,0,0,0,0,0,0,0,0,0,0,1
1,1,1,59210,705,73,23,0,2,0,2,0,0,0,0,0,4000,2000,0
0,0,1,21060,106,-61,-82,0,0,0,0,0,0,0,0,0,0,0,0
0,0,0,7330,102,5,-42,0,0,0,0,0,0,0,0,0,0,0,0
0,1,1,32730,1209,353,506,1,0,0,0,0,0,0,0,0,0,0,0
0,0,1,32130,427,18,13,0,0,0,0,0,0,0,0,0,0,0,0
0,0,1,19740,888,103,105,0,0,0,0,0,0,0,0,0,0,0,0
1,1,1,19290,859,-51,-25,0,1,1,0,0,0,0,0,0,200,200,0
0,1,0,8780,226,-10,-1,0,0,0,0,0,0,0,0,0,0,0,0
0,0,1,36860,681,0,12,0,1,0,1,0,0,0,0,0,3000,3000,0
0,0,0,3420,14,5,-65,0,0,0,0,0,0,0,0,0,0,0,0
0,0,1,557230,1642,2,11,0,0,0,0,0,0,0,0,0,0,0,0
1,1,0,9980,145,-3,-60,1,0,0,0,0,0,0,0,0,0,0,0
0,0,1,10320,311,-65,-38,0,0,0,0,0,0,0,0,0,0,0,0
0,0,0,11390,89,47,94,0,1,1,0,0,0,0,0,0,300,300,0
0,1,0,11140,295,4,22,0,0,0,0,0,0,0,0,0,0,0,0
1,1,1,38240,410,47,-15,0,1,1,0,0,0,0,0,0,100,100,0
0,0,1,368340,1325,-28,-4,0,1,0,1,0,0,0,0,0,2000,2000,0
1,1,0,11040,316,191,181,0,0,0,0,0,0,0,0,0,0,0,0
0,0,1,27830,190,-79,-90,0,4,0,4,0,0,0,0,0,19000,8000,0
1,1,1,61310,931,274,227,1,1,0,1,0,0,0,0,0,3000,3000,0
1,1,1,21770,292,35,28,0,0,0,0,0,0,0,0,0,0,0,0
0,1,1,640820,1235,-25,-23,0,1,0,1,0,0,0,0,0,5000,5000,0
1,0,0,5500,152,-51,-1,0,2,1,0,0,0,0,0,0,250,200,0
1,1,0,23200,366,179,118,0,0,0,0,0,0,0,0,0,0,0,0
0,0,1,447360,1332,-37,-33,0,2,1,1,0,0,0,0,0,8400,8000,1
1,1,1,33430,518,105,80,0,0,0,0,0,0,0,0,0,0,0,0
0,1,0,6220,111,52,40,1,0,0,0,0,0,0,0,0,0,0,0
0,0,1,28600,601,120,130,0,0,0,0,0,0,0,0,0,0,0,0
0,0,0,1560,15,-48,-62,0,0,0,0,0,0,0,0,0,0,0,0
0,1,1,34350,462,15,5,0,0,0,0,0,0,0,0,0,0,0,1
1,1,1,27900,598,-45,-18,0,1,1,0,0,0,0,0,0,300,300,0
1,1,1,29710,473,-18,-20,0,0,0,0,0,0,0,0,0,0,0,0
0,2,1,51740,847,28,33,2,1,1,0,0,0,0,0,0,200,200,0
1,0,1,22910,629,72,62,0,0,0,0,0,0,0,0,0,0,0,0
0,1,0,4230,126,-55,-61,0,0,0,0,0,0,0,0,0,0,0,0
0,1,1,22130,390,-10,-7,0,2,1,0,1,0,0,0,0,30300,30000,0
0,0,0,3020,19,-66,-85,0,1,0,1,0,0,0,0,0,2000,2000,0
1,0,0,26510,445,155,17,0,1,1,0,0,0,0,0,0,900,900,0
0,0,1,33660,248,9,28,0,4,2,2,0,0,0,0,0,11100,8000,0
1,0,1,32310,465,31,16,0,0,0,0,0,0,0,0,0,0,0,0
1,0,1,34800,450,17,1,0,2,1,1,0,0,0,0,0,3200,3000,0
0,0,1,395110,1043,46,40,0,3,0,3,0,0,0,0,0,6000,2000,0
0,0,1,5240,18,-96,-96,0,1,1,0,0,0,0,0,0,600,600,0
1,1,1,92780,1256,173,172,1,5,2,2,1,0,0,0,0,23500,20000,1
0,0,0,75670,207,18,4,0,1,1,0,0,0,0,0,0,600,600,0
0,1,0,22930,328,88,36,0,0,0,0,0,0,0,0,0,0,0,0
0,1,1,11090,639,54,249,0,0,0,0,0,0,0,0,0,0,0,0
0,0,1,69660,362,-10,-8,0,2,2,0,0,0,0,0,0,800,500,1
0,2,0,11350,94,-87,-84,0,0,0,0,0,0,0,0,0,0,0,0
1,1,1,42390,356,-48,-7,0,3,1,2,0,0,0,0,0,6600,3000,0
0,1,1,13330,671,-64,-39,0,0,0,0,0,0,0,0,0,0,0,0
1,0,1,66320,1644,72,53,0,2,0,2,0,0,0,0,0,6000,5000,0
1,0,1,11320,514,-15,33,0,0,0,0,0,0,0,0,0,0,0,0
0,1,0,19500,678,112,122,0,0,0,0,0,0,0,0,0,0,0,0
0,0,1,8380,47,-78,-85,0,1,0,1,0,0,0,0,0,6000,6000,0
1,0,1,452730,1349,-34,-31,0,3,0,1,2,0,0,0,0,64000,30000,0
1,1,1,26750,408,8,-10,1,0,0,0,0,0,0,0,0,0,0,0
0,1,0,14670,44,23,10,0,0,0,0,0,0,0,0,0,0,0,0
1,0,1,134870,2096,-17,4,0,4,2,2,0,0,0,0,0,5100,3000,0
0,1,0,20060,57,87,12,0,0,0,0,0,0,0,0,0,0,0,0
0,0,1,75050,675,134,5,0,3,0,3,0,0,0,0,0,13000,8000,0
1,0,1,13960,293,-12,12,0,1,0,0,1,0,0,0,0,30000,30000,0
0,0,0,3540,186,62,74,0,0,0,0,0,0,0,0,0,0,0,0
1,0,1,59360,1033,107,31,0,2,1,1,0,0,0,0,0,2400,2000,1
0,0,0,7410,133,6,-20,0,0,0,0,0,0,0,0,0,0,0,0
0,0,0,5400,39,2,-2,0,0,0,0,0,0,0,0,0,0,0,0
0,1,1,11830,201,-27,-18,0,0,0,0,0,0,0,0,0,0,0,0
0,1,1,248900,739,-9,0,1,1,1,0,0,0,0,0,0,400,400,0
0,0,1,21670,132,-31,-34,0,3,2,1,0,0,0,0,0,3400,2000,0
1,1,1,17310,485,-3,6,0,0,0,0,0,0,0,0,0,0,0,0
1,1,1,23860,269,-11,-38,0,1,1,0,0,0,0,0,0,200,200,0
0,1,1,32920,363,32,-27,0,0,0,0,0,0,0,0,0,0,0,1
1,1,0,30810,591,23,-5,2,1,1,0,0,0,0,0,0,200,200,0
0,1,0,15300,29,-19,-45,0,0,0,0,0,0,0,0,0,0,0,0
1,1,1,18180,609,-47,-36,1,0,0,0,0,0,0,0,0,0,0,0
0,1,1,33540,570,-6,34,0,0,0,0,0,0,0,0,0,0,0,0
1,1,1,40280,840,284,278,0,0,0,0,0,0,0,0,0,0,0,0
1,0,1,167100,1690,-7,-6,0,1,0,1,0,0,0,0,0,7000,7000,1
1,1,1,40560,1130,82,90,0,2,2,0,0,0,0,0,0,1200,700,0
0,0,0,15400,24,-59,-69,0,1,0,1,0,0,0,0,0,1000,1000,0
0,1,1,66030,812,112,52,0,0,0,0,0,0,0,0,0,0,0,1
0,1,0,3530,131,-71,-46,0,0,0,0,0,0,0,0,0,0,0,0
0,0,0,9980,170,-54,-13,0,1,0,1,0,0,0,0,0,1000,1000,0
0,0,0,1820,55,-34,38,0,0,0,0,0,0,0,0,0,0,0,0
0,0,1,39900,573,45,19,0,1,0,0,1,0,0,0,0,40000,40000,0
0,0,1,22900,332,20,-1,0,0,0,0,0,0,0,0,0,0,0,0
1,0,0,7300,159,210,83,0,0,0,0,0,0,0,0,0,0,0,0
0,0,0,9700,216,-22,-14,0,0,0,0,0,0,0,0,0,0,0,0
0,0,1,18470,525,-46,-41,0,0,0,0,0,0,0,0,0,0,0,0
0,0,0,9430,44,-50,-17,0,0,0,0,0,0,0,0,0,0,0,0
0,0,0,5760,65,-36,-70,0,0,0,0,0,0,0,0,0,0,0,0
0,0,1,166180,448,-30,-19,0,1,1,0,0,0,0,0,0,400,400,0
0,1,0,5880,175,-40,-24,0,0,0,0,0,0,0,0,0,0,0,0
1,0,0,5520,171,-38,-8,0,0,0,0,0,0,0,0,0,0,0,0
0,0,1,49480,579,42,6,0,0,0,0,0,0,0,0,0,0,0,0
0,0,1,64290,495,34,31,0,3,1,2,0,0,0,0,0,5100,4000,0
0,0,0,76150,260,-52,-50,0,1,0,1,0,0,0,0,0,4000,4000,0
0,1,1,23710,387,-32,-31,0,1,0,1,0,0,0,0,0,1000,1000,0
0,1,0,1860,33,-78,-30,0,1,0,1,0,0,0,0,0,4000,4000,1
0,0,0,4310,29,15,-28,0,0,0,0,0,0,0,0,0,0,0,0
0,0,1,19680,411,-38,-3,0,2,0,2,0,0,0,0,0,10000,8000,0
0,1,1,12440,333,-63,-38,0,0,0,0,0,0,0,0,0,0,0,0
0,0,1,17910,86,-85,-79,0,4,0,4,0,0,0,0,0,12000,6000,0
0,1,1,20580,436,-30,4,0,0,0,0,0,0,0,0,0,0,0,0
1,1,1,27040,347,-3,-26,0,1,1,0,0,0,0,0,0,200,200,0
1,0,1,74940,360,31,15,0,2,2,0,0,0,0,0,0,500,400,0
0,0,0,6260,268,-33,-11,0,0,0,0,0,0,0,0,0,0,0,0
1,1,1,33400,749,81,52,0,0,0,0,0,0,0,0,0,0,0,0
0,0,0,3120,190,-75,-24,0,0,0,0,0,0,0,0,0,0,0,0
0,1,0,11230,27,2,-32,0,0,0,0,0,0,0,0,0,0,0,0
0,1,0,58230,279,8,27,0,0,0,0,0,0,0,0,0,0,0,0
0,0,0,590,11,-74,-72,0,0,0,0,0,0,0,0,0,0,0,0
0,0,0,8690,262,-6,18,0,0,0,0,0,0,0,0,0,0,0,0
0,0,1,13070,282,-11,-12,0,0,0,0,0,0,0,0,0,0,0,0
1,1,1,72090,1139,338,147,1,0,0,0,0,0,0,0,0,0,0,0
0,0,1,44190,696,201,129,0,1,0,1,0,0,0,0,0,2000,2000,0
0,0,0,3550,38,-89,-82,0,0,0,0,0,0,0,0,0,0,0,0
0,0,1,17710,191,-22,-52,0,0,0,0,0,0,0,0,0,0,0,0
0,0,1,32470,388,15,-17,0,1,0,0,1,0,0,0,0,80000,80000,0
1,1,1,1283710,1556,17,9,0,2,1,0,1,0,0,0,0,40600,40000,0
1,1,1,27960,591,-1,23,0,1,0,1,0,0,0,0,0,2000,2000,0
